<?xml version="1.0" encoding="UTF-8"?>
<osm version="0.6" generator="openstreetmap-cgimap 2.1.0 (1312226 spike-06.openstreetmap.org)" copyright="OpenStreetMap and contributors" attribution="http://www.openstreetmap.org/copyright" license="http://opendatacommons.org/licenses/odbl/1-0/">
 <bounds minlat="12.8996330" minlon="77.5161140" maxlat="12.9028650" maxlon="77.5205660"/>
 <node id="560643938" visible="true" version="1" changeset="3087331" timestamp="2009-11-11T03:49:27Z" user="Guillaume Audirac" uid="89411" lat="12.9028638" lon="77.5184498"/>
 <node id="560643939" visible="true" version="1" changeset="3087331" timestamp="2009-11-11T03:49:28Z" user="Guillaume Audirac" uid="89411" lat="12.9027764" lon="77.5188906"/>
 <node id="560643943" visible="true" version="2" changeset="173517165" timestamp="2025-10-20T04:22:19Z" user="Vonter" uid="3926189" lat="12.9028429" lon="77.5213181"/>
 <node id="1616397661" visible="true" version="2" changeset="12605892" timestamp="2012-08-04T07:20:33Z" user="Ashish Vijayaram" uid="83660" lat="12.9006213" lon="77.5192081"/>
 <node id="1616397669" visible="true" version="4" changeset="152078922" timestamp="2024-05-31T12:27:46Z" user="uknown-gryphus" uid="2425805" lat="12.8988477" lon="77.5188181"/>
 <node id="1616397682" visible="true" version="3" changeset="81946262" timestamp="2020-03-09T06:29:50Z" user="Ramzz06" uid="10794856" lat="12.9001089" lon="77.5190471"/>
 <node id="1644424492" visible="true" version="3" changeset="158894799" timestamp="2024-11-08T13:01:01Z" user="Vonter" uid="3926189" lat="12.9021655" lon="77.5181465"/>
 <node id="1644424531" visible="true" version="3" changeset="158894799" timestamp="2024-11-08T13:01:01Z" user="Vonter" uid="3926189" lat="12.9009027" lon="77.5178649"/>
 <node id="1644424536" visible="true" version="3" changeset="158894799" timestamp="2024-11-08T13:01:01Z" user="Vonter" uid="3926189" lat="12.9007246" lon="77.5187055"/>
 <node id="1644424540" visible="true" version="3" changeset="158894799" timestamp="2024-11-08T13:01:01Z" user="Vonter" uid="3926189" lat="12.9019874" lon="77.5189871"/>
 <node id="1644443078" visible="true" version="5" changeset="51740188" timestamp="2017-09-05T07:48:13Z" user="nyuriks" uid="339581" lat="12.9017846" lon="77.5183793">
  <tag k="addr:city" v="Bangalore"/>
  <tag k="addr:country" v="IN"/>
  <tag k="addr:housename" v="RNSIT"/>
  <tag k="addr:postcode" v="560098"/>
  <tag k="addr:street" v="Uttarahalli Kengeri Main Road"/>
  <tag k="alt_name" v="RNSIT"/>
  <tag k="amenity" v="college"/>
  <tag k="contact:fax" v="+918028611882"/>
  <tag k="contact:phone" v="+918028611880"/>
  <tag k="contact:website" v="http://rnsit.ac.in/"/>
  <tag k="name" v="RNS Institute of Technology"/>
  <tag k="source" v="Local knowledge"/>
  <tag k="wikidata" v="Q7277277"/>
  <tag k="wikipedia" v="en:RNS Institute of Technology"/>
 </node>
 <node id="1835344163" visible="true" version="3" changeset="83122163" timestamp="2020-04-06T05:33:58Z" user="VLD213" uid="10882264" lat="12.9026097" lon="77.5201885"/>
 <node id="1838767555" visible="true" version="1" changeset="12499406" timestamp="2012-07-26T13:44:15Z" user="Ashish Vijayaram" uid="83660" lat="12.9026227" lon="77.5202644"/>
 <node id="1838767557" visible="true" version="2" changeset="65555060" timestamp="2018-12-17T16:20:39Z" user="SANDHYARANI" uid="9086375" lat="12.9027233" lon="77.5192290"/>
 <node id="1838767561" visible="true" version="1" changeset="12499406" timestamp="2012-07-26T13:44:15Z" user="Ashish Vijayaram" uid="83660" lat="12.9034574" lon="77.5186013"/>
 <node id="1838767563" visible="true" version="1" changeset="12499406" timestamp="2012-07-26T13:44:15Z" user="Ashish Vijayaram" uid="83660" lat="12.9035364" lon="77.5203034"/>
 <node id="1838767568" visible="true" version="2" changeset="83122163" timestamp="2020-04-06T05:33:58Z" user="VLD213" uid="10882264" lat="12.9038737" lon="77.5193313"/>
 <node id="1838767570" visible="true" version="1" changeset="12499406" timestamp="2012-07-26T13:44:15Z" user="Ashish Vijayaram" uid="83660" lat="12.9037947" lon="77.5190009"/>
 <node id="1838767588" visible="true" version="3" changeset="83124695" timestamp="2020-04-06T06:28:04Z" user="VLD213" uid="10882264" lat="12.9041782" lon="77.5191885"/>
 <node id="1838767590" visible="true" version="1" changeset="12499406" timestamp="2012-07-26T13:44:16Z" user="Ashish Vijayaram" uid="83660" lat="12.9041843" lon="77.5190630"/>
 <node id="1838767592" visible="true" version="2" changeset="83122163" timestamp="2020-04-06T05:33:58Z" user="VLD213" uid="10882264" lat="12.9042424" lon="77.5187758"/>
 <node id="1838767598" visible="true" version="1" changeset="12499406" timestamp="2012-07-26T13:44:16Z" user="Ashish Vijayaram" uid="83660" lat="12.9043387" lon="77.5203003"/>
 <node id="1838767607" visible="true" version="1" changeset="12499406" timestamp="2012-07-26T13:44:16Z" user="Ashish Vijayaram" uid="83660" lat="12.9043719" lon="77.5191880"/>
 <node id="1851131218" visible="true" version="1" changeset="12605892" timestamp="2012-08-04T07:19:07Z" user="Ashish Vijayaram" uid="83660" lat="12.9000886" lon="77.5197815"/>
 <node id="1851131224" visible="true" version="1" changeset="12605892" timestamp="2012-08-04T07:19:07Z" user="Ashish Vijayaram" uid="83660" lat="12.9001579" lon="77.5193236"/>
 <node id="1851131226" visible="true" version="2" changeset="81946262" timestamp="2020-03-09T06:29:50Z" user="Ramzz06" uid="10794856" lat="12.9001976" lon="77.5190689"/>
 <node id="1851131326" visible="true" version="1" changeset="12605892" timestamp="2012-08-04T07:19:08Z" user="Ashish Vijayaram" uid="83660" lat="12.9005830" lon="77.5201118"/>
 <node id="1851131334" visible="true" version="1" changeset="12605892" timestamp="2012-08-04T07:19:08Z" user="Ashish Vijayaram" uid="83660" lat="12.9006395" lon="77.5196619"/>
 <node id="1851131338" visible="true" version="1" changeset="12605892" timestamp="2012-08-04T07:19:08Z" user="Ashish Vijayaram" uid="83660" lat="12.9006715" lon="77.5194076"/>
 <node id="1851131341" visible="true" version="1" changeset="12605892" timestamp="2012-08-04T07:19:08Z" user="Ashish Vijayaram" uid="83660" lat="12.9006933" lon="77.5192341"/>
 <node id="1851131425" visible="true" version="2" changeset="33195800" timestamp="2015-08-08T07:29:34Z" user="maheshrkm" uid="2897465" lat="12.9014005" lon="77.5209276"/>
 <node id="1851131487" visible="true" version="4" changeset="128731489" timestamp="2022-11-10T12:24:04Z" user="Madhumita Nandi" uid="16294697" lat="12.9014715" lon="77.5197637"/>
 <node id="1851131490" visible="true" version="2" changeset="128731489" timestamp="2022-11-10T12:24:04Z" user="Madhumita Nandi" uid="16294697" lat="12.9014005" lon="77.5202259"/>
 <node id="1851131514" visible="true" version="2" changeset="128731489" timestamp="2022-11-10T12:24:04Z" user="Madhumita Nandi" uid="16294697" lat="12.9015068" lon="77.5195240"/>
 <node id="1851131525" visible="true" version="3" changeset="33195800" timestamp="2015-08-08T07:29:34Z" user="maheshrkm" uid="2897465" lat="12.9016089" lon="77.5213104"/>
 <node id="1851131528" visible="true" version="1" changeset="12605892" timestamp="2012-08-04T07:19:10Z" user="Ashish Vijayaram" uid="83660" lat="12.9016139" lon="77.5214486"/>
 <node id="1851131558" visible="true" version="1" changeset="12605892" timestamp="2012-08-04T07:19:11Z" user="Ashish Vijayaram" uid="83660" lat="12.9016484" lon="77.5215233"/>
 <node id="1851131583" visible="true" version="1" changeset="12605892" timestamp="2012-08-04T07:19:11Z" user="Ashish Vijayaram" uid="83660" lat="12.9017826" lon="77.5216452"/>
 <node id="1851131586" visible="true" version="1" changeset="12605892" timestamp="2012-08-04T07:19:11Z" user="Ashish Vijayaram" uid="83660" lat="12.9017941" lon="77.5196321"/>
 <node id="1851131654" visible="true" version="3" changeset="83141472" timestamp="2020-04-06T11:07:25Z" user="VLD213" uid="10882264" lat="12.9021141" lon="77.5202657"/>
 <node id="1851131684" visible="true" version="1" changeset="12605892" timestamp="2012-08-04T07:19:12Z" user="Ashish Vijayaram" uid="83660" lat="12.9021512" lon="77.5200766"/>
 <node id="1851131722" visible="true" version="1" changeset="12605892" timestamp="2012-08-04T07:19:12Z" user="Ashish Vijayaram" uid="83660" lat="12.9022305" lon="77.5197721"/>
 <node id="1851131729" visible="true" version="1" changeset="12605892" timestamp="2012-08-04T07:19:12Z" user="Ashish Vijayaram" uid="83660" lat="12.9022540" lon="77.5218064"/>
 <node id="1851131800" visible="true" version="1" changeset="12605892" timestamp="2012-08-04T07:19:13Z" user="Ashish Vijayaram" uid="83660" lat="12.9026275" lon="77.5198994"/>
 <node id="1851131804" visible="true" version="1" changeset="12605892" timestamp="2012-08-04T07:19:13Z" user="Ashish Vijayaram" uid="83660" lat="12.9026300" lon="77.5218860"/>
 <node id="2146315474" visible="true" version="7" changeset="126883936" timestamp="2022-10-02T08:39:54Z" user="b-jazz-bot" uid="9451067" lat="12.9022871" lon="77.5185188">
  <tag k="amenity" v="bank"/>
  <tag k="atm" v="no"/>
  <tag k="brand" v="Canara Bank"/>
  <tag k="brand:pa" v="ਕੇਨਰਾ ਬੈਂਕ"/>
  <tag k="brand:ur" v="کینرا بینک"/>
  <tag k="brand:wikidata" v="Q2003777"/>
  <tag k="brand:wikipedia" v="en:Canara Bank"/>
  <tag k="brand:wikipedia:pa" v="ਕੇਨਰਾ ਬੈਂਕ"/>
  <tag k="name" v="Canara Bank"/>
  <tag k="name:kn" v="ಕೆನರಾ ಬ್ಯಾಂಕ್"/>
  <tag k="name:pa" v="ਕੇਨਰਾ ਬੈਂਕ"/>
  <tag k="name:ur" v="کینرا بینک"/>
  <tag k="website" v="https://www.canarabank.com/"/>
 </node>
 <node id="2146315478" visible="true" version="3" changeset="137958248" timestamp="2023-06-30T13:07:26Z" user="user_14062769" uid="14062769" lat="12.9023899" lon="77.5176413">
  <tag k="amenity" v="library"/>
  <tag k="name:kn" v="ಗ್ರಂಥಾಲಯ"/>
 </node>
 <node id="2146315481" visible="true" version="3" changeset="81961190" timestamp="2020-03-09T11:37:21Z" user="Ramzz06" uid="10794856" lat="12.8998256" lon="77.5183990"/>
 <node id="2146315484" visible="true" version="1" changeset="14954174" timestamp="2013-02-08T10:11:50Z" user="bkowshik" uid="1087876" lat="12.8999116" lon="77.5184408"/>
 <node id="2146315495" visible="true" version="1" changeset="14954174" timestamp="2013-02-08T10:11:50Z" user="bkowshik" uid="1087876" lat="12.8999911" lon="77.5181813"/>
 <node id="2146315497" visible="true" version="1" changeset="14954174" timestamp="2013-02-08T10:11:50Z" user="bkowshik" uid="1087876" lat="12.9000131" lon="77.5188221"/>
 <node id="2146315499" visible="true" version="1" changeset="14954174" timestamp="2013-02-08T10:11:50Z" user="bkowshik" uid="1087876" lat="12.9000492" lon="77.5184852"/>
 <node id="2146315500" visible="true" version="1" changeset="14954174" timestamp="2013-02-08T10:11:50Z" user="bkowshik" uid="1087876" lat="12.9000832" lon="77.5186079"/>
 <node id="2146315501" visible="true" version="1" changeset="14954174" timestamp="2013-02-08T10:11:50Z" user="bkowshik" uid="1087876" lat="12.9001288" lon="77.5182258"/>
 <node id="2146315502" visible="true" version="1" changeset="14954174" timestamp="2013-02-08T10:11:50Z" user="bkowshik" uid="1087876" lat="12.9003842" lon="77.5187114">
  <tag k="entrance" v="yes"/>
 </node>
 <node id="2146315503" visible="true" version="1" changeset="14954174" timestamp="2013-02-08T10:11:50Z" user="bkowshik" uid="1087876" lat="12.9005272" lon="77.5189990"/>
 <node id="2146315504" visible="true" version="1" changeset="14954174" timestamp="2013-02-08T10:11:50Z" user="bkowshik" uid="1087876" lat="12.9005972" lon="77.5187847"/>
 <node id="2146315505" visible="true" version="1" changeset="14954174" timestamp="2013-02-08T10:11:50Z" user="bkowshik" uid="1087876" lat="12.9006141" lon="77.5190397"/>
 <node id="2146315506" visible="true" version="1" changeset="14954174" timestamp="2013-02-08T10:11:50Z" user="bkowshik" uid="1087876" lat="12.9006838" lon="77.5188333"/>
 <node id="2146315508" visible="true" version="1" changeset="14954174" timestamp="2013-02-08T10:11:50Z" user="bkowshik" uid="1087876" lat="12.9009884" lon="77.5189417">
  <tag k="entrance" v="yes"/>
 </node>
 <node id="2146315511" visible="true" version="1" changeset="14954174" timestamp="2013-02-08T10:11:50Z" user="bkowshik" uid="1087876" lat="12.9010282" lon="77.5188620"/>
 <node id="2146315513" visible="true" version="1" changeset="14954174" timestamp="2013-02-08T10:11:50Z" user="bkowshik" uid="1087876" lat="12.9011215" lon="77.5192202"/>
 <node id="2146315515" visible="true" version="1" changeset="14954174" timestamp="2013-02-08T10:11:50Z" user="bkowshik" uid="1087876" lat="12.9011397" lon="77.5179013"/>
 <node id="2146315517" visible="true" version="1" changeset="14954174" timestamp="2013-02-08T10:11:50Z" user="bkowshik" uid="1087876" lat="12.9011399" lon="77.5178624"/>
 <node id="2146315519" visible="true" version="1" changeset="14954174" timestamp="2013-02-08T10:11:50Z" user="bkowshik" uid="1087876" lat="12.9011672" lon="77.5177228"/>
 <node id="2146315521" visible="true" version="1" changeset="14954174" timestamp="2013-02-08T10:11:50Z" user="bkowshik" uid="1087876" lat="12.9011888" lon="77.5192475"/>
 <node id="2146315523" visible="true" version="1" changeset="14954174" timestamp="2013-02-08T10:11:50Z" user="bkowshik" uid="1087876" lat="12.9011913" lon="77.5190138"/>
 <node id="2146315525" visible="true" version="2" changeset="137596464" timestamp="2023-06-21T09:33:53Z" user="jdananda" uid="19368656" lat="12.9011786" lon="77.5169915"/>
 <node id="2146315526" visible="true" version="2" changeset="137596464" timestamp="2023-06-21T09:33:53Z" user="jdananda" uid="19368656" lat="12.9012380" lon="77.5168386"/>
 <node id="2146315528" visible="true" version="1" changeset="14954174" timestamp="2013-02-08T10:11:50Z" user="bkowshik" uid="1087876" lat="12.9012904" lon="77.5189612"/>
 <node id="2146315529" visible="true" version="1" changeset="14954174" timestamp="2013-02-08T10:11:51Z" user="bkowshik" uid="1087876" lat="12.9013791" lon="77.5179117">
  <tag k="entrance" v="yes"/>
 </node>
 <node id="2146315537" visible="true" version="1" changeset="14954174" timestamp="2013-02-08T10:11:51Z" user="bkowshik" uid="1087876" lat="12.9016084" lon="77.5190799">
  <tag k="entrance" v="yes"/>
 </node>
 <node id="2146315538" visible="true" version="1" changeset="14954174" timestamp="2013-02-08T10:11:51Z" user="bkowshik" uid="1087876" lat="12.9016943" lon="77.5179766">
  <tag k="entrance" v="yes"/>
 </node>
 <node id="2146315539" visible="true" version="1" changeset="14954174" timestamp="2013-02-08T10:11:51Z" user="bkowshik" uid="1087876" lat="12.9017720" lon="77.5194652"/>
 <node id="2146315540" visible="true" version="1" changeset="14954174" timestamp="2013-02-08T10:11:51Z" user="bkowshik" uid="1087876" lat="12.9018185" lon="77.5195228"/>
 <node id="2146315541" visible="true" version="1" changeset="14954174" timestamp="2013-02-08T10:11:51Z" user="bkowshik" uid="1087876" lat="12.9018285" lon="77.5194872"/>
 <node id="2146315542" visible="true" version="1" changeset="14954174" timestamp="2013-02-08T10:11:51Z" user="bkowshik" uid="1087876" lat="12.9018383" lon="77.5194716"/>
 <node id="2146315543" visible="true" version="1" changeset="14954174" timestamp="2013-02-08T10:11:51Z" user="bkowshik" uid="1087876" lat="12.9018385" lon="77.5180063"/>
 <node id="2146315544" visible="true" version="1" changeset="14954174" timestamp="2013-02-08T10:11:51Z" user="bkowshik" uid="1087876" lat="12.9018477" lon="77.5194338"/>
 <node id="2146315545" visible="true" version="1" changeset="14954174" timestamp="2013-02-08T10:11:51Z" user="bkowshik" uid="1087876" lat="12.9018658" lon="77.5178667"/>
 <node id="2146315546" visible="true" version="1" changeset="14954174" timestamp="2013-02-08T10:11:51Z" user="bkowshik" uid="1087876" lat="12.9018687" lon="77.5180351"/>
 <node id="2146315547" visible="true" version="1" changeset="14954174" timestamp="2013-02-08T10:11:51Z" user="bkowshik" uid="1087876" lat="12.9018735" lon="77.5191789"/>
 <node id="2146315549" visible="true" version="2" changeset="137596464" timestamp="2023-06-21T09:33:53Z" user="jdananda" uid="19368656" lat="12.9018812" lon="77.5172790"/>
 <node id="2146315550" visible="true" version="1" changeset="14954174" timestamp="2013-02-08T10:11:51Z" user="bkowshik" uid="1087876" lat="12.9019246" lon="77.5178711"/>
 <node id="2146315551" visible="true" version="2" changeset="137596464" timestamp="2023-06-21T09:33:53Z" user="jdananda" uid="19368656" lat="12.9019407" lon="77.5171261"/>
 <node id="2146315552" visible="true" version="1" changeset="14954174" timestamp="2013-02-08T10:11:51Z" user="bkowshik" uid="1087876" lat="12.9019788" lon="77.5179937"/>
 <node id="2146315553" visible="true" version="1" changeset="14954174" timestamp="2013-02-08T10:11:51Z" user="bkowshik" uid="1087876" lat="12.9019812" lon="77.5180048"/>
 <node id="2146315554" visible="true" version="1" changeset="14954174" timestamp="2013-02-08T10:11:51Z" user="bkowshik" uid="1087876" lat="12.9019874" lon="77.5179817"/>
 <node id="2146315555" visible="true" version="1" changeset="14954174" timestamp="2013-02-08T10:11:51Z" user="bkowshik" uid="1087876" lat="12.9019936" lon="77.5180159"/>
 <node id="2146315556" visible="true" version="1" changeset="14954174" timestamp="2013-02-08T10:11:51Z" user="bkowshik" uid="1087876" lat="12.9020044" lon="77.5179785"/>
 <node id="2146315557" visible="true" version="1" changeset="14954174" timestamp="2013-02-08T10:11:51Z" user="bkowshik" uid="1087876" lat="12.9020099" lon="77.5180215"/>
 <node id="2146315559" visible="true" version="1" changeset="14954174" timestamp="2013-02-08T10:11:51Z" user="bkowshik" uid="1087876" lat="12.9020254" lon="77.5179809"/>
 <node id="2146315560" visible="true" version="1" changeset="14954174" timestamp="2013-02-08T10:11:51Z" user="bkowshik" uid="1087876" lat="12.9020269" lon="77.5180207"/>
 <node id="2146315561" visible="true" version="1" changeset="14954174" timestamp="2013-02-08T10:11:51Z" user="bkowshik" uid="1087876" lat="12.9020271" lon="77.5178930">
  <tag k="entrance" v="yes"/>
 </node>
 <node id="2146315562" visible="true" version="1" changeset="14954174" timestamp="2013-02-08T10:11:51Z" user="bkowshik" uid="1087876" lat="12.9020330" lon="77.5189313"/>
 <node id="2146315563" visible="true" version="1" changeset="14954174" timestamp="2013-02-08T10:11:51Z" user="bkowshik" uid="1087876" lat="12.9020378" lon="77.5180136"/>
 <node id="2146315564" visible="true" version="1" changeset="14954174" timestamp="2013-02-08T10:11:51Z" user="bkowshik" uid="1087876" lat="12.9020417" lon="77.5179905"/>
 <node id="2146315565" visible="true" version="1" changeset="14954174" timestamp="2013-02-08T10:11:51Z" user="bkowshik" uid="1087876" lat="12.9020463" lon="77.5180048"/>
 <node id="2146315566" visible="true" version="2" changeset="137596464" timestamp="2023-06-21T09:33:53Z" user="jdananda" uid="19368656" lat="12.9020498" lon="77.5171648"/>
 <node id="2146315567" visible="true" version="1" changeset="14954174" timestamp="2013-02-08T10:11:51Z" user="bkowshik" uid="1087876" lat="12.9020806" lon="77.5186101"/>
 <node id="2146315568" visible="true" version="1" changeset="14954174" timestamp="2013-02-08T10:11:51Z" user="bkowshik" uid="1087876" lat="12.9020832" lon="77.5170904"/>
 <node id="2146315569" visible="true" version="1" changeset="14954174" timestamp="2013-02-08T10:11:51Z" user="bkowshik" uid="1087876" lat="12.9020843" lon="77.5190412"/>
 <node id="2146315570" visible="true" version="1" changeset="14954174" timestamp="2013-02-08T10:11:51Z" user="bkowshik" uid="1087876" lat="12.9020917" lon="77.5189409"/>
 <node id="2146315571" visible="true" version="1" changeset="14954174" timestamp="2013-02-08T10:11:51Z" user="bkowshik" uid="1087876" lat="12.9020931" lon="77.5189992"/>
 <node id="2146315572" visible="true" version="1" changeset="14954174" timestamp="2013-02-08T10:11:51Z" user="bkowshik" uid="1087876" lat="12.9020944" lon="77.5186320"/>
 <node id="2146315573" visible="true" version="1" changeset="14954174" timestamp="2013-02-08T10:11:51Z" user="bkowshik" uid="1087876" lat="12.9020983" lon="77.5196060"/>
 <node id="2146315574" visible="true" version="1" changeset="14954174" timestamp="2013-02-08T10:11:51Z" user="bkowshik" uid="1087876" lat="12.9021007" lon="77.5179087"/>
 <node id="2146315575" visible="true" version="1" changeset="14954174" timestamp="2013-02-08T10:11:51Z" user="bkowshik" uid="1087876" lat="12.9021067" lon="77.5179770"/>
 <node id="2146315576" visible="true" version="1" changeset="14954174" timestamp="2013-02-08T10:11:51Z" user="bkowshik" uid="1087876" lat="12.9021072" lon="77.5184813"/>
 <node id="2146315577" visible="true" version="1" changeset="14954174" timestamp="2013-02-08T10:11:51Z" user="bkowshik" uid="1087876" lat="12.9021083" lon="77.5195704"/>
 <node id="2146315578" visible="true" version="1" changeset="14954174" timestamp="2013-02-08T10:11:51Z" user="bkowshik" uid="1087876" lat="12.9021152" lon="77.5195443"/>
 <node id="2146315579" visible="true" version="1" changeset="14954174" timestamp="2013-02-08T10:11:51Z" user="bkowshik" uid="1087876" lat="12.9021183" lon="77.5180288"/>
 <node id="2146315580" visible="true" version="1" changeset="14954174" timestamp="2013-02-08T10:11:52Z" user="bkowshik" uid="1087876" lat="12.9021246" lon="77.5195065"/>
 <node id="2146315581" visible="true" version="1" changeset="14954174" timestamp="2013-02-08T10:11:52Z" user="bkowshik" uid="1087876" lat="12.9021299" lon="77.5184636"/>
 <node id="2146315582" visible="true" version="1" changeset="14954174" timestamp="2013-02-08T10:11:52Z" user="bkowshik" uid="1087876" lat="12.9021328" lon="77.5190519"/>
 <node id="2146315583" visible="true" version="1" changeset="14954174" timestamp="2013-02-08T10:11:52Z" user="bkowshik" uid="1087876" lat="12.9021388" lon="77.5186228"/>
 <node id="2146315584" visible="true" version="1" changeset="14954174" timestamp="2013-02-08T10:11:52Z" user="bkowshik" uid="1087876" lat="12.9021416" lon="77.5190099"/>
 <node id="2146315585" visible="true" version="1" changeset="14954174" timestamp="2013-02-08T10:11:52Z" user="bkowshik" uid="1087876" lat="12.9021439" lon="77.5180693"/>
 <node id="2146315586" visible="true" version="1" changeset="14954174" timestamp="2013-02-08T10:11:52Z" user="bkowshik" uid="1087876" lat="12.9021528" lon="77.5195740"/>
 <node id="2146315587" visible="true" version="1" changeset="14954174" timestamp="2013-02-08T10:11:52Z" user="bkowshik" uid="1087876" lat="12.9021654" lon="77.5184940"/>
 <node id="2146315588" visible="true" version="1" changeset="14954174" timestamp="2013-02-08T10:11:52Z" user="bkowshik" uid="1087876" lat="12.9021810" lon="77.5175252">
  <tag k="entrance" v="yes"/>
 </node>
 <node id="2146315589" visible="true" version="1" changeset="14954174" timestamp="2013-02-08T10:11:52Z" user="bkowshik" uid="1087876" lat="12.9021865" lon="77.5175497"/>
 <node id="2146315590" visible="true" version="1" changeset="14954174" timestamp="2013-02-08T10:11:52Z" user="bkowshik" uid="1087876" lat="12.9021930" lon="77.5190031"/>
 <node id="2146315591" visible="true" version="1" changeset="14954174" timestamp="2013-02-08T10:11:52Z" user="bkowshik" uid="1087876" lat="12.9021936" lon="77.5189628"/>
 <node id="2146315592" visible="true" version="1" changeset="14954174" timestamp="2013-02-08T10:11:52Z" user="bkowshik" uid="1087876" lat="12.9021957" lon="77.5181508"/>
 <node id="2146315593" visible="true" version="1" changeset="14954174" timestamp="2013-02-08T10:11:52Z" user="bkowshik" uid="1087876" lat="12.9022081" lon="77.5175153"/>
 <node id="2146315594" visible="true" version="5" changeset="179496733" timestamp="2026-03-07T15:08:41Z" user="Aditya Chokkanahalli" uid="23910149" lat="12.9022097" lon="77.5191573"/>
 <node id="2146315595" visible="true" version="1" changeset="14954174" timestamp="2013-02-08T10:11:52Z" user="bkowshik" uid="1087876" lat="12.9022317" lon="77.5192339"/>
 <node id="2146315596" visible="true" version="1" changeset="14954174" timestamp="2013-02-08T10:11:52Z" user="bkowshik" uid="1087876" lat="12.9022320" lon="77.5195934"/>
 <node id="2146315597" visible="true" version="1" changeset="14954174" timestamp="2013-02-08T10:11:52Z" user="bkowshik" uid="1087876" lat="12.9022330" lon="77.5190121"/>
 <node id="2146315598" visible="true" version="1" changeset="14954174" timestamp="2013-02-08T10:11:52Z" user="bkowshik" uid="1087876" lat="12.9022431" lon="77.5191780"/>
 <node id="2146315599" visible="true" version="1" changeset="14954174" timestamp="2013-02-08T10:11:52Z" user="bkowshik" uid="1087876" lat="12.9022564" lon="77.5180582"/>
 <node id="2146315600" visible="true" version="1" changeset="14954174" timestamp="2013-02-08T10:11:52Z" user="bkowshik" uid="1087876" lat="12.9022574" lon="77.5181277"/>
 <node id="2146315601" visible="true" version="1" changeset="14954174" timestamp="2013-02-08T10:11:52Z" user="bkowshik" uid="1087876" lat="12.9022579" lon="77.5175529"/>
 <node id="2146315602" visible="true" version="1" changeset="14954174" timestamp="2013-02-08T10:11:52Z" user="bkowshik" uid="1087876" lat="12.9022589" lon="77.5186421"/>
 <node id="2146315603" visible="true" version="1" changeset="14954174" timestamp="2013-02-08T10:11:52Z" user="bkowshik" uid="1087876" lat="12.9022593" lon="77.5171280"/>
 <node id="2146315604" visible="true" version="1" changeset="14954174" timestamp="2013-02-08T10:11:52Z" user="bkowshik" uid="1087876" lat="12.9022644" lon="77.5174790"/>
 <node id="2146315605" visible="true" version="1" changeset="14954174" timestamp="2013-02-08T10:11:52Z" user="bkowshik" uid="1087876" lat="12.9022667" lon="77.5180474"/>
 <node id="2146315606" visible="true" version="1" changeset="14954174" timestamp="2013-02-08T10:11:52Z" user="bkowshik" uid="1087876" lat="12.9022672" lon="77.5186543"/>
 <node id="2146315607" visible="true" version="1" changeset="14954174" timestamp="2013-02-08T10:11:52Z" user="bkowshik" uid="1087876" lat="12.9022717" lon="77.5175485"/>
 <node id="2146315608" visible="true" version="1" changeset="14954174" timestamp="2013-02-08T10:11:52Z" user="bkowshik" uid="1087876" lat="12.9022802" lon="77.5192457">
  <tag k="entrance" v="yes"/>
 </node>
 <node id="2146315609" visible="true" version="1" changeset="14954174" timestamp="2013-02-08T10:11:52Z" user="bkowshik" uid="1087876" lat="12.9022814" lon="77.5171177"/>
 <node id="2146315610" visible="true" version="1" changeset="14954174" timestamp="2013-02-08T10:11:52Z" user="bkowshik" uid="1087876" lat="12.9022850" lon="77.5185432"/>
 <node id="2146315612" visible="true" version="1" changeset="14954174" timestamp="2013-02-08T10:11:52Z" user="bkowshik" uid="1087876" lat="12.9022946" lon="77.5185372"/>
 <node id="2146315613" visible="true" version="1" changeset="14954174" timestamp="2013-02-08T10:11:52Z" user="bkowshik" uid="1087876" lat="12.9022958" lon="77.5193186"/>
 <node id="2146315616" visible="true" version="1" changeset="14954174" timestamp="2013-02-08T10:11:52Z" user="bkowshik" uid="1087876" lat="12.9022989" lon="77.5190609">
  <tag k="natural" v="tree"/>
 </node>
 <node id="2146315618" visible="true" version="1" changeset="14954174" timestamp="2013-02-08T10:11:52Z" user="bkowshik" uid="1087876" lat="12.9023028" lon="77.5191914"/>
 <node id="2146315620" visible="true" version="1" changeset="14954174" timestamp="2013-02-08T10:11:52Z" user="bkowshik" uid="1087876" lat="12.9023073" lon="77.5186632"/>
 <node id="2146315621" visible="true" version="1" changeset="14954174" timestamp="2013-02-08T10:11:52Z" user="bkowshik" uid="1087876" lat="12.9023195" lon="77.5193244"/>
 <node id="2146315623" visible="true" version="2" changeset="65555060" timestamp="2018-12-17T16:20:39Z" user="SANDHYARANI" uid="9086375" lat="12.9023441" lon="77.5191851"/>
 <node id="2146315625" visible="true" version="2" changeset="31446006" timestamp="2015-05-25T13:52:40Z" user="ruthmaben" uid="2554698" lat="12.9023278" lon="77.5186500"/>
 <node id="2146315627" visible="true" version="1" changeset="14954174" timestamp="2013-02-08T10:11:52Z" user="bkowshik" uid="1087876" lat="12.9023347" lon="77.5192591"/>
 <node id="2146315629" visible="true" version="1" changeset="14954174" timestamp="2013-02-08T10:11:52Z" user="bkowshik" uid="1087876" lat="12.9023363" lon="77.5180972"/>
 <node id="2146315630" visible="true" version="1" changeset="14954174" timestamp="2013-02-08T10:11:52Z" user="bkowshik" uid="1087876" lat="12.9023378" lon="77.5180598"/>
 <node id="2146315632" visible="true" version="2" changeset="128730696" timestamp="2022-11-10T12:06:09Z" user="Madhumita Nandi" uid="16294697" lat="12.9023530" lon="77.5186182"/>
 <node id="2146315636" visible="true" version="1" changeset="14954174" timestamp="2013-02-08T10:11:52Z" user="bkowshik" uid="1087876" lat="12.9023451" lon="77.5171185"/>
 <node id="2146315637" visible="true" version="1" changeset="14954174" timestamp="2013-02-08T10:11:52Z" user="bkowshik" uid="1087876" lat="12.9023488" lon="77.5186829"/>
 <node id="2146315639" visible="true" version="1" changeset="14954174" timestamp="2013-02-08T10:11:52Z" user="bkowshik" uid="1087876" lat="12.9023532" lon="77.5188119">
  <tag k="natural" v="tree"/>
 </node>
 <node id="2146315641" visible="true" version="1" changeset="14954174" timestamp="2013-02-08T10:11:52Z" user="bkowshik" uid="1087876" lat="12.9023538" lon="77.5185580"/>
 <node id="2146315643" visible="true" version="1" changeset="14954174" timestamp="2013-02-08T10:11:52Z" user="bkowshik" uid="1087876" lat="12.9023557" lon="77.5171104"/>
 <node id="2146315645" visible="true" version="1" changeset="14954174" timestamp="2013-02-08T10:11:52Z" user="bkowshik" uid="1087876" lat="12.9023567" lon="77.5174766"/>
 <node id="2146315647" visible="true" version="1" changeset="14954174" timestamp="2013-02-08T10:11:52Z" user="bkowshik" uid="1087876" lat="12.9023625" lon="77.5192375">
  <tag k="barrier" v="gate"/>
 </node>
 <node id="2146315649" visible="true" version="1" changeset="14954174" timestamp="2013-02-08T10:11:52Z" user="bkowshik" uid="1087876" lat="12.9023630" lon="77.5173021">
  <tag k="entrance" v="yes"/>
 </node>
 <node id="2146315651" visible="true" version="1" changeset="14954174" timestamp="2013-02-08T10:11:52Z" user="bkowshik" uid="1087876" lat="12.9023649" lon="77.5181508"/>
 <node id="2146315653" visible="true" version="1" changeset="14954174" timestamp="2013-02-08T10:11:52Z" user="bkowshik" uid="1087876" lat="12.9023656" lon="77.5184832">
  <tag k="natural" v="tree"/>
 </node>
 <node id="2146315655" visible="true" version="1" changeset="14954174" timestamp="2013-02-08T10:11:52Z" user="bkowshik" uid="1087876" lat="12.9023674" lon="77.5180484">
  <tag k="entrance" v="yes"/>
 </node>
 <node id="2146315657" visible="true" version="1" changeset="14954174" timestamp="2013-02-08T10:11:52Z" user="bkowshik" uid="1087876" lat="12.9023701" lon="77.5174863"/>
 <node id="2146315659" visible="true" version="1" changeset="14954174" timestamp="2013-02-08T10:11:52Z" user="bkowshik" uid="1087876" lat="12.9023758" lon="77.5181566"/>
 <node id="2146315666" visible="true" version="1" changeset="14954174" timestamp="2013-02-08T10:11:52Z" user="bkowshik" uid="1087876" lat="12.9023939" lon="77.5181006"/>
 <node id="2146315668" visible="true" version="1" changeset="14954174" timestamp="2013-02-08T10:11:53Z" user="bkowshik" uid="1087876" lat="12.9023946" lon="77.5180616"/>
 <node id="2146315670" visible="true" version="1" changeset="14954174" timestamp="2013-02-08T10:11:53Z" user="bkowshik" uid="1087876" lat="12.9024084" lon="77.5186963"/>
 <node id="2146315671" visible="true" version="1" changeset="14954174" timestamp="2013-02-08T10:11:53Z" user="bkowshik" uid="1087876" lat="12.9024111" lon="77.5185634"/>
 <node id="2146315672" visible="true" version="1" changeset="14954174" timestamp="2013-02-08T10:11:53Z" user="bkowshik" uid="1087876" lat="12.9024152" lon="77.5182660">
  <tag k="natural" v="tree"/>
 </node>
 <node id="2146315673" visible="true" version="1" changeset="14954174" timestamp="2013-02-08T10:11:53Z" user="bkowshik" uid="1087876" lat="12.9024506" lon="77.5186362"/>
 <node id="2146315674" visible="true" version="1" changeset="14954174" timestamp="2013-02-08T10:11:53Z" user="bkowshik" uid="1087876" lat="12.9024513" lon="77.5180493"/>
 <node id="2146315675" visible="true" version="1" changeset="14954174" timestamp="2013-02-08T10:11:53Z" user="bkowshik" uid="1087876" lat="12.9024545" lon="77.5177366">
  <tag k="entrance" v="yes"/>
 </node>
 <node id="2146315676" visible="true" version="1" changeset="14954174" timestamp="2013-02-08T10:11:53Z" user="bkowshik" uid="1087876" lat="12.9024564" lon="77.5175504"/>
 <node id="2146315677" visible="true" version="1" changeset="14954174" timestamp="2013-02-08T10:11:53Z" user="bkowshik" uid="1087876" lat="12.9024606" lon="77.5180616"/>
 <node id="2146315679" visible="true" version="1" changeset="14954174" timestamp="2013-02-08T10:11:53Z" user="bkowshik" uid="1087876" lat="12.9024621" lon="77.5177521"/>
 <node id="2146315681" visible="true" version="1" changeset="14954174" timestamp="2013-02-08T10:11:53Z" user="bkowshik" uid="1087876" lat="12.9024638" lon="77.5177252"/>
 <node id="2146315683" visible="true" version="1" changeset="14954174" timestamp="2013-02-08T10:11:53Z" user="bkowshik" uid="1087876" lat="12.9024649" lon="77.5175542"/>
 <node id="2146315684" visible="true" version="1" changeset="14954174" timestamp="2013-02-08T10:11:53Z" user="bkowshik" uid="1087876" lat="12.9024836" lon="77.5175542"/>
 <node id="2146315685" visible="true" version="1" changeset="14954174" timestamp="2013-02-08T10:11:53Z" user="bkowshik" uid="1087876" lat="12.9024880" lon="77.5177258"/>
 <node id="2146315686" visible="true" version="1" changeset="14954174" timestamp="2013-02-08T10:11:53Z" user="bkowshik" uid="1087876" lat="12.9024885" lon="77.5177529"/>
 <node id="2146315687" visible="true" version="1" changeset="14954174" timestamp="2013-02-08T10:11:53Z" user="bkowshik" uid="1087876" lat="12.9024890" lon="77.5175232"/>
 <node id="2146315688" visible="true" version="1" changeset="14954174" timestamp="2013-02-08T10:11:53Z" user="bkowshik" uid="1087876" lat="12.9024917" lon="77.5171049"/>
 <node id="2146315689" visible="true" version="1" changeset="14954174" timestamp="2013-02-08T10:11:53Z" user="bkowshik" uid="1087876" lat="12.9024923" lon="77.5181827"/>
 <node id="2146315690" visible="true" version="1" changeset="14954174" timestamp="2013-02-08T10:11:53Z" user="bkowshik" uid="1087876" lat="12.9024939" lon="77.5181022"/>
 <node id="2146315691" visible="true" version="1" changeset="14954174" timestamp="2013-02-08T10:11:53Z" user="bkowshik" uid="1087876" lat="12.9024954" lon="77.5186431">
  <tag k="man_made" v="flagpole"/>
 </node>
 <node id="2146315692" visible="true" version="1" changeset="14954174" timestamp="2013-02-08T10:11:53Z" user="bkowshik" uid="1087876" lat="12.9025061" lon="77.5174808"/>
 <node id="2146315693" visible="true" version="1" changeset="14954174" timestamp="2013-02-08T10:11:53Z" user="bkowshik" uid="1087876" lat="12.9025087" lon="77.5182603"/>
 <node id="2146315694" visible="true" version="1" changeset="14954174" timestamp="2013-02-08T10:11:53Z" user="bkowshik" uid="1087876" lat="12.9025136" lon="77.5181534"/>
 <node id="2146315695" visible="true" version="1" changeset="14954174" timestamp="2013-02-08T10:11:53Z" user="bkowshik" uid="1087876" lat="12.9025149" lon="77.5184299"/>
 <node id="2146315697" visible="true" version="1" changeset="14954174" timestamp="2013-02-08T10:11:53Z" user="bkowshik" uid="1087876" lat="12.9025234" lon="77.5183592"/>
 <node id="2146315698" visible="true" version="1" changeset="14954174" timestamp="2013-02-08T10:11:53Z" user="bkowshik" uid="1087876" lat="12.9025524" lon="77.5184347"/>
 <node id="2146315699" visible="true" version="1" changeset="14954174" timestamp="2013-02-08T10:11:53Z" user="bkowshik" uid="1087876" lat="12.9025609" lon="77.5183640"/>
 <node id="2247911843" visible="true" version="3" changeset="83140214" timestamp="2020-04-06T10:45:06Z" user="VLD213" uid="10882264" lat="12.9003523" lon="77.5157500"/>
 <node id="2247911862" visible="true" version="1" changeset="15605507" timestamp="2013-04-04T10:14:39Z" user="kani_18" uid="1325157" lat="12.9014678" lon="77.5163485"/>
 <node id="2247911865" visible="true" version="2" changeset="83140214" timestamp="2020-04-06T10:45:06Z" user="VLD213" uid="10882264" lat="12.9015878" lon="77.5160679"/>
 <node id="2247911867" visible="true" version="2" changeset="83140214" timestamp="2020-04-06T10:45:06Z" user="VLD213" uid="10882264" lat="12.9019768" lon="77.5166321"/>
 <node id="2247911870" visible="true" version="2" changeset="83140214" timestamp="2020-04-06T10:45:06Z" user="VLD213" uid="10882264" lat="12.9015802" lon="77.5160804"/>
 <node id="2247911871" visible="true" version="2" changeset="83140214" timestamp="2020-04-06T10:45:06Z" user="VLD213" uid="10882264" lat="12.9015985" lon="77.5160637"/>
 <node id="2247911881" visible="true" version="2" changeset="83140214" timestamp="2020-04-06T10:45:06Z" user="VLD213" uid="10882264" lat="12.9021882" lon="77.5161618"/>
 <node id="2247911882" visible="true" version="2" changeset="83140214" timestamp="2020-04-06T10:45:06Z" user="VLD213" uid="10882264" lat="12.9021925" lon="77.5167105"/>
 <node id="2247911884" visible="true" version="2" changeset="142333022" timestamp="2023-10-09T06:16:39Z" user="rajanik" uid="18812448" lat="12.9022527" lon="77.5167233"/>
 <node id="2247911885" visible="true" version="2" changeset="83140214" timestamp="2020-04-06T10:45:06Z" user="VLD213" uid="10882264" lat="12.9022481" lon="77.5164485"/>
 <node id="2247911887" visible="true" version="2" changeset="83140214" timestamp="2020-04-06T10:45:06Z" user="VLD213" uid="10882264" lat="12.9023015" lon="77.5161816"/>
 <node id="2247911889" visible="true" version="2" changeset="83140214" timestamp="2020-04-06T10:45:06Z" user="VLD213" uid="10882264" lat="12.9022703" lon="77.5163349"/>
 <node id="2247911902" visible="true" version="2" changeset="142333022" timestamp="2023-10-09T06:16:39Z" user="rajanik" uid="18812448" lat="12.9027750" lon="77.5167810"/>
 <node id="2247911905" visible="true" version="1" changeset="15605507" timestamp="2013-04-04T10:14:40Z" user="kani_18" uid="1325157" lat="12.9028720" lon="77.5167780"/>
 <node id="2247911906" visible="true" version="1" changeset="15605507" timestamp="2013-04-04T10:14:40Z" user="kani_18" uid="1325157" lat="12.9029243" lon="77.5167199"/>
 <node id="2247911908" visible="true" version="2" changeset="83138081" timestamp="2020-04-06T10:08:34Z" user="VLD213" uid="10882264" lat="12.9029897" lon="77.5162420"/>
 <node id="2247911913" visible="true" version="2" changeset="83122163" timestamp="2020-04-06T05:33:58Z" user="VLD213" uid="10882264" lat="12.9033369" lon="77.5162974"/>
 <node id="2250668666" visible="true" version="2" changeset="83173369" timestamp="2020-04-07T04:31:44Z" user="VLD213" uid="10882264" lat="12.9028003" lon="77.5211074"/>
 <node id="2250668670" visible="true" version="2" changeset="83122163" timestamp="2020-04-06T05:33:58Z" user="VLD213" uid="10882264" lat="12.9030667" lon="77.5202869"/>
 <node id="3535020859" visible="true" version="1" changeset="31362858" timestamp="2015-05-22T07:00:49Z" user="Apreethi" uid="2900372" lat="12.9001630" lon="77.5197128"/>
 <node id="3535020860" visible="true" version="1" changeset="31362858" timestamp="2015-05-22T07:00:49Z" user="Apreethi" uid="2900372" lat="12.9001736" lon="77.5196166"/>
 <node id="3535020861" visible="true" version="1" changeset="31362858" timestamp="2015-05-22T07:00:49Z" user="Apreethi" uid="2900372" lat="12.9001885" lon="77.5195391"/>
 <node id="3535020862" visible="true" version="1" changeset="31362858" timestamp="2015-05-22T07:00:49Z" user="Apreethi" uid="2900372" lat="12.9002035" lon="77.5194476"/>
 <node id="3535020867" visible="true" version="1" changeset="31362858" timestamp="2015-05-22T07:00:49Z" user="Apreethi" uid="2900372" lat="12.9002368" lon="77.5200643"/>
 <node id="3535020868" visible="true" version="1" changeset="31362858" timestamp="2015-05-22T07:00:49Z" user="Apreethi" uid="2900372" lat="12.9002426" lon="77.5199860"/>
 <node id="3535020869" visible="true" version="1" changeset="31362858" timestamp="2015-05-22T07:00:49Z" user="Apreethi" uid="2900372" lat="12.9002444" lon="77.5199753"/>
 <node id="3535020870" visible="true" version="1" changeset="31362858" timestamp="2015-05-22T07:00:49Z" user="Apreethi" uid="2900372" lat="12.9002464" lon="77.5198836"/>
 <node id="3535020873" visible="true" version="1" changeset="31362858" timestamp="2015-05-22T07:00:49Z" user="Apreethi" uid="2900372" lat="12.9002829" lon="77.5202484"/>
 <node id="3535020874" visible="true" version="1" changeset="31362858" timestamp="2015-05-22T07:00:49Z" user="Apreethi" uid="2900372" lat="12.9002859" lon="77.5197270"/>
 <node id="3535020875" visible="true" version="1" changeset="31362858" timestamp="2015-05-22T07:00:49Z" user="Apreethi" uid="2900372" lat="12.9002924" lon="77.5201617"/>
 <node id="3535020877" visible="true" version="1" changeset="31362858" timestamp="2015-05-22T07:00:49Z" user="Apreethi" uid="2900372" lat="12.9002964" lon="77.5196307"/>
 <node id="3535020879" visible="true" version="1" changeset="31362858" timestamp="2015-05-22T07:00:49Z" user="Apreethi" uid="2900372" lat="12.9003091" lon="77.5195599"/>
 <node id="3535020880" visible="true" version="1" changeset="31362858" timestamp="2015-05-22T07:00:49Z" user="Apreethi" uid="2900372" lat="12.9003099" lon="77.5199768"/>
 <node id="3535020881" visible="true" version="1" changeset="31362858" timestamp="2015-05-22T07:00:49Z" user="Apreethi" uid="2900372" lat="12.9003119" lon="77.5198851"/>
 <node id="3535020882" visible="true" version="1" changeset="31362858" timestamp="2015-05-22T07:00:49Z" user="Apreethi" uid="2900372" lat="12.9003242" lon="77.5194685"/>
 <node id="3535020883" visible="true" version="1" changeset="31362858" timestamp="2015-05-22T07:00:49Z" user="Apreethi" uid="2900372" lat="12.9003266" lon="77.5193131"/>
 <node id="3535020884" visible="true" version="1" changeset="31362858" timestamp="2015-05-22T07:00:49Z" user="Apreethi" uid="2900372" lat="12.9003382" lon="77.5200722"/>
 <node id="3535020885" visible="true" version="1" changeset="31362858" timestamp="2015-05-22T07:00:49Z" user="Apreethi" uid="2900372" lat="12.9003424" lon="77.5192389"/>
 <node id="3535020886" visible="true" version="1" changeset="31362858" timestamp="2015-05-22T07:00:49Z" user="Apreethi" uid="2900372" lat="12.9003440" lon="77.5199939"/>
 <node id="3535020887" visible="true" version="1" changeset="31362858" timestamp="2015-05-22T07:00:49Z" user="Apreethi" uid="2900372" lat="12.9003549" lon="77.5199969"/>
 <node id="3535020888" visible="true" version="1" changeset="31362858" timestamp="2015-05-22T07:00:49Z" user="Apreethi" uid="2900372" lat="12.9003606" lon="77.5199025"/>
 <node id="3535021197" visible="true" version="1" changeset="31362858" timestamp="2015-05-22T07:00:49Z" user="Apreethi" uid="2900372" lat="12.9004254" lon="77.5194906"/>
 <node id="3535021198" visible="true" version="1" changeset="31362858" timestamp="2015-05-22T07:00:49Z" user="Apreethi" uid="2900372" lat="12.9004306" lon="77.5194016"/>
 <node id="3535021199" visible="true" version="1" changeset="31362858" timestamp="2015-05-22T07:00:49Z" user="Apreethi" uid="2900372" lat="12.9004363" lon="77.5193377"/>
 <node id="3535021200" visible="true" version="1" changeset="31362858" timestamp="2015-05-22T07:00:49Z" user="Apreethi" uid="2900372" lat="12.9004435" lon="77.5202670"/>
 <node id="3535021203" visible="true" version="1" changeset="31362858" timestamp="2015-05-22T07:00:49Z" user="Apreethi" uid="2900372" lat="12.9004522" lon="77.5192635"/>
 <node id="3535021205" visible="true" version="1" changeset="31362858" timestamp="2015-05-22T07:00:49Z" user="Apreethi" uid="2900372" lat="12.9004531" lon="77.5201803"/>
 <node id="3535021207" visible="true" version="1" changeset="31362858" timestamp="2015-05-22T07:00:49Z" user="Apreethi" uid="2900372" lat="12.9004661" lon="77.5202788"/>
 <node id="3535021208" visible="true" version="1" changeset="31362858" timestamp="2015-05-22T07:00:49Z" user="Apreethi" uid="2900372" lat="12.9004727" lon="77.5200044"/>
 <node id="3535021209" visible="true" version="1" changeset="31362858" timestamp="2015-05-22T07:00:49Z" user="Apreethi" uid="2900372" lat="12.9004729" lon="77.5201832"/>
 <node id="3535021211" visible="true" version="1" changeset="31362858" timestamp="2015-05-22T07:00:50Z" user="Apreethi" uid="2900372" lat="12.9004784" lon="77.5199099"/>
 <node id="3535021213" visible="true" version="1" changeset="31362858" timestamp="2015-05-22T07:00:50Z" user="Apreethi" uid="2900372" lat="12.9004844" lon="77.5197660"/>
 <node id="3535021215" visible="true" version="1" changeset="31362858" timestamp="2015-05-22T07:00:50Z" user="Apreethi" uid="2900372" lat="12.9004953" lon="77.5196646"/>
 <node id="3535021217" visible="true" version="1" changeset="31362858" timestamp="2015-05-22T07:00:50Z" user="Apreethi" uid="2900372" lat="12.9005112" lon="77.5193273"/>
 <node id="3535021219" visible="true" version="1" changeset="31362858" timestamp="2015-05-22T07:00:50Z" user="Apreethi" uid="2900372" lat="12.9005228" lon="77.5194966"/>
 <node id="3535021220" visible="true" version="1" changeset="31362858" timestamp="2015-05-22T07:00:50Z" user="Apreethi" uid="2900372" lat="12.9005280" lon="77.5194076"/>
 <node id="3535021222" visible="true" version="1" changeset="31362858" timestamp="2015-05-22T07:00:50Z" user="Apreethi" uid="2900372" lat="12.9005346" lon="77.5192240"/>
 <node id="3535021226" visible="true" version="1" changeset="31362858" timestamp="2015-05-22T07:00:50Z" user="Apreethi" uid="2900372" lat="12.9005468" lon="77.5202847"/>
 <node id="3535021229" visible="true" version="1" changeset="31362858" timestamp="2015-05-22T07:00:50Z" user="Apreethi" uid="2900372" lat="12.9005535" lon="77.5201892"/>
 <node id="3535021236" visible="true" version="1" changeset="31362858" timestamp="2015-05-22T07:00:50Z" user="Apreethi" uid="2900372" lat="12.9005832" lon="77.5193444"/>
 <node id="3535021239" visible="true" version="1" changeset="31362858" timestamp="2015-05-22T07:00:50Z" user="Apreethi" uid="2900372" lat="12.9006006" lon="77.5197792"/>
 <node id="3535021241" visible="true" version="1" changeset="31362858" timestamp="2015-05-22T07:00:50Z" user="Apreethi" uid="2900372" lat="12.9006066" lon="77.5192411"/>
 <node id="3535021242" visible="true" version="1" changeset="31362858" timestamp="2015-05-22T07:00:50Z" user="Apreethi" uid="2900372" lat="12.9006066" lon="77.5203276"/>
 <node id="3535021243" visible="true" version="2" changeset="31833752" timestamp="2015-06-09T04:49:52Z" user="Apreethi" uid="2900372" lat="12.9006013" lon="77.5193498"/>
 <node id="3535021245" visible="true" version="1" changeset="31362858" timestamp="2015-05-22T07:00:50Z" user="Apreethi" uid="2900372" lat="12.9006115" lon="77.5196778"/>
 <node id="3535021246" visible="true" version="1" changeset="31362858" timestamp="2015-05-22T07:00:50Z" user="Apreethi" uid="2900372" lat="12.9006116" lon="77.5202411"/>
 <node id="3535021250" visible="true" version="2" changeset="31833752" timestamp="2015-06-09T04:49:52Z" user="Apreethi" uid="2900372" lat="12.9006245" lon="77.5192607"/>
 <node id="3535021260" visible="true" version="1" changeset="31362858" timestamp="2015-05-22T07:00:50Z" user="Apreethi" uid="2900372" lat="12.9006609" lon="77.5203310"/>
 <node id="3535021261" visible="true" version="1" changeset="31362858" timestamp="2015-05-22T07:00:50Z" user="Apreethi" uid="2900372" lat="12.9006642" lon="77.5199003"/>
 <node id="3535021262" visible="true" version="1" changeset="31362858" timestamp="2015-05-22T07:00:50Z" user="Apreethi" uid="2900372" lat="12.9006660" lon="77.5202445"/>
 <node id="3535021263" visible="true" version="2" changeset="31833752" timestamp="2015-06-09T04:49:52Z" user="Apreethi" uid="2900372" lat="12.9006598" lon="77.5193657"/>
 <node id="3535021264" visible="true" version="1" changeset="31362858" timestamp="2015-05-22T07:00:50Z" user="Apreethi" uid="2900372" lat="12.9006706" lon="77.5197899"/>
 <node id="3535021267" visible="true" version="2" changeset="31833752" timestamp="2015-06-09T04:49:52Z" user="Apreethi" uid="2900372" lat="12.9006829" lon="77.5192766"/>
 <node id="3535021274" visible="true" version="1" changeset="31362858" timestamp="2015-05-22T07:00:50Z" user="Apreethi" uid="2900372" lat="12.9007129" lon="77.5196452"/>
 <node id="3535021276" visible="true" version="1" changeset="31362858" timestamp="2015-05-22T07:00:50Z" user="Apreethi" uid="2900372" lat="12.9007182" lon="77.5195690"/>
 <node id="3535021279" visible="true" version="1" changeset="31362858" timestamp="2015-05-22T07:00:50Z" user="Apreethi" uid="2900372" lat="12.9007231" lon="77.5195580"/>
 <node id="3535021280" visible="true" version="1" changeset="31362858" timestamp="2015-05-22T07:00:50Z" user="Apreethi" uid="2900372" lat="12.9007289" lon="77.5194774"/>
 <node id="3535021281" visible="true" version="1" changeset="31362858" timestamp="2015-05-22T07:00:50Z" user="Apreethi" uid="2900372" lat="12.9007383" lon="77.5194558"/>
 <node id="3535021284" visible="true" version="1" changeset="31362858" timestamp="2015-05-22T07:00:51Z" user="Apreethi" uid="2900372" lat="12.9007460" lon="77.5193781"/>
 <node id="3535021288" visible="true" version="1" changeset="31362858" timestamp="2015-05-22T07:00:51Z" user="Apreethi" uid="2900372" lat="12.9007870" lon="77.5199077"/>
 <node id="3535021291" visible="true" version="1" changeset="31362858" timestamp="2015-05-22T07:00:51Z" user="Apreethi" uid="2900372" lat="12.9007934" lon="77.5197973"/>
 <node id="3535021292" visible="true" version="1" changeset="31362858" timestamp="2015-05-22T07:00:51Z" user="Apreethi" uid="2900372" lat="12.9007970" lon="77.5202572"/>
 <node id="3535021393" visible="true" version="1" changeset="31362858" timestamp="2015-05-22T07:00:51Z" user="Apreethi" uid="2900372" lat="12.9008087" lon="77.5201573"/>
 <node id="3535021396" visible="true" version="1" changeset="31362858" timestamp="2015-05-22T07:00:51Z" user="Apreethi" uid="2900372" lat="12.9008248" lon="77.5196534"/>
 <node id="3535021397" visible="true" version="1" changeset="31362858" timestamp="2015-05-22T07:00:51Z" user="Apreethi" uid="2900372" lat="12.9008302" lon="77.5195772"/>
 <node id="3535021399" visible="true" version="1" changeset="31362858" timestamp="2015-05-22T07:00:51Z" user="Apreethi" uid="2900372" lat="12.9008408" lon="77.5195669"/>
 <node id="3535021402" visible="true" version="1" changeset="31362858" timestamp="2015-05-22T07:00:51Z" user="Apreethi" uid="2900372" lat="12.9008466" lon="77.5194670"/>
 <node id="3535021403" visible="true" version="1" changeset="31362858" timestamp="2015-05-22T07:00:51Z" user="Apreethi" uid="2900372" lat="12.9008467" lon="77.5194863"/>
 <node id="3535021406" visible="true" version="1" changeset="31362858" timestamp="2015-05-22T07:00:51Z" user="Apreethi" uid="2900372" lat="12.9008543" lon="77.5193893"/>
 <node id="3535021413" visible="true" version="1" changeset="31362858" timestamp="2015-05-22T07:00:51Z" user="Apreethi" uid="2900372" lat="12.9008754" lon="77.5202668"/>
 <node id="3535021416" visible="true" version="1" changeset="31362858" timestamp="2015-05-22T07:00:51Z" user="Apreethi" uid="2900372" lat="12.9008870" lon="77.5201669"/>
 <node id="3535021421" visible="true" version="1" changeset="31362858" timestamp="2015-05-22T07:00:51Z" user="Apreethi" uid="2900372" lat="12.9009088" lon="77.5206665"/>
 <node id="3535021431" visible="true" version="1" changeset="31362858" timestamp="2015-05-22T07:00:51Z" user="Apreethi" uid="2900372" lat="12.9009397" lon="77.5205337"/>
 <node id="3535021432" visible="true" version="1" changeset="31362858" timestamp="2015-05-22T07:00:51Z" user="Apreethi" uid="2900372" lat="12.9009470" lon="77.5195655"/>
 <node id="3535021434" visible="true" version="1" changeset="31362858" timestamp="2015-05-22T07:00:51Z" user="Apreethi" uid="2900372" lat="12.9009499" lon="77.5195057"/>
 <node id="3535021436" visible="true" version="1" changeset="31362858" timestamp="2015-05-22T07:00:51Z" user="Apreethi" uid="2900372" lat="12.9009531" lon="77.5203489"/>
 <node id="3535021437" visible="true" version="1" changeset="31362858" timestamp="2015-05-22T07:00:51Z" user="Apreethi" uid="2900372" lat="12.9009600" lon="77.5194879"/>
 <node id="3535021442" visible="true" version="1" changeset="31362858" timestamp="2015-05-22T07:00:51Z" user="Apreethi" uid="2900372" lat="12.9009658" lon="77.5202675"/>
 <node id="3535021445" visible="true" version="1" changeset="31362858" timestamp="2015-05-22T07:00:51Z" user="Apreethi" uid="2900372" lat="12.9009721" lon="77.5194015"/>
 <node id="3535021448" visible="true" version="1" changeset="31362858" timestamp="2015-05-22T07:00:51Z" user="Apreethi" uid="2900372" lat="12.9009840" lon="77.5196758"/>
 <node id="3535021451" visible="true" version="1" changeset="31362858" timestamp="2015-05-22T07:00:52Z" user="Apreethi" uid="2900372" lat="12.9009888" lon="77.5195824"/>
 <node id="3535021458" visible="true" version="1" changeset="31362858" timestamp="2015-05-22T07:00:52Z" user="Apreethi" uid="2900372" lat="12.9010033" lon="77.5206896"/>
 <node id="3535021466" visible="true" version="1" changeset="31362858" timestamp="2015-05-22T07:00:52Z" user="Apreethi" uid="2900372" lat="12.9010320" lon="77.5195699"/>
 <node id="3535021468" visible="true" version="1" changeset="31362858" timestamp="2015-05-22T07:00:52Z" user="Apreethi" uid="2900372" lat="12.9010342" lon="77.5205568"/>
 <node id="3535021469" visible="true" version="1" changeset="31362858" timestamp="2015-05-22T07:00:52Z" user="Apreethi" uid="2900372" lat="12.9010350" lon="77.5195101"/>
 <node id="3535021472" visible="true" version="1" changeset="31362858" timestamp="2015-05-22T07:00:52Z" user="Apreethi" uid="2900372" lat="12.9010400" lon="77.5196788"/>
 <node id="3535021473" visible="true" version="1" changeset="31362858" timestamp="2015-05-22T07:00:52Z" user="Apreethi" uid="2900372" lat="12.9010447" lon="77.5195854"/>
 <node id="3535021478" visible="true" version="1" changeset="31362858" timestamp="2015-05-22T07:00:52Z" user="Apreethi" uid="2900372" lat="12.9010622" lon="77.5203668"/>
 <node id="3535021479" visible="true" version="1" changeset="31362858" timestamp="2015-05-22T07:00:52Z" user="Apreethi" uid="2900372" lat="12.9010639" lon="77.5195871"/>
 <node id="3535021482" visible="true" version="1" changeset="31362858" timestamp="2015-05-22T07:00:52Z" user="Apreethi" uid="2900372" lat="12.9010683" lon="77.5195140"/>
 <node id="3535021485" visible="true" version="1" changeset="31362858" timestamp="2015-05-22T07:00:52Z" user="Apreethi" uid="2900372" lat="12.9010720" lon="77.5195043"/>
 <node id="3535021486" visible="true" version="1" changeset="31362858" timestamp="2015-05-22T07:00:52Z" user="Apreethi" uid="2900372" lat="12.9010749" lon="77.5202854"/>
 <node id="3535021491" visible="true" version="1" changeset="31362858" timestamp="2015-05-22T07:00:52Z" user="Apreethi" uid="2900372" lat="12.9010840" lon="77.5194179"/>
 <node id="3535021795" visible="true" version="1" changeset="31362858" timestamp="2015-05-22T07:00:52Z" user="Apreethi" uid="2900372" lat="12.9010939" lon="77.5201146"/>
 <node id="3535021810" visible="true" version="1" changeset="31362858" timestamp="2015-05-22T07:00:53Z" user="Apreethi" uid="2900372" lat="12.9011155" lon="77.5199438"/>
 <node id="3535021815" visible="true" version="1" changeset="31362858" timestamp="2015-05-22T07:00:53Z" user="Apreethi" uid="2900372" lat="12.9011345" lon="77.5195916"/>
 <node id="3535021818" visible="true" version="1" changeset="31362858" timestamp="2015-05-22T07:00:53Z" user="Apreethi" uid="2900372" lat="12.9011388" lon="77.5195185"/>
 <node id="3535021836" visible="true" version="1" changeset="31362858" timestamp="2015-05-22T07:00:53Z" user="Apreethi" uid="2900372" lat="12.9011763" lon="77.5195453"/>
 <node id="3535021847" visible="true" version="1" changeset="31362858" timestamp="2015-05-22T07:00:53Z" user="Apreethi" uid="2900372" lat="12.9011856" lon="77.5194821"/>
 <node id="3535021853" visible="true" version="1" changeset="31362858" timestamp="2015-05-22T07:00:53Z" user="Apreethi" uid="2900372" lat="12.9011968" lon="77.5201283"/>
 <node id="3535021859" visible="true" version="1" changeset="31362858" timestamp="2015-05-22T07:00:54Z" user="Apreethi" uid="2900372" lat="12.9012049" lon="77.5201368"/>
 <node id="3535021864" visible="true" version="1" changeset="31362858" timestamp="2015-05-22T07:00:54Z" user="Apreethi" uid="2900372" lat="12.9012184" lon="77.5199575"/>
 <node id="3535021867" visible="true" version="1" changeset="31362858" timestamp="2015-05-22T07:00:54Z" user="Apreethi" uid="2900372" lat="12.9012249" lon="77.5199654"/>
 <node id="3535022314" visible="true" version="1" changeset="31362858" timestamp="2015-05-22T07:00:55Z" user="Apreethi" uid="2900372" lat="12.9012971" lon="77.5195639"/>
 <node id="3535022317" visible="true" version="1" changeset="31362858" timestamp="2015-05-22T07:00:55Z" user="Apreethi" uid="2900372" lat="12.9013064" lon="77.5195006"/>
 <node id="3535022327" visible="true" version="1" changeset="31362858" timestamp="2015-05-22T07:00:55Z" user="Apreethi" uid="2900372" lat="12.9013202" lon="77.5201510"/>
 <node id="3535022330" visible="true" version="2" changeset="128731489" timestamp="2022-11-10T12:24:04Z" user="Madhumita Nandi" uid="16294697" lat="12.9012963" lon="77.5198671"/>
 <node id="3535022334" visible="true" version="1" changeset="31362858" timestamp="2015-05-22T07:00:55Z" user="Apreethi" uid="2900372" lat="12.9013402" lon="77.5199796"/>
 <node id="3535022336" visible="true" version="2" changeset="128731489" timestamp="2022-11-10T12:24:04Z" user="Madhumita Nandi" uid="16294697" lat="12.9013055" lon="77.5197822"/>
 <node id="3535022351" visible="true" version="2" changeset="128731489" timestamp="2022-11-10T12:24:04Z" user="Madhumita Nandi" uid="16294697" lat="12.9013346" lon="77.5196928"/>
 <node id="3535022360" visible="true" version="2" changeset="128731489" timestamp="2022-11-10T12:24:04Z" user="Madhumita Nandi" uid="16294697" lat="12.9013439" lon="77.5196084"/>
 <node id="3535022363" visible="true" version="2" changeset="128731489" timestamp="2022-11-10T12:24:04Z" user="Madhumita Nandi" uid="16294697" lat="12.9013393" lon="77.5195937"/>
 <node id="3535022367" visible="true" version="2" changeset="128731489" timestamp="2022-11-10T12:24:04Z" user="Madhumita Nandi" uid="16294697" lat="12.9013487" lon="77.5195312"/>
 <node id="3535022793" visible="true" version="2" changeset="128731489" timestamp="2022-11-10T12:24:04Z" user="Madhumita Nandi" uid="16294697" lat="12.9014256" lon="77.5198820"/>
 <node id="3535022799" visible="true" version="2" changeset="128731489" timestamp="2022-11-10T12:24:04Z" user="Madhumita Nandi" uid="16294697" lat="12.9014349" lon="77.5197971"/>
 <node id="3535022811" visible="true" version="2" changeset="128731489" timestamp="2022-11-10T12:24:04Z" user="Madhumita Nandi" uid="16294697" lat="12.9014594" lon="77.5197072"/>
 <node id="3535022817" visible="true" version="2" changeset="128731489" timestamp="2022-11-10T12:24:04Z" user="Madhumita Nandi" uid="16294697" lat="12.9014524" lon="77.5196117"/>
 <node id="3535022823" visible="true" version="2" changeset="128731489" timestamp="2022-11-10T12:24:04Z" user="Madhumita Nandi" uid="16294697" lat="12.9014687" lon="77.5196228"/>
 <node id="3535022826" visible="true" version="2" changeset="128731489" timestamp="2022-11-10T12:24:04Z" user="Madhumita Nandi" uid="16294697" lat="12.9014618" lon="77.5195491"/>
 <node id="3535022827" visible="true" version="2" changeset="128731921" timestamp="2022-11-10T12:33:16Z" user="Madhumita Nandi" uid="16294697" lat="12.9014861" lon="77.5203574"/>
 <node id="3535022831" visible="true" version="1" changeset="31362858" timestamp="2015-05-22T07:00:57Z" user="Apreethi" uid="2900372" lat="12.9015059" lon="77.5201435"/>
 <node id="3535022834" visible="true" version="2" changeset="128731921" timestamp="2022-11-10T12:33:16Z" user="Madhumita Nandi" uid="16294697" lat="12.9014953" lon="77.5202768"/>
 <node id="3535022838" visible="true" version="1" changeset="31362858" timestamp="2015-05-22T07:00:57Z" user="Apreethi" uid="2900372" lat="12.9015143" lon="77.5200995"/>
 <node id="3535022875" visible="true" version="2" changeset="128731921" timestamp="2022-11-10T12:33:16Z" user="Madhumita Nandi" uid="16294697" lat="12.9015530" lon="77.5203655"/>
 <node id="3535022884" visible="true" version="2" changeset="128731921" timestamp="2022-11-10T12:33:16Z" user="Madhumita Nandi" uid="16294697" lat="12.9015622" lon="77.5202848"/>
 <node id="3535023067" visible="true" version="1" changeset="31362858" timestamp="2015-05-22T07:00:59Z" user="Apreethi" uid="2900372" lat="12.9016616" lon="77.5201751"/>
 <node id="3535023074" visible="true" version="1" changeset="31362858" timestamp="2015-05-22T07:00:59Z" user="Apreethi" uid="2900372" lat="12.9016701" lon="77.5201311"/>
 <node id="3535023080" visible="true" version="1" changeset="31362858" timestamp="2015-05-22T07:00:59Z" user="Apreethi" uid="2900372" lat="12.9016734" lon="77.5201055"/>
 <node id="3535023091" visible="true" version="1" changeset="31362858" timestamp="2015-05-22T07:00:59Z" user="Apreethi" uid="2900372" lat="12.9016858" lon="77.5200380"/>
 <node id="3535023446" visible="true" version="1" changeset="31362858" timestamp="2015-05-22T07:01:00Z" user="Apreethi" uid="2900372" lat="12.9017352" lon="77.5203220"/>
 <node id="3535023453" visible="true" version="1" changeset="31362858" timestamp="2015-05-22T07:01:00Z" user="Apreethi" uid="2900372" lat="12.9017443" lon="77.5205680"/>
 <node id="3535023456" visible="true" version="2" changeset="31527493" timestamp="2015-05-28T11:47:15Z" user="Apreethi" uid="2900372" lat="12.9017466" lon="77.5204869"/>
 <node id="3535023468" visible="true" version="1" changeset="31362858" timestamp="2015-05-22T07:01:00Z" user="Apreethi" uid="2900372" lat="12.9017562" lon="77.5202213"/>
 <node id="3535023485" visible="true" version="1" changeset="31362858" timestamp="2015-05-22T07:01:01Z" user="Apreethi" uid="2900372" lat="12.9017772" lon="77.5201255"/>
 <node id="3535023491" visible="true" version="1" changeset="31362858" timestamp="2015-05-22T07:01:01Z" user="Apreethi" uid="2900372" lat="12.9017896" lon="77.5200580"/>
 <node id="3535023714" visible="true" version="2" changeset="31527493" timestamp="2015-05-28T11:47:15Z" user="Apreethi" uid="2900372" lat="12.9018067" lon="77.5205699"/>
 <node id="3535023715" visible="true" version="1" changeset="31362858" timestamp="2015-05-22T07:01:01Z" user="Apreethi" uid="2900372" lat="12.9018206" lon="77.5203408"/>
 <node id="3535023716" visible="true" version="2" changeset="31527493" timestamp="2015-05-28T11:47:15Z" user="Apreethi" uid="2900372" lat="12.9018090" lon="77.5204888"/>
 <node id="3535023722" visible="true" version="1" changeset="31362858" timestamp="2015-05-22T07:01:01Z" user="Apreethi" uid="2900372" lat="12.9018391" lon="77.5198708"/>
 <node id="3535023725" visible="true" version="1" changeset="31362858" timestamp="2015-05-22T07:01:01Z" user="Apreethi" uid="2900372" lat="12.9018416" lon="77.5202401"/>
 <node id="3535023741" visible="true" version="1" changeset="31362858" timestamp="2015-05-22T07:01:01Z" user="Apreethi" uid="2900372" lat="12.9018750" lon="77.5197421"/>
 <node id="3535023752" visible="true" version="1" changeset="31362858" timestamp="2015-05-22T07:01:02Z" user="Apreethi" uid="2900372" lat="12.9018894" lon="77.5202178"/>
 <node id="3535023755" visible="true" version="1" changeset="31362858" timestamp="2015-05-22T07:01:02Z" user="Apreethi" uid="2900372" lat="12.9018962" lon="77.5203583"/>
 <node id="3535023763" visible="true" version="1" changeset="31362858" timestamp="2015-05-22T07:01:02Z" user="Apreethi" uid="2900372" lat="12.9019224" lon="77.5202518"/>
 <node id="3535023765" visible="true" version="1" changeset="31362858" timestamp="2015-05-22T07:01:02Z" user="Apreethi" uid="2900372" lat="12.9019396" lon="77.5199004"/>
 <node id="3535023769" visible="true" version="1" changeset="31362858" timestamp="2015-05-22T07:01:02Z" user="Apreethi" uid="2900372" lat="12.9019461" lon="77.5200161"/>
 <node id="3535023774" visible="true" version="1" changeset="31362858" timestamp="2015-05-22T07:01:02Z" user="Apreethi" uid="2900372" lat="12.9019526" lon="77.5203729"/>
 <node id="3535023782" visible="true" version="1" changeset="31362858" timestamp="2015-05-22T07:01:02Z" user="Apreethi" uid="2900372" lat="12.9019756" lon="77.5197717"/>
 <node id="3535023785" visible="true" version="1" changeset="31362858" timestamp="2015-05-22T07:01:02Z" user="Apreethi" uid="2900372" lat="12.9019788" lon="77.5202443"/>
 <node id="3535023786" visible="true" version="1" changeset="31362858" timestamp="2015-05-22T07:01:02Z" user="Apreethi" uid="2900372" lat="12.9019789" lon="77.5202664"/>
 <node id="3535023901" visible="true" version="1" changeset="31362858" timestamp="2015-05-22T07:01:02Z" user="Apreethi" uid="2900372" lat="12.9020052" lon="77.5205606"/>
 <node id="3535023906" visible="true" version="1" changeset="31362858" timestamp="2015-05-22T07:01:02Z" user="Apreethi" uid="2900372" lat="12.9020125" lon="77.5204428"/>
 <node id="3535023916" visible="true" version="1" changeset="31362858" timestamp="2015-05-22T07:01:02Z" user="Apreethi" uid="2900372" lat="12.9020347" lon="77.5201183"/>
 <node id="3535023918" visible="true" version="1" changeset="31362858" timestamp="2015-05-22T07:01:02Z" user="Apreethi" uid="2900372" lat="12.9020355" lon="77.5200426"/>
 <node id="3535023921" visible="true" version="1" changeset="31362858" timestamp="2015-05-22T07:01:03Z" user="Apreethi" uid="2900372" lat="12.9020438" lon="77.5200815"/>
 <node id="3535023923" visible="true" version="1" changeset="31362858" timestamp="2015-05-22T07:01:03Z" user="Apreethi" uid="2900372" lat="12.9020482" lon="77.5200683"/>
 <node id="3535023925" visible="true" version="1" changeset="31362858" timestamp="2015-05-22T07:01:03Z" user="Apreethi" uid="2900372" lat="12.9020571" lon="77.5200371"/>
 <node id="3535023946" visible="true" version="1" changeset="31362858" timestamp="2015-05-22T07:01:03Z" user="Apreethi" uid="2900372" lat="12.9021007" lon="77.5205668"/>
 <node id="3535023950" visible="true" version="1" changeset="31362858" timestamp="2015-05-22T07:01:03Z" user="Apreethi" uid="2900372" lat="12.9021080" lon="77.5204490"/>
 <node id="3535023956" visible="true" version="1" changeset="31362858" timestamp="2015-05-22T07:01:03Z" user="Apreethi" uid="2900372" lat="12.9021190" lon="77.5201403"/>
 <node id="3535023960" visible="true" version="1" changeset="31362858" timestamp="2015-05-22T07:01:03Z" user="Apreethi" uid="2900372" lat="12.9021196" lon="77.5206533"/>
 <node id="3535023964" visible="true" version="1" changeset="31362858" timestamp="2015-05-22T07:01:03Z" user="Apreethi" uid="2900372" lat="12.9021282" lon="77.5201035"/>
 <node id="3535023969" visible="true" version="1" changeset="31362858" timestamp="2015-05-22T07:01:03Z" user="Apreethi" uid="2900372" lat="12.9021314" lon="77.5200933"/>
 <node id="3535023975" visible="true" version="1" changeset="31362858" timestamp="2015-05-22T07:01:03Z" user="Apreethi" uid="2900372" lat="12.9021403" lon="77.5200621"/>
 <node id="3535023982" visible="true" version="1" changeset="31362858" timestamp="2015-05-22T07:01:04Z" user="Apreethi" uid="2900372" lat="12.9021564" lon="77.5196723"/>
 <node id="3535023983" visible="true" version="1" changeset="31362858" timestamp="2015-05-22T07:01:04Z" user="Apreethi" uid="2900372" lat="12.9021577" lon="77.5202000"/>
 <node id="3535023984" visible="true" version="2" changeset="31833752" timestamp="2015-06-09T04:49:52Z" user="Apreethi" uid="2900372" lat="12.9021625" lon="77.5204903"/>
 <node id="3535023989" visible="true" version="1" changeset="31362858" timestamp="2015-05-22T07:01:04Z" user="Apreethi" uid="2900372" lat="12.9021746" lon="77.5196149"/>
 <node id="3535023991" visible="true" version="1" changeset="31362858" timestamp="2015-05-22T07:01:04Z" user="Apreethi" uid="2900372" lat="12.9021794" lon="77.5201201"/>
 <node id="3535024208" visible="true" version="1" changeset="31362858" timestamp="2015-05-22T07:01:04Z" user="Apreethi" uid="2900372" lat="12.9022175" lon="77.5198766"/>
 <node id="3535024214" visible="true" version="1" changeset="31362858" timestamp="2015-05-22T07:01:04Z" user="Apreethi" uid="2900372" lat="12.9022313" lon="77.5198319"/>
 <node id="3535024222" visible="true" version="1" changeset="31362858" timestamp="2015-05-22T07:01:04Z" user="Apreethi" uid="2900372" lat="12.9022389" lon="77.5202232"/>
 <node id="3535024233" visible="true" version="1" changeset="31362858" timestamp="2015-05-22T07:01:05Z" user="Apreethi" uid="2900372" lat="12.9022544" lon="77.5198886"/>
 <node id="3535024236" visible="true" version="1" changeset="31362858" timestamp="2015-05-22T07:01:05Z" user="Apreethi" uid="2900372" lat="12.9022606" lon="77.5201433"/>
 <node id="3535024237" visible="true" version="1" changeset="31362858" timestamp="2015-05-22T07:01:05Z" user="Apreethi" uid="2900372" lat="12.9022616" lon="77.5197074"/>
 <node id="3535024241" visible="true" version="1" changeset="31362858" timestamp="2015-05-22T07:01:05Z" user="Apreethi" uid="2900372" lat="12.9022682" lon="77.5198438"/>
 <node id="3535024244" visible="true" version="1" changeset="31362858" timestamp="2015-05-22T07:01:05Z" user="Apreethi" uid="2900372" lat="12.9022725" lon="77.5198931"/>
 <node id="3535024245" visible="true" version="1" changeset="31362858" timestamp="2015-05-22T07:01:05Z" user="Apreethi" uid="2900372" lat="12.9022730" lon="77.5200711"/>
 <node id="3535024251" visible="true" version="1" changeset="31362858" timestamp="2015-05-22T07:01:05Z" user="Apreethi" uid="2900372" lat="12.9022798" lon="77.5196500"/>
 <node id="3535024255" visible="true" version="1" changeset="31362858" timestamp="2015-05-22T07:01:05Z" user="Apreethi" uid="2900372" lat="12.9022839" lon="77.5198393"/>
 <node id="3535024264" visible="true" version="1" changeset="31362858" timestamp="2015-05-22T07:01:05Z" user="Apreethi" uid="2900372" lat="12.9022999" lon="77.5199786"/>
 <node id="3535024268" visible="true" version="1" changeset="31362858" timestamp="2015-05-22T07:01:05Z" user="Apreethi" uid="2900372" lat="12.9023054" lon="77.5199361"/>
 <node id="3535024269" visible="true" version="1" changeset="31362858" timestamp="2015-05-22T07:01:05Z" user="Apreethi" uid="2900372" lat="12.9023060" lon="77.5199005"/>
 <node id="3535024273" visible="true" version="1" changeset="31362858" timestamp="2015-05-22T07:01:05Z" user="Apreethi" uid="2900372" lat="12.9023114" lon="77.5202364"/>
 <node id="3535024275" visible="true" version="1" changeset="31362858" timestamp="2015-05-22T07:01:05Z" user="Apreethi" uid="2900372" lat="12.9023174" lon="77.5198467"/>
 <node id="3535024282" visible="true" version="1" changeset="31362858" timestamp="2015-05-22T07:01:05Z" user="Apreethi" uid="2900372" lat="12.9023301" lon="77.5198548"/>
 <node id="3535024292" visible="true" version="1" changeset="31362858" timestamp="2015-05-22T07:01:06Z" user="Apreethi" uid="2900372" lat="12.9023422" lon="77.5201430"/>
 <node id="3535024399" visible="true" version="1" changeset="31362858" timestamp="2015-05-22T07:01:06Z" user="Apreethi" uid="2900372" lat="12.9023467" lon="77.5200936"/>
 <node id="3535024402" visible="true" version="1" changeset="31362858" timestamp="2015-05-22T07:01:06Z" user="Apreethi" uid="2900372" lat="12.9023523" lon="77.5202506"/>
 <node id="3535024405" visible="true" version="1" changeset="31362858" timestamp="2015-05-22T07:01:06Z" user="Apreethi" uid="2900372" lat="12.9023597" lon="77.5202638"/>
 <node id="3535024410" visible="true" version="1" changeset="31362858" timestamp="2015-05-22T07:01:06Z" user="Apreethi" uid="2900372" lat="12.9023736" lon="77.5199579"/>
 <node id="3535024411" visible="true" version="1" changeset="31362858" timestamp="2015-05-22T07:01:06Z" user="Apreethi" uid="2900372" lat="12.9023736" lon="77.5200012"/>
 <node id="3535024416" visible="true" version="1" changeset="31362858" timestamp="2015-05-22T07:01:06Z" user="Apreethi" uid="2900372" lat="12.9023831" lon="77.5201573"/>
 <node id="3535024417" visible="true" version="1" changeset="31362858" timestamp="2015-05-22T07:01:06Z" user="Apreethi" uid="2900372" lat="12.9023866" lon="77.5199870"/>
 <node id="3535024419" visible="true" version="1" changeset="31362858" timestamp="2015-05-22T07:01:06Z" user="Apreethi" uid="2900372" lat="12.9023885" lon="77.5193937"/>
 <node id="3535024420" visible="true" version="1" changeset="31362858" timestamp="2015-05-22T07:01:06Z" user="Apreethi" uid="2900372" lat="12.9023885" lon="77.5201694"/>
 <node id="3535024426" visible="true" version="1" changeset="31362858" timestamp="2015-05-22T07:01:06Z" user="Apreethi" uid="2900372" lat="12.9023983" lon="77.5198767"/>
 <node id="3535024434" visible="true" version="1" changeset="31362858" timestamp="2015-05-22T07:01:06Z" user="Apreethi" uid="2900372" lat="12.9024057" lon="77.5202786"/>
 <node id="3535024435" visible="true" version="1" changeset="31362858" timestamp="2015-05-22T07:01:06Z" user="Apreethi" uid="2900372" lat="12.9024060" lon="77.5193072"/>
 <node id="3535024450" visible="true" version="1" changeset="31362858" timestamp="2015-05-22T07:01:07Z" user="Apreethi" uid="2900372" lat="12.9024203" lon="77.5201269"/>
 <node id="3535024452" visible="true" version="1" changeset="31362858" timestamp="2015-05-22T07:01:07Z" user="Apreethi" uid="2900372" lat="12.9024223" lon="77.5190967"/>
 <node id="3535024455" visible="true" version="1" changeset="31362858" timestamp="2015-05-22T07:01:07Z" user="Apreethi" uid="2900372" lat="12.9024229" lon="77.5198754"/>
 <node id="3535024463" visible="true" version="1" changeset="31362858" timestamp="2015-05-22T07:01:07Z" user="Apreethi" uid="2900372" lat="12.9024345" lon="77.5201842"/>
 <node id="3535024464" visible="true" version="1" changeset="31362858" timestamp="2015-05-22T07:01:07Z" user="Apreethi" uid="2900372" lat="12.9024362" lon="77.5190370"/>
 <node id="3535024466" visible="true" version="1" changeset="31362858" timestamp="2015-05-22T07:01:07Z" user="Apreethi" uid="2900372" lat="12.9024392" lon="77.5200315"/>
 <node id="3535024469" visible="true" version="1" changeset="31362858" timestamp="2015-05-22T07:01:07Z" user="Apreethi" uid="2900372" lat="12.9024448" lon="77.5202856"/>
 <node id="3535024475" visible="true" version="1" changeset="31362858" timestamp="2015-05-22T07:01:07Z" user="Apreethi" uid="2900372" lat="12.9024542" lon="77.5194076"/>
 <node id="3535024481" visible="true" version="1" changeset="31362858" timestamp="2015-05-22T07:01:07Z" user="Apreethi" uid="2900372" lat="12.9024607" lon="77.5201854"/>
 <node id="3535024483" visible="true" version="1" changeset="31362858" timestamp="2015-05-22T07:01:07Z" user="Apreethi" uid="2900372" lat="12.9024630" lon="77.5200131"/>
 <node id="3535024488" visible="true" version="1" changeset="31362858" timestamp="2015-05-22T07:01:07Z" user="Apreethi" uid="2900372" lat="12.9024717" lon="77.5193211"/>
 <node id="3535024594" visible="true" version="1" changeset="31362858" timestamp="2015-05-22T07:01:07Z" user="Apreethi" uid="2900372" lat="12.9024797" lon="77.5194755"/>
 <node id="3535024599" visible="true" version="1" changeset="31362858" timestamp="2015-05-22T07:01:07Z" user="Apreethi" uid="2900372" lat="12.9024835" lon="77.5200222"/>
 <node id="3535024602" visible="true" version="1" changeset="31362858" timestamp="2015-05-22T07:01:08Z" user="Apreethi" uid="2900372" lat="12.9024905" lon="77.5194165"/>
 <node id="3535024608" visible="true" version="1" changeset="31362858" timestamp="2015-05-22T07:01:08Z" user="Apreethi" uid="2900372" lat="12.9024992" lon="77.5199015"/>
 <node id="3535024616" visible="true" version="1" changeset="31362858" timestamp="2015-05-22T07:01:08Z" user="Apreethi" uid="2900372" lat="12.9025148" lon="77.5199200"/>
 <node id="3535024617" visible="true" version="1" changeset="31362858" timestamp="2015-05-22T07:01:08Z" user="Apreethi" uid="2900372" lat="12.9025182" lon="77.5201473"/>
 <node id="3535024620" visible="true" version="1" changeset="31362858" timestamp="2015-05-22T07:01:08Z" user="Apreethi" uid="2900372" lat="12.9025226" lon="77.5202986"/>
 <node id="3535024624" visible="true" version="1" changeset="31362858" timestamp="2015-05-22T07:01:08Z" user="Apreethi" uid="2900372" lat="12.9025342" lon="77.5191243"/>
 <node id="3535024627" visible="true" version="1" changeset="31362858" timestamp="2015-05-22T07:01:08Z" user="Apreethi" uid="2900372" lat="12.9025371" lon="77.5200519"/>
 <node id="3535024631" visible="true" version="1" changeset="31362858" timestamp="2015-05-22T07:01:08Z" user="Apreethi" uid="2900372" lat="12.9025386" lon="77.5201984"/>
 <node id="3535024639" visible="true" version="1" changeset="31362858" timestamp="2015-05-22T07:01:08Z" user="Apreethi" uid="2900372" lat="12.9025480" lon="77.5200429"/>
 <node id="3535024640" visible="true" version="1" changeset="31362858" timestamp="2015-05-22T07:01:08Z" user="Apreethi" uid="2900372" lat="12.9025482" lon="77.5190646"/>
 <node id="3535024642" visible="true" version="1" changeset="31362858" timestamp="2015-05-22T07:01:08Z" user="Apreethi" uid="2900372" lat="12.9025499" lon="77.5207726"/>
 <node id="3535024656" visible="true" version="1" changeset="31362858" timestamp="2015-05-22T07:01:09Z" user="Apreethi" uid="2900372" lat="12.9025601" lon="77.5191169"/>
 <node id="3535024665" visible="true" version="1" changeset="31362858" timestamp="2015-05-22T07:01:09Z" user="Apreethi" uid="2900372" lat="12.9025697" lon="77.5190478"/>
 <node id="3535024676" visible="true" version="1" changeset="31362858" timestamp="2015-05-22T07:01:09Z" user="Apreethi" uid="2900372" lat="12.9025793" lon="77.5199408"/>
 <node id="3535024685" visible="true" version="2" changeset="31833752" timestamp="2015-06-09T04:49:52Z" user="Apreethi" uid="2900372" lat="12.9025928" lon="77.5206096"/>
 <node id="3535024688" visible="true" version="1" changeset="31362858" timestamp="2015-05-22T07:01:09Z" user="Apreethi" uid="2900372" lat="12.9025916" lon="77.5194971"/>
 <node id="3535024897" visible="true" version="1" changeset="31362858" timestamp="2015-05-22T07:01:09Z" user="Apreethi" uid="2900372" lat="12.9026025" lon="77.5194381"/>
 <node id="3535024953" visible="true" version="1" changeset="31362858" timestamp="2015-05-22T07:01:10Z" user="Apreethi" uid="2900372" lat="12.9026752" lon="77.5191338"/>
 <node id="3535024959" visible="true" version="1" changeset="31362858" timestamp="2015-05-22T07:01:10Z" user="Apreethi" uid="2900372" lat="12.9026848" lon="77.5190647"/>
 <node id="3535024981" visible="true" version="1" changeset="31362858" timestamp="2015-05-22T07:01:11Z" user="Apreethi" uid="2900372" lat="12.9027447" lon="77.5202486"/>
 <node id="3535024983" visible="true" version="1" changeset="31362858" timestamp="2015-05-22T07:01:11Z" user="Apreethi" uid="2900372" lat="12.9027498" lon="77.5200820"/>
 <node id="3535024984" visible="true" version="1" changeset="31362858" timestamp="2015-05-22T07:01:11Z" user="Apreethi" uid="2900372" lat="12.9027499" lon="77.5199311"/>
 <node id="3535024990" visible="true" version="1" changeset="31362858" timestamp="2015-05-22T07:01:11Z" user="Apreethi" uid="2900372" lat="12.9027569" lon="77.5200677"/>
 <node id="3535025095" visible="true" version="1" changeset="31362858" timestamp="2015-05-22T07:01:11Z" user="Apreethi" uid="2900372" lat="12.9027640" lon="77.5199583"/>
 <node id="3535025098" visible="true" version="1" changeset="31362858" timestamp="2015-05-22T07:01:11Z" user="Apreethi" uid="2900372" lat="12.9027674" lon="77.5197961"/>
 <node id="3535025102" visible="true" version="1" changeset="31362858" timestamp="2015-05-22T07:01:11Z" user="Apreethi" uid="2900372" lat="12.9027682" lon="77.5197798"/>
 <node id="3535025109" visible="true" version="1" changeset="31362858" timestamp="2015-05-22T07:01:11Z" user="Apreethi" uid="2900372" lat="12.9027768" lon="77.5196547"/>
 <node id="3535025112" visible="true" version="1" changeset="31362858" timestamp="2015-05-22T07:01:11Z" user="Apreethi" uid="2900372" lat="12.9027791" lon="77.5203347"/>
 <node id="3535025119" visible="true" version="1" changeset="31362858" timestamp="2015-05-22T07:01:11Z" user="Apreethi" uid="2900372" lat="12.9027929" lon="77.5193643"/>
 <node id="3535025124" visible="true" version="1" changeset="31362858" timestamp="2015-05-22T07:01:12Z" user="Apreethi" uid="2900372" lat="12.9028021" lon="77.5192905"/>
 <node id="3535025125" visible="true" version="1" changeset="31362858" timestamp="2015-05-22T07:01:12Z" user="Apreethi" uid="2900372" lat="12.9028075" lon="77.5205607"/>
 <node id="3535025130" visible="true" version="1" changeset="31362858" timestamp="2015-05-22T07:01:12Z" user="Apreethi" uid="2900372" lat="12.9028227" lon="77.5202512"/>
 <node id="3535025132" visible="true" version="1" changeset="31362858" timestamp="2015-05-22T07:01:12Z" user="Apreethi" uid="2900372" lat="12.9028278" lon="77.5200845"/>
 <node id="3535025134" visible="true" version="1" changeset="31362858" timestamp="2015-05-22T07:01:12Z" user="Apreethi" uid="2900372" lat="12.9028340" lon="77.5200729"/>
 <node id="3535025136" visible="true" version="1" changeset="31362858" timestamp="2015-05-22T07:01:12Z" user="Apreethi" uid="2900372" lat="12.9028361" lon="77.5202490"/>
 <node id="3535025139" visible="true" version="1" changeset="31362858" timestamp="2015-05-22T07:01:12Z" user="Apreethi" uid="2900372" lat="12.9028391" lon="77.5199432"/>
 <node id="3535025141" visible="true" version="1" changeset="31362858" timestamp="2015-05-22T07:01:12Z" user="Apreethi" uid="2900372" lat="12.9028407" lon="77.5201114"/>
 <node id="3535025142" visible="true" version="1" changeset="31362858" timestamp="2015-05-22T07:01:12Z" user="Apreethi" uid="2900372" lat="12.9028411" lon="77.5199636"/>
 <node id="3535025153" visible="true" version="1" changeset="31362858" timestamp="2015-05-22T07:01:12Z" user="Apreethi" uid="2900372" lat="12.9028566" lon="77.5198082"/>
 <node id="3535025155" visible="true" version="1" changeset="31362858" timestamp="2015-05-22T07:01:12Z" user="Apreethi" uid="2900372" lat="12.9028659" lon="77.5203233"/>
 <node id="3535025159" visible="true" version="1" changeset="31362858" timestamp="2015-05-22T07:01:12Z" user="Apreethi" uid="2900372" lat="12.9028710" lon="77.5197872"/>
 <node id="3535025161" visible="true" version="1" changeset="31362858" timestamp="2015-05-22T07:01:12Z" user="Apreethi" uid="2900372" lat="12.9028795" lon="77.5196621"/>
 <node id="3535025169" visible="true" version="1" changeset="31362858" timestamp="2015-05-22T07:01:12Z" user="Apreethi" uid="2900372" lat="12.9028942" lon="77.5205492"/>
 <node id="3535025170" visible="true" version="1" changeset="31362858" timestamp="2015-05-22T07:01:12Z" user="Apreethi" uid="2900372" lat="12.9028967" lon="77.5193780"/>
 <node id="3535025180" visible="true" version="1" changeset="31362858" timestamp="2015-05-22T07:01:13Z" user="Apreethi" uid="2900372" lat="12.9029060" lon="77.5193042"/>
 <node id="3535025223" visible="true" version="1" changeset="31362858" timestamp="2015-05-22T07:01:14Z" user="Apreethi" uid="2900372" lat="12.9030149" lon="77.5202554"/>
 <node id="3535025226" visible="true" version="1" changeset="31362858" timestamp="2015-05-22T07:01:14Z" user="Apreethi" uid="2900372" lat="12.9030195" lon="77.5201178"/>
 <node id="3535426089" visible="true" version="2" changeset="128731037" timestamp="2022-11-10T12:14:06Z" user="Madhumita Nandi" uid="16294697" lat="12.8994025" lon="77.5191349"/>
 <node id="3535426090" visible="true" version="2" changeset="128731037" timestamp="2022-11-10T12:14:06Z" user="Madhumita Nandi" uid="16294697" lat="12.8994257" lon="77.5190695"/>
 <node id="3535426205" visible="true" version="2" changeset="128731037" timestamp="2022-11-10T12:14:06Z" user="Madhumita Nandi" uid="16294697" lat="12.8996573" lon="77.5195158"/>
 <node id="3535426206" visible="true" version="2" changeset="128731037" timestamp="2022-11-10T12:14:06Z" user="Madhumita Nandi" uid="16294697" lat="12.8996360" lon="77.5193091"/>
 <node id="3535426207" visible="true" version="2" changeset="128731037" timestamp="2022-11-10T12:14:06Z" user="Madhumita Nandi" uid="16294697" lat="12.8996816" lon="77.5191249"/>
 <node id="3535426208" visible="true" version="1" changeset="31366557" timestamp="2015-05-22T09:52:29Z" user="Apreethi" uid="2900372" lat="12.8997090" lon="77.5191622"/>
 <node id="3535426211" visible="true" version="3" changeset="128731037" timestamp="2022-11-10T12:14:06Z" user="Madhumita Nandi" uid="16294697" lat="12.8999143" lon="77.5195771"/>
 <node id="3535426224" visible="true" version="2" changeset="128731037" timestamp="2022-11-10T12:14:06Z" user="Madhumita Nandi" uid="16294697" lat="12.8999795" lon="77.5192077"/>
 <node id="3535426227" visible="true" version="1" changeset="31366557" timestamp="2015-05-22T09:52:30Z" user="Apreethi" uid="2900372" lat="12.9000506" lon="77.5192770"/>
 <node id="3535426229" visible="true" version="1" changeset="31366557" timestamp="2015-05-22T09:52:30Z" user="Apreethi" uid="2900372" lat="12.9000616" lon="77.5191896"/>
 <node id="3535426236" visible="true" version="1" changeset="31366557" timestamp="2015-05-22T09:52:30Z" user="Apreethi" uid="2900372" lat="12.9001533" lon="77.5192906"/>
 <node id="3535426238" visible="true" version="1" changeset="31366557" timestamp="2015-05-22T09:52:30Z" user="Apreethi" uid="2900372" lat="12.9001643" lon="77.5192033"/>
 <node id="3535426639" visible="true" version="1" changeset="31366557" timestamp="2015-05-22T09:52:32Z" user="Apreethi" uid="2900372" lat="12.9019687" lon="77.5203827"/>
 <node id="3535426640" visible="true" version="1" changeset="31366557" timestamp="2015-05-22T09:52:32Z" user="Apreethi" uid="2900372" lat="12.9019817" lon="77.5202890"/>
 <node id="3535426641" visible="true" version="1" changeset="31366557" timestamp="2015-05-22T09:52:32Z" user="Apreethi" uid="2900372" lat="12.9020925" lon="77.5204009"/>
 <node id="3535426642" visible="true" version="1" changeset="31366557" timestamp="2015-05-22T09:52:32Z" user="Apreethi" uid="2900372" lat="12.9021055" lon="77.5203072"/>
 <node id="3543252782" visible="true" version="1" changeset="31435678" timestamp="2015-05-25T06:02:23Z" user="sdivya" uid="2905508" lat="12.9007635" lon="77.5164976"/>
 <node id="3543252784" visible="true" version="1" changeset="31435678" timestamp="2015-05-25T06:02:23Z" user="sdivya" uid="2905508" lat="12.9007792" lon="77.5164482"/>
 <node id="3543252785" visible="true" version="1" changeset="31435678" timestamp="2015-05-25T06:02:23Z" user="sdivya" uid="2905508" lat="12.9007806" lon="77.5164411"/>
 <node id="3543252786" visible="true" version="1" changeset="31435678" timestamp="2015-05-25T06:02:23Z" user="sdivya" uid="2905508" lat="12.9007970" lon="77.5163892"/>
 <node id="3543252789" visible="true" version="1" changeset="31435678" timestamp="2015-05-25T06:02:23Z" user="sdivya" uid="2905508" lat="12.9008180" lon="77.5163524"/>
 <node id="3543252791" visible="true" version="1" changeset="31435678" timestamp="2015-05-25T06:02:23Z" user="sdivya" uid="2905508" lat="12.9008375" lon="77.5162912"/>
 <node id="3543252792" visible="true" version="1" changeset="31435678" timestamp="2015-05-25T06:02:23Z" user="sdivya" uid="2905508" lat="12.9008384" lon="77.5162728"/>
 <node id="3543274094" visible="true" version="1" changeset="31435678" timestamp="2015-05-25T06:02:23Z" user="sdivya" uid="2905508" lat="12.9008508" lon="77.5162335"/>
 <node id="3543274095" visible="true" version="1" changeset="31435678" timestamp="2015-05-25T06:02:23Z" user="sdivya" uid="2905508" lat="12.9008587" lon="77.5162208"/>
 <node id="3543274096" visible="true" version="1" changeset="31435678" timestamp="2015-05-25T06:02:23Z" user="sdivya" uid="2905508" lat="12.9008596" lon="77.5166140"/>
 <node id="3543274098" visible="true" version="1" changeset="31435678" timestamp="2015-05-25T06:02:23Z" user="sdivya" uid="2905508" lat="12.9008689" lon="77.5165328"/>
 <node id="3543274100" visible="true" version="1" changeset="31435678" timestamp="2015-05-25T06:02:23Z" user="sdivya" uid="2905508" lat="12.9008746" lon="77.5165486"/>
 <node id="3543274101" visible="true" version="1" changeset="31435678" timestamp="2015-05-25T06:02:23Z" user="sdivya" uid="2905508" lat="12.9008789" lon="77.5161574"/>
 <node id="3543274102" visible="true" version="1" changeset="31435678" timestamp="2015-05-25T06:02:23Z" user="sdivya" uid="2905508" lat="12.9008846" lon="77.5161423"/>
 <node id="3543274103" visible="true" version="1" changeset="31435678" timestamp="2015-05-25T06:02:23Z" user="sdivya" uid="2905508" lat="12.9008846" lon="77.5164835"/>
 <node id="3543274104" visible="true" version="1" changeset="31435678" timestamp="2015-05-25T06:02:23Z" user="sdivya" uid="2905508" lat="12.9008852" lon="77.5164761"/>
 <node id="3543274105" visible="true" version="1" changeset="31435678" timestamp="2015-05-25T06:02:23Z" user="sdivya" uid="2905508" lat="12.9008896" lon="77.5164976"/>
 <node id="3543274106" visible="true" version="1" changeset="31435678" timestamp="2015-05-25T06:02:24Z" user="sdivya" uid="2905508" lat="12.9009017" lon="77.5164242"/>
 <node id="3543274107" visible="true" version="1" changeset="31435678" timestamp="2015-05-25T06:02:24Z" user="sdivya" uid="2905508" lat="12.9009027" lon="77.5160854"/>
 <node id="3543274110" visible="true" version="1" changeset="31435678" timestamp="2015-05-25T06:02:24Z" user="sdivya" uid="2905508" lat="12.9009185" lon="77.5163860"/>
 <node id="3543274111" visible="true" version="1" changeset="31435678" timestamp="2015-05-25T06:02:24Z" user="sdivya" uid="2905508" lat="12.9009229" lon="77.5166293"/>
 <node id="3543274113" visible="true" version="1" changeset="31435678" timestamp="2015-05-25T06:02:24Z" user="sdivya" uid="2905508" lat="12.9009240" lon="77.5163890"/>
 <node id="3543274114" visible="true" version="1" changeset="31435678" timestamp="2015-05-25T06:02:24Z" user="sdivya" uid="2905508" lat="12.9009305" lon="77.5163036"/>
 <node id="3543274115" visible="true" version="1" changeset="31435678" timestamp="2015-05-25T06:02:24Z" user="sdivya" uid="2905508" lat="12.9009314" lon="77.5163795"/>
 <node id="3543274117" visible="true" version="1" changeset="31435678" timestamp="2015-05-25T06:02:24Z" user="sdivya" uid="2905508" lat="12.9009379" lon="77.5165638"/>
 <node id="3543274118" visible="true" version="1" changeset="31435678" timestamp="2015-05-25T06:02:24Z" user="sdivya" uid="2905508" lat="12.9009380" lon="77.5163248"/>
 <node id="3543274119" visible="true" version="1" changeset="31435678" timestamp="2015-05-25T06:02:24Z" user="sdivya" uid="2905508" lat="12.9009380" lon="77.5166341"/>
 <node id="3543274120" visible="true" version="1" changeset="31435678" timestamp="2015-05-25T06:02:24Z" user="sdivya" uid="2905508" lat="12.9009430" lon="77.5162643"/>
 <node id="3543274121" visible="true" version="1" changeset="31435678" timestamp="2015-05-25T06:02:24Z" user="sdivya" uid="2905508" lat="12.9009454" lon="77.5162498"/>
 <node id="3543274122" visible="true" version="1" changeset="31435678" timestamp="2015-05-25T06:02:24Z" user="sdivya" uid="2905508" lat="12.9009484" lon="77.5165711"/>
 <node id="3543274123" visible="true" version="1" changeset="31435678" timestamp="2015-05-25T06:02:24Z" user="sdivya" uid="2905508" lat="12.9009496" lon="77.5163140"/>
 <node id="3543274124" visible="true" version="1" changeset="31435678" timestamp="2015-05-25T06:02:24Z" user="sdivya" uid="2905508" lat="12.9009500" lon="77.5163210"/>
 <node id="3543274125" visible="true" version="1" changeset="31435678" timestamp="2015-05-25T06:02:24Z" user="sdivya" uid="2905508" lat="12.9009617" lon="77.5162485"/>
 <node id="3543274126" visible="true" version="1" changeset="31435678" timestamp="2015-05-25T06:02:24Z" user="sdivya" uid="2905508" lat="12.9009637" lon="77.5162696"/>
 <node id="3543274127" visible="true" version="1" changeset="31435678" timestamp="2015-05-25T06:02:24Z" user="sdivya" uid="2905508" lat="12.9009655" lon="77.5161864"/>
 <node id="3543274129" visible="true" version="1" changeset="31435678" timestamp="2015-05-25T06:02:24Z" user="sdivya" uid="2905508" lat="12.9009782" lon="77.5161965"/>
 <node id="3543274130" visible="true" version="1" changeset="31435678" timestamp="2015-05-25T06:02:24Z" user="sdivya" uid="2905508" lat="12.9009788" lon="77.5161738"/>
 <node id="3543274132" visible="true" version="1" changeset="31435678" timestamp="2015-05-25T06:02:24Z" user="sdivya" uid="2905508" lat="12.9009881" lon="77.5161824"/>
 <node id="3543274133" visible="true" version="1" changeset="31435678" timestamp="2015-05-25T06:02:24Z" user="sdivya" uid="2905508" lat="12.9009903" lon="77.5166432"/>
 <node id="3543274134" visible="true" version="1" changeset="31435678" timestamp="2015-05-25T06:02:24Z" user="sdivya" uid="2905508" lat="12.9009949" lon="77.5165328"/>
 <node id="3543274135" visible="true" version="1" changeset="31435678" timestamp="2015-05-25T06:02:24Z" user="sdivya" uid="2905508" lat="12.9009969" lon="77.5161169"/>
 <node id="3543274136" visible="true" version="1" changeset="31435678" timestamp="2015-05-25T06:02:24Z" user="sdivya" uid="2905508" lat="12.9010007" lon="77.5165802"/>
 <node id="3543274137" visible="true" version="1" changeset="31435678" timestamp="2015-05-25T06:02:24Z" user="sdivya" uid="2905508" lat="12.9010024" lon="77.5161375"/>
 <node id="3543274139" visible="true" version="1" changeset="31435678" timestamp="2015-05-25T06:02:24Z" user="sdivya" uid="2905508" lat="12.9010169" lon="77.5164081"/>
 <node id="3543274140" visible="true" version="1" changeset="31435678" timestamp="2015-05-25T06:02:25Z" user="sdivya" uid="2905508" lat="12.9010294" lon="77.5164242"/>
 <node id="3543274141" visible="true" version="1" changeset="31435678" timestamp="2015-05-25T06:02:25Z" user="sdivya" uid="2905508" lat="12.9010351" lon="77.5163426"/>
 <node id="3543274143" visible="true" version="1" changeset="31435678" timestamp="2015-05-25T06:02:25Z" user="sdivya" uid="2905508" lat="12.9010354" lon="77.5163496"/>
 <node id="3543274144" visible="true" version="1" changeset="31435678" timestamp="2015-05-25T06:02:25Z" user="sdivya" uid="2905508" lat="12.9010356" lon="77.5166078"/>
 <node id="3543274146" visible="true" version="1" changeset="31435678" timestamp="2015-05-25T06:02:25Z" user="sdivya" uid="2905508" lat="12.9010488" lon="77.5165500"/>
 <node id="3543274147" visible="true" version="1" changeset="31435678" timestamp="2015-05-25T06:02:25Z" user="sdivya" uid="2905508" lat="12.9010492" lon="77.5162982"/>
 <node id="3543274148" visible="true" version="1" changeset="31435678" timestamp="2015-05-25T06:02:25Z" user="sdivya" uid="2905508" lat="12.9010511" lon="77.5165591"/>
 <node id="3543274149" visible="true" version="1" changeset="31435678" timestamp="2015-05-25T06:02:25Z" user="sdivya" uid="2905508" lat="12.9010547" lon="77.5162796"/>
 <node id="3543274150" visible="true" version="1" changeset="31435678" timestamp="2015-05-25T06:02:25Z" user="sdivya" uid="2905508" lat="12.9010653" lon="77.5164794"/>
 <node id="3543274151" visible="true" version="1" changeset="31435678" timestamp="2015-05-25T06:02:25Z" user="sdivya" uid="2905508" lat="12.9010669" lon="77.5162088"/>
 <node id="3543274152" visible="true" version="1" changeset="31435678" timestamp="2015-05-25T06:02:25Z" user="sdivya" uid="2905508" lat="12.9010672" lon="77.5164920"/>
 <node id="3543274153" visible="true" version="1" changeset="31435678" timestamp="2015-05-25T06:02:25Z" user="sdivya" uid="2905508" lat="12.9010712" lon="77.5162276"/>
 <node id="3543274154" visible="true" version="1" changeset="31435678" timestamp="2015-05-25T06:02:25Z" user="sdivya" uid="2905508" lat="12.9010780" lon="77.5164319"/>
 <node id="3543274155" visible="true" version="1" changeset="31435678" timestamp="2015-05-25T06:02:25Z" user="sdivya" uid="2905508" lat="12.9010781" lon="77.5164392"/>
 <node id="3543274156" visible="true" version="1" changeset="31435678" timestamp="2015-05-25T06:02:25Z" user="sdivya" uid="2905508" lat="12.9010811" lon="77.5161638"/>
 <node id="3543274158" visible="true" version="1" changeset="31435678" timestamp="2015-05-25T06:02:25Z" user="sdivya" uid="2905508" lat="12.9011197" lon="77.5163006"/>
 <node id="3543274159" visible="true" version="1" changeset="31435678" timestamp="2015-05-25T06:02:25Z" user="sdivya" uid="2905508" lat="12.9011198" lon="77.5162919"/>
 <node id="3543274160" visible="true" version="1" changeset="31435678" timestamp="2015-05-25T06:02:25Z" user="sdivya" uid="2905508" lat="12.9011283" lon="77.5166388"/>
 <node id="3543274161" visible="true" version="1" changeset="31435678" timestamp="2015-05-25T06:02:25Z" user="sdivya" uid="2905508" lat="12.9011379" lon="77.5162347"/>
 <node id="3543274162" visible="true" version="1" changeset="31435678" timestamp="2015-05-25T06:02:25Z" user="sdivya" uid="2905508" lat="12.9011438" lon="77.5165900"/>
 <node id="3543274163" visible="true" version="1" changeset="31435678" timestamp="2015-05-25T06:02:25Z" user="sdivya" uid="2905508" lat="12.9011443" lon="77.5165819"/>
 <node id="3543274164" visible="true" version="1" changeset="31435678" timestamp="2015-05-25T06:02:25Z" user="sdivya" uid="2905508" lat="12.9011534" lon="77.5166121"/>
 <node id="3543274165" visible="true" version="1" changeset="31435678" timestamp="2015-05-25T06:02:25Z" user="sdivya" uid="2905508" lat="12.9011627" lon="77.5165240"/>
 <node id="3543274166" visible="true" version="1" changeset="31435678" timestamp="2015-05-25T06:02:25Z" user="sdivya" uid="2905508" lat="12.9011662" lon="77.5165716"/>
 <node id="3543274167" visible="true" version="1" changeset="31435678" timestamp="2015-05-25T06:02:25Z" user="sdivya" uid="2905508" lat="12.9011704" lon="77.5165624"/>
 <node id="3543274168" visible="true" version="1" changeset="31435678" timestamp="2015-05-25T06:02:25Z" user="sdivya" uid="2905508" lat="12.9011720" lon="77.5165150"/>
 <node id="3543274169" visible="true" version="1" changeset="31435678" timestamp="2015-05-25T06:02:25Z" user="sdivya" uid="2905508" lat="12.9011818" lon="77.5165265"/>
 <node id="3543274170" visible="true" version="1" changeset="31435678" timestamp="2015-05-25T06:02:25Z" user="sdivya" uid="2905508" lat="12.9011831" lon="77.5165138"/>
 <node id="3543274171" visible="true" version="1" changeset="31435678" timestamp="2015-05-25T06:02:25Z" user="sdivya" uid="2905508" lat="12.9011847" lon="77.5164748"/>
 <node id="3543274172" visible="true" version="1" changeset="31435678" timestamp="2015-05-25T06:02:25Z" user="sdivya" uid="2905508" lat="12.9011904" lon="77.5164695"/>
 <node id="3543274173" visible="true" version="1" changeset="31435678" timestamp="2015-05-25T06:02:25Z" user="sdivya" uid="2905508" lat="12.9011986" lon="77.5164651"/>
 <node id="3543274174" visible="true" version="1" changeset="31435678" timestamp="2015-05-25T06:02:25Z" user="sdivya" uid="2905508" lat="12.9012013" lon="77.5164535"/>
 <node id="3543274175" visible="true" version="1" changeset="31435678" timestamp="2015-05-25T06:02:25Z" user="sdivya" uid="2905508" lat="12.9012257" lon="77.5163766"/>
 <node id="3543274176" visible="true" version="1" changeset="31435678" timestamp="2015-05-25T06:02:25Z" user="sdivya" uid="2905508" lat="12.9012316" lon="77.5163292"/>
 <node id="3543274177" visible="true" version="1" changeset="31435678" timestamp="2015-05-25T06:02:25Z" user="sdivya" uid="2905508" lat="12.9012321" lon="77.5163382"/>
 <node id="3543274178" visible="true" version="1" changeset="31435678" timestamp="2015-05-25T06:02:25Z" user="sdivya" uid="2905508" lat="12.9012424" lon="77.5166418"/>
 <node id="3543274179" visible="true" version="1" changeset="31435678" timestamp="2015-05-25T06:02:25Z" user="sdivya" uid="2905508" lat="12.9012497" lon="77.5162721"/>
 <node id="3543274180" visible="true" version="1" changeset="31435678" timestamp="2015-05-25T06:02:25Z" user="sdivya" uid="2905508" lat="12.9012552" lon="77.5166013"/>
 <node id="3543274181" visible="true" version="1" changeset="31435678" timestamp="2015-05-25T06:02:25Z" user="sdivya" uid="2905508" lat="12.9012625" lon="77.5165932"/>
 <node id="3543274182" visible="true" version="1" changeset="31435678" timestamp="2015-05-25T06:02:25Z" user="sdivya" uid="2905508" lat="12.9012739" lon="77.5165573"/>
 <node id="3543274183" visible="true" version="1" changeset="31435678" timestamp="2015-05-25T06:02:25Z" user="sdivya" uid="2905508" lat="12.9012799" lon="77.5165462"/>
 <node id="3543274184" visible="true" version="1" changeset="31435678" timestamp="2015-05-25T06:02:25Z" user="sdivya" uid="2905508" lat="12.9012954" lon="77.5164974"/>
 <node id="3543274185" visible="true" version="1" changeset="31435678" timestamp="2015-05-25T06:02:25Z" user="sdivya" uid="2905508" lat="12.9013012" lon="77.5167030"/>
 <node id="3543274186" visible="true" version="1" changeset="31435678" timestamp="2015-05-25T06:02:25Z" user="sdivya" uid="2905508" lat="12.9013041" lon="77.5164878"/>
 <node id="3543274188" visible="true" version="1" changeset="31435678" timestamp="2015-05-25T06:02:25Z" user="sdivya" uid="2905508" lat="12.9013285" lon="77.5164110"/>
 <node id="3543274189" visible="true" version="1" changeset="31435678" timestamp="2015-05-25T06:02:25Z" user="sdivya" uid="2905508" lat="12.9013339" lon="77.5165772"/>
 <node id="3543274191" visible="true" version="1" changeset="31435678" timestamp="2015-05-25T06:02:25Z" user="sdivya" uid="2905508" lat="12.9013469" lon="77.5165129"/>
 <node id="3543274192" visible="true" version="1" changeset="31435678" timestamp="2015-05-25T06:02:25Z" user="sdivya" uid="2905508" lat="12.9013608" lon="77.5164739"/>
 <node id="3543275393" visible="true" version="1" changeset="31435678" timestamp="2015-05-25T06:02:25Z" user="sdivya" uid="2905508" lat="12.9013612" lon="77.5164640"/>
 <node id="3543275394" visible="true" version="1" changeset="31435678" timestamp="2015-05-25T06:02:25Z" user="sdivya" uid="2905508" lat="12.9013746" lon="77.5164253"/>
 <node id="3543275395" visible="true" version="1" changeset="31435678" timestamp="2015-05-25T06:02:25Z" user="sdivya" uid="2905508" lat="12.9013784" lon="77.5164138"/>
 <node id="3543275396" visible="true" version="1" changeset="31435678" timestamp="2015-05-25T06:02:25Z" user="sdivya" uid="2905508" lat="12.9013942" lon="77.5167284"/>
 <node id="3543275397" visible="true" version="1" changeset="31435678" timestamp="2015-05-25T06:02:25Z" user="sdivya" uid="2905508" lat="12.9013983" lon="77.5163587"/>
 <node id="3543275398" visible="true" version="1" changeset="31435678" timestamp="2015-05-25T06:02:25Z" user="sdivya" uid="2905508" lat="12.9014125" lon="77.5167230"/>
 <node id="3543275400" visible="true" version="1" changeset="31435678" timestamp="2015-05-25T06:02:25Z" user="sdivya" uid="2905508" lat="12.9014234" lon="77.5165417"/>
 <node id="3543275401" visible="true" version="1" changeset="31435678" timestamp="2015-05-25T06:02:25Z" user="sdivya" uid="2905508" lat="12.9014269" lon="77.5166027"/>
 <node id="3543275403" visible="true" version="1" changeset="31435678" timestamp="2015-05-25T06:02:25Z" user="sdivya" uid="2905508" lat="12.9014362" lon="77.5166228"/>
 <node id="3543275404" visible="true" version="1" changeset="31435678" timestamp="2015-05-25T06:02:25Z" user="sdivya" uid="2905508" lat="12.9014373" lon="77.5165027"/>
 <node id="3543275405" visible="true" version="1" changeset="31435678" timestamp="2015-05-25T06:02:25Z" user="sdivya" uid="2905508" lat="12.9014390" lon="77.5166303"/>
 <node id="3543275406" visible="true" version="1" changeset="31435678" timestamp="2015-05-25T06:02:25Z" user="sdivya" uid="2905508" lat="12.9014422" lon="77.5164934"/>
 <node id="3543275407" visible="true" version="1" changeset="31435678" timestamp="2015-05-25T06:02:26Z" user="sdivya" uid="2905508" lat="12.9014472" lon="77.5165157"/>
 <node id="3543275408" visible="true" version="1" changeset="31435678" timestamp="2015-05-25T06:02:26Z" user="sdivya" uid="2905508" lat="12.9014555" lon="77.5164547"/>
 <node id="3543275409" visible="true" version="1" changeset="31435678" timestamp="2015-05-25T06:02:26Z" user="sdivya" uid="2905508" lat="12.9014561" lon="77.5164432"/>
 <node id="3543275410" visible="true" version="1" changeset="31435678" timestamp="2015-05-25T06:02:26Z" user="sdivya" uid="2905508" lat="12.9014564" lon="77.5164971"/>
 <node id="3543275411" visible="true" version="1" changeset="31435678" timestamp="2015-05-25T06:02:26Z" user="sdivya" uid="2905508" lat="12.9014602" lon="77.5164381"/>
 <node id="3543275412" visible="true" version="1" changeset="31435678" timestamp="2015-05-25T06:02:26Z" user="sdivya" uid="2905508" lat="12.9014669" lon="77.5164585"/>
 <node id="3543275413" visible="true" version="1" changeset="31435678" timestamp="2015-05-25T06:02:26Z" user="sdivya" uid="2905508" lat="12.9014751" lon="77.5164015"/>
 <node id="3543275414" visible="true" version="1" changeset="31435678" timestamp="2015-05-25T06:02:26Z" user="sdivya" uid="2905508" lat="12.9014759" lon="77.5163881"/>
 <node id="3543275415" visible="true" version="1" changeset="31435678" timestamp="2015-05-25T06:02:26Z" user="sdivya" uid="2905508" lat="12.9015005" lon="77.5167496"/>
 <node id="3543275416" visible="true" version="1" changeset="31435678" timestamp="2015-05-25T06:02:26Z" user="sdivya" uid="2905508" lat="12.9015271" lon="77.5166569"/>
 <node id="3543275417" visible="true" version="1" changeset="31435678" timestamp="2015-05-25T06:02:26Z" user="sdivya" uid="2905508" lat="12.9015326" lon="77.5166332"/>
 <node id="3543275418" visible="true" version="1" changeset="31435678" timestamp="2015-05-25T06:02:26Z" user="sdivya" uid="2905508" lat="12.9015436" lon="77.5165261"/>
 <node id="3543275419" visible="true" version="1" changeset="31435678" timestamp="2015-05-25T06:02:26Z" user="sdivya" uid="2905508" lat="12.9015480" lon="77.5165233"/>
 <node id="3543275420" visible="true" version="1" changeset="31435678" timestamp="2015-05-25T06:02:26Z" user="sdivya" uid="2905508" lat="12.9015585" lon="77.5164848"/>
 <node id="3543275421" visible="true" version="1" changeset="31435678" timestamp="2015-05-25T06:02:26Z" user="sdivya" uid="2905508" lat="12.9015612" lon="77.5164816"/>
 <node id="3543275422" visible="true" version="1" changeset="31435678" timestamp="2015-05-25T06:02:26Z" user="sdivya" uid="2905508" lat="12.9015670" lon="77.5163857"/>
 <node id="3543275423" visible="true" version="1" changeset="31435678" timestamp="2015-05-25T06:02:26Z" user="sdivya" uid="2905508" lat="12.9015676" lon="77.5168837"/>
 <node id="3543275424" visible="true" version="1" changeset="31435678" timestamp="2015-05-25T06:02:26Z" user="sdivya" uid="2905508" lat="12.9015681" lon="77.5168024"/>
 <node id="3543275425" visible="true" version="1" changeset="31435678" timestamp="2015-05-25T06:02:26Z" user="sdivya" uid="2905508" lat="12.9015696" lon="77.5163607"/>
 <node id="3543275426" visible="true" version="1" changeset="31435678" timestamp="2015-05-25T06:02:26Z" user="sdivya" uid="2905508" lat="12.9015747" lon="77.5168147"/>
 <node id="3543275427" visible="true" version="1" changeset="31435678" timestamp="2015-05-25T06:02:26Z" user="sdivya" uid="2905508" lat="12.9015752" lon="77.5167335"/>
 <node id="3543275428" visible="true" version="1" changeset="31435678" timestamp="2015-05-25T06:02:26Z" user="sdivya" uid="2905508" lat="12.9015762" lon="77.5164450"/>
 <node id="3543275429" visible="true" version="1" changeset="31435678" timestamp="2015-05-25T06:02:26Z" user="sdivya" uid="2905508" lat="12.9015813" lon="77.5167255"/>
 <node id="3543275430" visible="true" version="1" changeset="31435678" timestamp="2015-05-25T06:02:26Z" user="sdivya" uid="2905508" lat="12.9015835" lon="77.5166448"/>
 <node id="3543275431" visible="true" version="1" changeset="31435678" timestamp="2015-05-25T06:02:26Z" user="sdivya" uid="2905508" lat="12.9015884" lon="77.5166568"/>
 <node id="3543275432" visible="true" version="1" changeset="31435678" timestamp="2015-05-25T06:02:26Z" user="sdivya" uid="2905508" lat="12.9015913" lon="77.5165693"/>
 <node id="3543275433" visible="true" version="1" changeset="31435678" timestamp="2015-05-25T06:02:26Z" user="sdivya" uid="2905508" lat="12.9015935" lon="77.5162818"/>
 <node id="3543275434" visible="true" version="1" changeset="31435678" timestamp="2015-05-25T06:02:26Z" user="sdivya" uid="2905508" lat="12.9016020" lon="77.5161990"/>
 <node id="3543275437" visible="true" version="1" changeset="31435678" timestamp="2015-05-25T06:02:26Z" user="sdivya" uid="2905508" lat="12.9016617" lon="77.5168939"/>
 <node id="3543275438" visible="true" version="1" changeset="31435678" timestamp="2015-05-25T06:02:26Z" user="sdivya" uid="2905508" lat="12.9016689" lon="77.5168249"/>
 <node id="3543275439" visible="true" version="1" changeset="31435678" timestamp="2015-05-25T06:02:26Z" user="sdivya" uid="2905508" lat="12.9016766" lon="77.5168141"/>
 <node id="3543275440" visible="true" version="1" changeset="31435678" timestamp="2015-05-25T06:02:26Z" user="sdivya" uid="2905508" lat="12.9016789" lon="77.5163978"/>
 <node id="3543275441" visible="true" version="1" changeset="31435678" timestamp="2015-05-25T06:02:26Z" user="sdivya" uid="2905508" lat="12.9016815" lon="77.5163729"/>
 <node id="3543275442" visible="true" version="1" changeset="31435678" timestamp="2015-05-25T06:02:26Z" user="sdivya" uid="2905508" lat="12.9016837" lon="77.5167453"/>
 <node id="3543275443" visible="true" version="1" changeset="31435678" timestamp="2015-05-25T06:02:26Z" user="sdivya" uid="2905508" lat="12.9016885" lon="77.5164559"/>
 <node id="3543275444" visible="true" version="1" changeset="31435678" timestamp="2015-05-25T06:02:26Z" user="sdivya" uid="2905508" lat="12.9016893" lon="77.5167373"/>
 <node id="3543275445" visible="true" version="1" changeset="31435678" timestamp="2015-05-25T06:02:26Z" user="sdivya" uid="2905508" lat="12.9016940" lon="77.5162927"/>
 <node id="3543275446" visible="true" version="1" changeset="31435678" timestamp="2015-05-25T06:02:26Z" user="sdivya" uid="2905508" lat="12.9016959" lon="77.5163841"/>
 <node id="3543275447" visible="true" version="1" changeset="31435678" timestamp="2015-05-25T06:02:26Z" user="sdivya" uid="2905508" lat="12.9016963" lon="77.5166570"/>
 <node id="3543275448" visible="true" version="1" changeset="31435678" timestamp="2015-05-25T06:02:26Z" user="sdivya" uid="2905508" lat="12.9016964" lon="77.5166685"/>
 <node id="3543275449" visible="true" version="1" changeset="31435678" timestamp="2015-05-25T06:02:26Z" user="sdivya" uid="2905508" lat="12.9016997" lon="77.5167656"/>
 <node id="3543275450" visible="true" version="1" changeset="31435678" timestamp="2015-05-25T06:02:26Z" user="sdivya" uid="2905508" lat="12.9017025" lon="77.5162099"/>
 <node id="3543275451" visible="true" version="1" changeset="31435678" timestamp="2015-05-25T06:02:26Z" user="sdivya" uid="2905508" lat="12.9017041" lon="77.5165815"/>
 <node id="3543275452" visible="true" version="1" changeset="31435678" timestamp="2015-05-25T06:02:26Z" user="sdivya" uid="2905508" lat="12.9017056" lon="77.5163018"/>
 <node id="3543275453" visible="true" version="1" changeset="31435678" timestamp="2015-05-25T06:02:26Z" user="sdivya" uid="2905508" lat="12.9017084" lon="77.5166811"/>
 <node id="3543275454" visible="true" version="1" changeset="31435678" timestamp="2015-05-25T06:02:26Z" user="sdivya" uid="2905508" lat="12.9017096" lon="77.5166696"/>
 <node id="3543275455" visible="true" version="1" changeset="31435678" timestamp="2015-05-25T06:02:26Z" user="sdivya" uid="2905508" lat="12.9017135" lon="77.5162250"/>
 <node id="3543275456" visible="true" version="1" changeset="31435678" timestamp="2015-05-25T06:02:26Z" user="sdivya" uid="2905508" lat="12.9017140" lon="77.5166075"/>
 <node id="3543275457" visible="true" version="1" changeset="31435678" timestamp="2015-05-25T06:02:26Z" user="sdivya" uid="2905508" lat="12.9017152" lon="77.5166149"/>
 <node id="3543275458" visible="true" version="1" changeset="31435678" timestamp="2015-05-25T06:02:26Z" user="sdivya" uid="2905508" lat="12.9017205" lon="77.5165443"/>
 <node id="3543275459" visible="true" version="1" changeset="31435678" timestamp="2015-05-25T06:02:26Z" user="sdivya" uid="2905508" lat="12.9017349" lon="77.5169091"/>
 <node id="3543275460" visible="true" version="1" changeset="31435678" timestamp="2015-05-25T06:02:26Z" user="sdivya" uid="2905508" lat="12.9017445" lon="77.5168160"/>
 <node id="3543275464" visible="true" version="1" changeset="31435678" timestamp="2015-05-25T06:02:27Z" user="sdivya" uid="2905508" lat="12.9017761" lon="77.5164654"/>
 <node id="3543275466" visible="true" version="1" changeset="31435678" timestamp="2015-05-25T06:02:27Z" user="sdivya" uid="2905508" lat="12.9017835" lon="77.5163936"/>
 <node id="3543275467" visible="true" version="1" changeset="31435678" timestamp="2015-05-25T06:02:27Z" user="sdivya" uid="2905508" lat="12.9017862" lon="77.5167750"/>
 <node id="3543275468" visible="true" version="1" changeset="31435678" timestamp="2015-05-25T06:02:27Z" user="sdivya" uid="2905508" lat="12.9017949" lon="77.5166905"/>
 <node id="3543275469" visible="true" version="1" changeset="31435678" timestamp="2015-05-25T06:02:27Z" user="sdivya" uid="2905508" lat="12.9018020" lon="77.5163123"/>
 <node id="3543275470" visible="true" version="1" changeset="31435678" timestamp="2015-05-25T06:02:27Z" user="sdivya" uid="2905508" lat="12.9018068" lon="77.5169169"/>
 <node id="3543275471" visible="true" version="1" changeset="31435678" timestamp="2015-05-25T06:02:27Z" user="sdivya" uid="2905508" lat="12.9018080" lon="77.5166803"/>
 <node id="3543275472" visible="true" version="1" changeset="31435678" timestamp="2015-05-25T06:02:27Z" user="sdivya" uid="2905508" lat="12.9018099" lon="77.5162355"/>
 <node id="3543275473" visible="true" version="1" changeset="31435678" timestamp="2015-05-25T06:02:27Z" user="sdivya" uid="2905508" lat="12.9018136" lon="77.5166256"/>
 <node id="3543275474" visible="true" version="1" changeset="31435678" timestamp="2015-05-25T06:02:27Z" user="sdivya" uid="2905508" lat="12.9018164" lon="77.5168238"/>
 <node id="3543275475" visible="true" version="1" changeset="31435678" timestamp="2015-05-25T06:02:27Z" user="sdivya" uid="2905508" lat="12.9018176" lon="77.5166188"/>
 <node id="3543275476" visible="true" version="1" changeset="31435678" timestamp="2015-05-25T06:02:27Z" user="sdivya" uid="2905508" lat="12.9018193" lon="77.5162427"/>
 <node id="3543275477" visible="true" version="1" changeset="31435678" timestamp="2015-05-25T06:02:27Z" user="sdivya" uid="2905508" lat="12.9018241" lon="77.5165556"/>
 <node id="3543275478" visible="true" version="1" changeset="31435678" timestamp="2015-05-25T06:02:27Z" user="sdivya" uid="2905508" lat="12.9018280" lon="77.5161582"/>
 <node id="3543275485" visible="true" version="1" changeset="31435678" timestamp="2015-05-25T06:02:27Z" user="sdivya" uid="2905508" lat="12.9018767" lon="77.5162489"/>
 <node id="3543275486" visible="true" version="1" changeset="31435678" timestamp="2015-05-25T06:02:27Z" user="sdivya" uid="2905508" lat="12.9018797" lon="77.5165825"/>
 <node id="3543275487" visible="true" version="1" changeset="31435678" timestamp="2015-05-25T06:02:27Z" user="sdivya" uid="2905508" lat="12.9018855" lon="77.5161644"/>
 <node id="3543275488" visible="true" version="1" changeset="31435678" timestamp="2015-05-25T06:02:27Z" user="sdivya" uid="2905508" lat="12.9018863" lon="77.5165029"/>
 <node id="3543275489" visible="true" version="1" changeset="31435678" timestamp="2015-05-25T06:02:27Z" user="sdivya" uid="2905508" lat="12.9018865" lon="77.5165168"/>
 <node id="3543275490" visible="true" version="1" changeset="31435678" timestamp="2015-05-25T06:02:27Z" user="sdivya" uid="2905508" lat="12.9018937" lon="77.5164317"/>
 <node id="3543275491" visible="true" version="1" changeset="31435678" timestamp="2015-05-25T06:02:27Z" user="sdivya" uid="2905508" lat="12.9018954" lon="77.5169714"/>
 <node id="3543275492" visible="true" version="1" changeset="31435678" timestamp="2015-05-25T06:02:27Z" user="sdivya" uid="2905508" lat="12.9019011" lon="77.5169155"/>
 <node id="3543276493" visible="true" version="1" changeset="31435678" timestamp="2015-05-25T06:02:27Z" user="sdivya" uid="2905508" lat="12.9019020" lon="77.5168353"/>
 <node id="3543276494" visible="true" version="1" changeset="31435678" timestamp="2015-05-25T06:02:27Z" user="sdivya" uid="2905508" lat="12.9019090" lon="77.5167667"/>
 <node id="3543276495" visible="true" version="1" changeset="31435678" timestamp="2015-05-25T06:02:27Z" user="sdivya" uid="2905508" lat="12.9019119" lon="77.5163505"/>
 <node id="3543276496" visible="true" version="1" changeset="31435678" timestamp="2015-05-25T06:02:27Z" user="sdivya" uid="2905508" lat="12.9019210" lon="77.5162628"/>
 <node id="3543276498" visible="true" version="1" changeset="31435678" timestamp="2015-05-25T06:02:27Z" user="sdivya" uid="2905508" lat="12.9019416" lon="77.5161062"/>
 <node id="3543276500" visible="true" version="1" changeset="31435678" timestamp="2015-05-25T06:02:27Z" user="sdivya" uid="2905508" lat="12.9019517" lon="77.5160086"/>
 <node id="3543276501" visible="true" version="1" changeset="31435678" timestamp="2015-05-25T06:02:27Z" user="sdivya" uid="2905508" lat="12.9019683" lon="77.5169793"/>
 <node id="3543276503" visible="true" version="1" changeset="31435678" timestamp="2015-05-25T06:02:27Z" user="sdivya" uid="2905508" lat="12.9019730" lon="77.5170403"/>
 <node id="3543276504" visible="true" version="1" changeset="31435678" timestamp="2015-05-25T06:02:27Z" user="sdivya" uid="2905508" lat="12.9019741" lon="77.5169234"/>
 <node id="3543276506" visible="true" version="1" changeset="31435678" timestamp="2015-05-25T06:02:27Z" user="sdivya" uid="2905508" lat="12.9019769" lon="77.5168434"/>
 <node id="3543276507" visible="true" version="1" changeset="31435678" timestamp="2015-05-25T06:02:27Z" user="sdivya" uid="2905508" lat="12.9019803" lon="77.5165934"/>
 <node id="3543276508" visible="true" version="1" changeset="31435678" timestamp="2015-05-25T06:02:27Z" user="sdivya" uid="2905508" lat="12.9019808" lon="77.5165132"/>
 <node id="3543276509" visible="true" version="1" changeset="31435678" timestamp="2015-05-25T06:02:27Z" user="sdivya" uid="2905508" lat="12.9019810" lon="77.5169630"/>
 <node id="3543276511" visible="true" version="1" changeset="31435678" timestamp="2015-05-25T06:02:27Z" user="sdivya" uid="2905508" lat="12.9019834" lon="77.5169042"/>
 <node id="3543276512" visible="true" version="1" changeset="31435678" timestamp="2015-05-25T06:02:27Z" user="sdivya" uid="2905508" lat="12.9019838" lon="77.5163583"/>
 <node id="3543276513" visible="true" version="1" changeset="31435678" timestamp="2015-05-25T06:02:27Z" user="sdivya" uid="2905508" lat="12.9019840" lon="77.5167749"/>
 <node id="3543276515" visible="true" version="1" changeset="31435678" timestamp="2015-05-25T06:02:27Z" user="sdivya" uid="2905508" lat="12.9019871" lon="77.5165277"/>
 <node id="3543276516" visible="true" version="1" changeset="31435678" timestamp="2015-05-25T06:02:27Z" user="sdivya" uid="2905508" lat="12.9019882" lon="77.5164419"/>
 <node id="3543276517" visible="true" version="1" changeset="31435678" timestamp="2015-05-25T06:02:27Z" user="sdivya" uid="2905508" lat="12.9019929" lon="77.5162706"/>
 <node id="3543276518" visible="true" version="1" changeset="31435678" timestamp="2015-05-25T06:02:27Z" user="sdivya" uid="2905508" lat="12.9019942" lon="77.5167995"/>
 <node id="3543276519" visible="true" version="1" changeset="31435678" timestamp="2015-05-25T06:02:27Z" user="sdivya" uid="2905508" lat="12.9019975" lon="77.5165317"/>
 <node id="3543276520" visible="true" version="1" changeset="31435678" timestamp="2015-05-25T06:02:27Z" user="sdivya" uid="2905508" lat="12.9020019" lon="77.5167813"/>
 <node id="3543276521" visible="true" version="1" changeset="31435678" timestamp="2015-05-25T06:02:28Z" user="sdivya" uid="2905508" lat="12.9020058" lon="77.5164514"/>
 <node id="3543276522" visible="true" version="1" changeset="31435678" timestamp="2015-05-25T06:02:28Z" user="sdivya" uid="2905508" lat="12.9020074" lon="77.5167282"/>
 <node id="3543276523" visible="true" version="1" changeset="31435678" timestamp="2015-05-25T06:02:28Z" user="sdivya" uid="2905508" lat="12.9020319" lon="77.5162801"/>
 <node id="3543276524" visible="true" version="1" changeset="31435678" timestamp="2015-05-25T06:02:28Z" user="sdivya" uid="2905508" lat="12.9020414" lon="77.5161875"/>
 <node id="3543276525" visible="true" version="1" changeset="31435678" timestamp="2015-05-25T06:02:28Z" user="sdivya" uid="2905508" lat="12.9020703" lon="77.5161201"/>
 <node id="3543276529" visible="true" version="1" changeset="31435678" timestamp="2015-05-25T06:02:28Z" user="sdivya" uid="2905508" lat="12.9020803" lon="77.5160226"/>
 <node id="3543276531" visible="true" version="1" changeset="31435678" timestamp="2015-05-25T06:02:28Z" user="sdivya" uid="2905508" lat="12.9020922" lon="77.5170532"/>
 <node id="3543276532" visible="true" version="1" changeset="31435678" timestamp="2015-05-25T06:02:28Z" user="sdivya" uid="2905508" lat="12.9021001" lon="77.5169759"/>
 <node id="3543276535" visible="true" version="1" changeset="31435678" timestamp="2015-05-25T06:02:28Z" user="sdivya" uid="2905508" lat="12.9021152" lon="77.5169185"/>
 <node id="3543276536" visible="true" version="1" changeset="31435678" timestamp="2015-05-25T06:02:28Z" user="sdivya" uid="2905508" lat="12.9021181" lon="77.5165448"/>
 <node id="3543276537" visible="true" version="1" changeset="31435678" timestamp="2015-05-25T06:02:28Z" user="sdivya" uid="2905508" lat="12.9021260" lon="77.5168138"/>
 <node id="3543276538" visible="true" version="1" changeset="31435678" timestamp="2015-05-25T06:02:28Z" user="sdivya" uid="2905508" lat="12.9021263" lon="77.5164645"/>
 <node id="3543276539" visible="true" version="1" changeset="31435678" timestamp="2015-05-25T06:02:28Z" user="sdivya" uid="2905508" lat="12.9021269" lon="77.5167949"/>
 <node id="3543276540" visible="true" version="1" changeset="31435678" timestamp="2015-05-25T06:02:28Z" user="sdivya" uid="2905508" lat="12.9021324" lon="77.5167418"/>
 <node id="3543276543" visible="true" version="1" changeset="31435678" timestamp="2015-05-25T06:02:28Z" user="sdivya" uid="2905508" lat="12.9021427" lon="77.5170307"/>
 <node id="3543276544" visible="true" version="1" changeset="31435678" timestamp="2015-05-25T06:02:28Z" user="sdivya" uid="2905508" lat="12.9021547" lon="77.5169137"/>
 <node id="3543276545" visible="true" version="1" changeset="31435678" timestamp="2015-05-25T06:02:28Z" user="sdivya" uid="2905508" lat="12.9021567" lon="77.5162936"/>
 <node id="3543276546" visible="true" version="1" changeset="31435678" timestamp="2015-05-25T06:02:28Z" user="sdivya" uid="2905508" lat="12.9021662" lon="77.5162010"/>
 <node id="3543276548" visible="true" version="1" changeset="31435678" timestamp="2015-05-25T06:02:28Z" user="sdivya" uid="2905508" lat="12.9021730" lon="77.5168391"/>
 <node id="3543276550" visible="true" version="1" changeset="31435678" timestamp="2015-05-25T06:02:28Z" user="sdivya" uid="2905508" lat="12.9021769" lon="77.5168990"/>
 <node id="3543276552" visible="true" version="1" changeset="31435678" timestamp="2015-05-25T06:02:28Z" user="sdivya" uid="2905508" lat="12.9021812" lon="77.5167592"/>
 <node id="3543276553" visible="true" version="1" changeset="31435678" timestamp="2015-05-25T06:02:28Z" user="sdivya" uid="2905508" lat="12.9021812" lon="77.5168574"/>
 <node id="3543276566" visible="true" version="1" changeset="31435678" timestamp="2015-05-25T06:02:28Z" user="sdivya" uid="2905508" lat="12.9022567" lon="77.5170431"/>
 <node id="3543276570" visible="true" version="1" changeset="31435678" timestamp="2015-05-25T06:02:29Z" user="sdivya" uid="2905508" lat="12.9022688" lon="77.5169261"/>
 <node id="3543276571" visible="true" version="1" changeset="31435678" timestamp="2015-05-25T06:02:29Z" user="sdivya" uid="2905508" lat="12.9022727" lon="77.5170267"/>
 <node id="3543276572" visible="true" version="1" changeset="31435678" timestamp="2015-05-25T06:02:29Z" user="sdivya" uid="2905508" lat="12.9022731" lon="77.5169094"/>
 <node id="3543276573" visible="true" version="1" changeset="31435678" timestamp="2015-05-25T06:02:29Z" user="sdivya" uid="2905508" lat="12.9022773" lon="77.5168678"/>
 <node id="3543276574" visible="true" version="1" changeset="31435678" timestamp="2015-05-25T06:02:29Z" user="sdivya" uid="2905508" lat="12.9022831" lon="77.5168510"/>
 <node id="3543276575" visible="true" version="1" changeset="31435678" timestamp="2015-05-25T06:02:29Z" user="sdivya" uid="2905508" lat="12.9022832" lon="77.5169248"/>
 <node id="3543276576" visible="true" version="1" changeset="31435678" timestamp="2015-05-25T06:02:29Z" user="sdivya" uid="2905508" lat="12.9022859" lon="77.5169054"/>
 <node id="3543276577" visible="true" version="1" changeset="31435678" timestamp="2015-05-25T06:02:29Z" user="sdivya" uid="2905508" lat="12.9022900" lon="77.5168656"/>
 <node id="3543276578" visible="true" version="1" changeset="31435678" timestamp="2015-05-25T06:02:29Z" user="sdivya" uid="2905508" lat="12.9022914" lon="77.5167712"/>
 <node id="3543276580" visible="true" version="1" changeset="31435678" timestamp="2015-05-25T06:02:29Z" user="sdivya" uid="2905508" lat="12.9022952" lon="77.5168510"/>
 <node id="3543276583" visible="true" version="1" changeset="31435678" timestamp="2015-05-25T06:02:29Z" user="sdivya" uid="2905508" lat="12.9023031" lon="77.5167747"/>
 <node id="3543277596" visible="true" version="1" changeset="31435678" timestamp="2015-05-25T06:02:29Z" user="sdivya" uid="2905508" lat="12.9023490" lon="77.5163099"/>
 <node id="3543277598" visible="true" version="1" changeset="31435678" timestamp="2015-05-25T06:02:29Z" user="sdivya" uid="2905508" lat="12.9023625" lon="77.5161787"/>
 <node id="3543277599" visible="true" version="1" changeset="31435678" timestamp="2015-05-25T06:02:29Z" user="sdivya" uid="2905508" lat="12.9023727" lon="77.5170376"/>
 <node id="3543277600" visible="true" version="1" changeset="31435678" timestamp="2015-05-25T06:02:29Z" user="sdivya" uid="2905508" lat="12.9023832" lon="77.5169357"/>
 <node id="3543277601" visible="true" version="1" changeset="31435678" timestamp="2015-05-25T06:02:29Z" user="sdivya" uid="2905508" lat="12.9023877" lon="77.5169164"/>
 <node id="3543277604" visible="true" version="1" changeset="31435678" timestamp="2015-05-25T06:02:29Z" user="sdivya" uid="2905508" lat="12.9023918" lon="77.5168766"/>
 <node id="3543277608" visible="true" version="1" changeset="31435678" timestamp="2015-05-25T06:02:29Z" user="sdivya" uid="2905508" lat="12.9023948" lon="77.5168618"/>
 <node id="3543277612" visible="true" version="1" changeset="31435678" timestamp="2015-05-25T06:02:29Z" user="sdivya" uid="2905508" lat="12.9024027" lon="77.5167855"/>
 <node id="3543277617" visible="true" version="1" changeset="31435678" timestamp="2015-05-25T06:02:29Z" user="sdivya" uid="2905508" lat="12.9024330" lon="77.5165311"/>
 <node id="3543277618" visible="true" version="1" changeset="31435678" timestamp="2015-05-25T06:02:29Z" user="sdivya" uid="2905508" lat="12.9024398" lon="77.5164654"/>
 <node id="3543277620" visible="true" version="1" changeset="31435678" timestamp="2015-05-25T06:02:29Z" user="sdivya" uid="2905508" lat="12.9024548" lon="77.5164592"/>
 <node id="3543277624" visible="true" version="1" changeset="31435678" timestamp="2015-05-25T06:02:30Z" user="sdivya" uid="2905508" lat="12.9024608" lon="77.5163220"/>
 <node id="3543277626" visible="true" version="1" changeset="31435678" timestamp="2015-05-25T06:02:30Z" user="sdivya" uid="2905508" lat="12.9024661" lon="77.5163497"/>
 <node id="3543277627" visible="true" version="1" changeset="31435678" timestamp="2015-05-25T06:02:30Z" user="sdivya" uid="2905508" lat="12.9024688" lon="77.5169077"/>
 <node id="3543277629" visible="true" version="1" changeset="31435678" timestamp="2015-05-25T06:02:30Z" user="sdivya" uid="2905508" lat="12.9024722" lon="77.5163321"/>
 <node id="3543277630" visible="true" version="1" changeset="31435678" timestamp="2015-05-25T06:02:30Z" user="sdivya" uid="2905508" lat="12.9024725" lon="77.5168720"/>
 <node id="3543277631" visible="true" version="1" changeset="31435678" timestamp="2015-05-25T06:02:30Z" user="sdivya" uid="2905508" lat="12.9024743" lon="77.5161909"/>
 <node id="3543277632" visible="true" version="1" changeset="31435678" timestamp="2015-05-25T06:02:30Z" user="sdivya" uid="2905508" lat="12.9024775" lon="77.5167085"/>
 <node id="3543277633" visible="true" version="1" changeset="31435678" timestamp="2015-05-25T06:02:30Z" user="sdivya" uid="2905508" lat="12.9024808" lon="77.5162490"/>
 <node id="3543277635" visible="true" version="1" changeset="31435678" timestamp="2015-05-25T06:02:30Z" user="sdivya" uid="2905508" lat="12.9024868" lon="77.5168295"/>
 <node id="3543277636" visible="true" version="1" changeset="31435678" timestamp="2015-05-25T06:02:30Z" user="sdivya" uid="2905508" lat="12.9024870" lon="77.5165370"/>
 <node id="3543277638" visible="true" version="1" changeset="31435678" timestamp="2015-05-25T06:02:30Z" user="sdivya" uid="2905508" lat="12.9024914" lon="77.5167849"/>
 <node id="3543277639" visible="true" version="1" changeset="31435678" timestamp="2015-05-25T06:02:30Z" user="sdivya" uid="2905508" lat="12.9024921" lon="77.5166207"/>
 <node id="3543277640" visible="true" version="1" changeset="31435678" timestamp="2015-05-25T06:02:30Z" user="sdivya" uid="2905508" lat="12.9024938" lon="77.5164712"/>
 <node id="3543277658" visible="true" version="2" changeset="128335956" timestamp="2022-11-01T09:56:41Z" user="tusharvalvi" uid="16531141" lat="12.9025496" lon="77.5170793"/>
 <node id="3543277660" visible="true" version="2" changeset="128335956" timestamp="2022-11-01T09:56:41Z" user="tusharvalvi" uid="16531141" lat="12.9025544" lon="77.5170326"/>
 <node id="3543277661" visible="true" version="1" changeset="31435678" timestamp="2015-05-25T06:02:30Z" user="sdivya" uid="2905508" lat="12.9025531" lon="77.5167218"/>
 <node id="3543277664" visible="true" version="1" changeset="31435678" timestamp="2015-05-25T06:02:30Z" user="sdivya" uid="2905508" lat="12.9025584" lon="77.5170228"/>
 <node id="3543277665" visible="true" version="1" changeset="31435678" timestamp="2015-05-25T06:02:30Z" user="sdivya" uid="2905508" lat="12.9025592" lon="77.5168373"/>
 <node id="3543277666" visible="true" version="1" changeset="31435678" timestamp="2015-05-25T06:02:30Z" user="sdivya" uid="2905508" lat="12.9025629" lon="77.5169789"/>
 <node id="3543277667" visible="true" version="1" changeset="31435678" timestamp="2015-05-25T06:02:30Z" user="sdivya" uid="2905508" lat="12.9025638" lon="77.5167927"/>
 <node id="3543277668" visible="true" version="1" changeset="31435678" timestamp="2015-05-25T06:02:30Z" user="sdivya" uid="2905508" lat="12.9025669" lon="77.5168702"/>
 <node id="3543277669" visible="true" version="1" changeset="31435678" timestamp="2015-05-25T06:02:30Z" user="sdivya" uid="2905508" lat="12.9025677" lon="77.5166339"/>
 <node id="3543277672" visible="true" version="1" changeset="31435678" timestamp="2015-05-25T06:02:30Z" user="sdivya" uid="2905508" lat="12.9025724" lon="77.5169692"/>
 <node id="3543277675" visible="true" version="1" changeset="31435678" timestamp="2015-05-25T06:02:30Z" user="sdivya" uid="2905508" lat="12.9025742" lon="77.5167999"/>
 <node id="3543277678" visible="true" version="1" changeset="31435678" timestamp="2015-05-25T06:02:30Z" user="sdivya" uid="2905508" lat="12.9025770" lon="77.5169243"/>
 <node id="3543277679" visible="true" version="1" changeset="31435678" timestamp="2015-05-25T06:02:31Z" user="sdivya" uid="2905508" lat="12.9025773" lon="77.5169195"/>
 <node id="3543277683" visible="true" version="1" changeset="31435678" timestamp="2015-05-25T06:02:31Z" user="sdivya" uid="2905508" lat="12.9025810" lon="77.5168838"/>
 <node id="3543277688" visible="true" version="1" changeset="31435678" timestamp="2015-05-25T06:02:31Z" user="sdivya" uid="2905508" lat="12.9025880" lon="77.5169149"/>
 <node id="3543277689" visible="true" version="1" changeset="31435678" timestamp="2015-05-25T06:02:31Z" user="sdivya" uid="2905508" lat="12.9025883" lon="77.5164737"/>
 <node id="3543277690" visible="true" version="1" changeset="31435678" timestamp="2015-05-25T06:02:31Z" user="sdivya" uid="2905508" lat="12.9025907" lon="77.5168880"/>
 <node id="3543277691" visible="true" version="1" changeset="31435678" timestamp="2015-05-25T06:02:31Z" user="sdivya" uid="2905508" lat="12.9025989" lon="77.5163458"/>
 <node id="3543277692" visible="true" version="1" changeset="31435678" timestamp="2015-05-25T06:02:31Z" user="sdivya" uid="2905508" lat="12.9025996" lon="77.5163642"/>
 <node id="3543278595" visible="true" version="1" changeset="31435678" timestamp="2015-05-25T06:02:31Z" user="sdivya" uid="2905508" lat="12.9026074" lon="77.5162628"/>
 <node id="3543278599" visible="true" version="1" changeset="31435678" timestamp="2015-05-25T06:02:31Z" user="sdivya" uid="2905508" lat="12.9026195" lon="77.5167254"/>
 <node id="3543278604" visible="true" version="2" changeset="128335956" timestamp="2022-11-01T09:56:41Z" user="tusharvalvi" uid="16531141" lat="12.9026413" lon="77.5170892"/>
 <node id="3543278607" visible="true" version="2" changeset="128335956" timestamp="2022-11-01T09:56:41Z" user="tusharvalvi" uid="16531141" lat="12.9026461" lon="77.5170426"/>
 <node id="3543278608" visible="true" version="1" changeset="31435678" timestamp="2015-05-25T06:02:31Z" user="sdivya" uid="2905508" lat="12.9026416" lon="77.5165930"/>
 <node id="3543278609" visible="true" version="1" changeset="31435678" timestamp="2015-05-25T06:02:31Z" user="sdivya" uid="2905508" lat="12.9026459" lon="77.5165153"/>
 <node id="3543278611" visible="true" version="1" changeset="31435678" timestamp="2015-05-25T06:02:31Z" user="sdivya" uid="2905508" lat="12.9026535" lon="77.5170331"/>
 <node id="3543278613" visible="true" version="1" changeset="31435678" timestamp="2015-05-25T06:02:31Z" user="sdivya" uid="2905508" lat="12.9026557" lon="77.5169783"/>
 <node id="3543278616" visible="true" version="1" changeset="31435678" timestamp="2015-05-25T06:02:31Z" user="sdivya" uid="2905508" lat="12.9026580" lon="77.5169892"/>
 <node id="3543278617" visible="true" version="1" changeset="31435678" timestamp="2015-05-25T06:02:31Z" user="sdivya" uid="2905508" lat="12.9026595" lon="77.5164340"/>
 <node id="3543278618" visible="true" version="1" changeset="31435678" timestamp="2015-05-25T06:02:31Z" user="sdivya" uid="2905508" lat="12.9026599" lon="77.5169227"/>
 <node id="3543278619" visible="true" version="1" changeset="31435678" timestamp="2015-05-25T06:02:31Z" user="sdivya" uid="2905508" lat="12.9026604" lon="77.5169333"/>
 <node id="3543278623" visible="true" version="1" changeset="31435678" timestamp="2015-05-25T06:02:32Z" user="sdivya" uid="2905508" lat="12.9026624" lon="77.5163403"/>
 <node id="3543278624" visible="true" version="1" changeset="31435678" timestamp="2015-05-25T06:02:32Z" user="sdivya" uid="2905508" lat="12.9026625" lon="77.5168806"/>
 <node id="3543278627" visible="true" version="1" changeset="31435678" timestamp="2015-05-25T06:02:32Z" user="sdivya" uid="2905508" lat="12.9026627" lon="77.5168958"/>
 <node id="3543278628" visible="true" version="1" changeset="31435678" timestamp="2015-05-25T06:02:32Z" user="sdivya" uid="2905508" lat="12.9026697" lon="77.5168103"/>
 <node id="3543278631" visible="true" version="1" changeset="31435678" timestamp="2015-05-25T06:02:32Z" user="sdivya" uid="2905508" lat="12.9026767" lon="77.5162547"/>
 <node id="3543278647" visible="true" version="1" changeset="31435678" timestamp="2015-05-25T06:02:32Z" user="sdivya" uid="2905508" lat="12.9027306" lon="77.5167449"/>
 <node id="3543278653" visible="true" version="1" changeset="31435678" timestamp="2015-05-25T06:02:32Z" user="sdivya" uid="2905508" lat="12.9027424" lon="77.5165323"/>
 <node id="3543278659" visible="true" version="1" changeset="31435678" timestamp="2015-05-25T06:02:32Z" user="sdivya" uid="2905508" lat="12.9027527" lon="77.5166125"/>
 <node id="3543278661" visible="true" version="1" changeset="31435678" timestamp="2015-05-25T06:02:32Z" user="sdivya" uid="2905508" lat="12.9027560" lon="77.5164510"/>
 <node id="3543278667" visible="true" version="1" changeset="31435678" timestamp="2015-05-25T06:02:33Z" user="sdivya" uid="2905508" lat="12.9027638" lon="77.5163581"/>
 <node id="3543278670" visible="true" version="1" changeset="31435678" timestamp="2015-05-25T06:02:33Z" user="sdivya" uid="2905508" lat="12.9027659" lon="77.5165007"/>
 <node id="3543278675" visible="true" version="1" changeset="31435678" timestamp="2015-05-25T06:02:33Z" user="sdivya" uid="2905508" lat="12.9027780" lon="77.5162725"/>
 <node id="3543278679" visible="true" version="1" changeset="31435678" timestamp="2015-05-25T06:02:33Z" user="sdivya" uid="2905508" lat="12.9027844" lon="77.5163898"/>
 <node id="3543279924" visible="true" version="1" changeset="31435678" timestamp="2015-05-25T06:02:34Z" user="sdivya" uid="2905508" lat="12.9029214" lon="77.5165279"/>
 <node id="3543279925" visible="true" version="1" changeset="31435678" timestamp="2015-05-25T06:02:34Z" user="sdivya" uid="2905508" lat="12.9029399" lon="77.5164171"/>
 <node id="3543371912" visible="true" version="1" changeset="31436431" timestamp="2015-05-25T06:51:33Z" user="sdivya" uid="2905508" lat="12.9001971" lon="77.5161210"/>
 <node id="3543371919" visible="true" version="1" changeset="31436431" timestamp="2015-05-25T06:51:33Z" user="sdivya" uid="2905508" lat="12.9002099" lon="77.5160790"/>
 <node id="3543371944" visible="true" version="1" changeset="31436431" timestamp="2015-05-25T06:51:33Z" user="sdivya" uid="2905508" lat="12.9002741" lon="77.5161458"/>
 <node id="3543371955" visible="true" version="1" changeset="31436431" timestamp="2015-05-25T06:51:33Z" user="sdivya" uid="2905508" lat="12.9002796" lon="77.5167231"/>
 <node id="3543371966" visible="true" version="1" changeset="31436431" timestamp="2015-05-25T06:51:34Z" user="sdivya" uid="2905508" lat="12.9002870" lon="77.5161038"/>
 <node id="3543371998" visible="true" version="1" changeset="31436431" timestamp="2015-05-25T06:51:34Z" user="sdivya" uid="2905508" lat="12.9003200" lon="77.5161591"/>
 <node id="3543372002" visible="true" version="1" changeset="31436431" timestamp="2015-05-25T06:51:34Z" user="sdivya" uid="2905508" lat="12.9003286" lon="77.5161261"/>
 <node id="3543372006" visible="true" version="1" changeset="31436431" timestamp="2015-05-25T06:51:34Z" user="sdivya" uid="2905508" lat="12.9003318" lon="77.5161060"/>
 <node id="3543372016" visible="true" version="1" changeset="31436431" timestamp="2015-05-25T06:51:35Z" user="sdivya" uid="2905508" lat="12.9003433" lon="77.5160693"/>
 <node id="3543372017" visible="true" version="1" changeset="31436431" timestamp="2015-05-25T06:51:35Z" user="sdivya" uid="2905508" lat="12.9003452" lon="77.5165483"/>
 <node id="3543372018" visible="true" version="1" changeset="31436431" timestamp="2015-05-25T06:51:35Z" user="sdivya" uid="2905508" lat="12.9003481" lon="77.5163727"/>
 <node id="3543372025" visible="true" version="1" changeset="31436431" timestamp="2015-05-25T06:51:35Z" user="sdivya" uid="2905508" lat="12.9003567" lon="77.5162453"/>
 <node id="3543372097" visible="true" version="1" changeset="31436431" timestamp="2015-05-25T06:51:36Z" user="sdivya" uid="2905508" lat="12.9004108" lon="77.5161839"/>
 <node id="3543372098" visible="true" version="1" changeset="31436431" timestamp="2015-05-25T06:51:36Z" user="sdivya" uid="2905508" lat="12.9004112" lon="77.5161323"/>
 <node id="3543372106" visible="true" version="1" changeset="31436431" timestamp="2015-05-25T06:51:36Z" user="sdivya" uid="2905508" lat="12.9004194" lon="77.5161509"/>
 <node id="3543372108" visible="true" version="1" changeset="31436431" timestamp="2015-05-25T06:51:36Z" user="sdivya" uid="2905508" lat="12.9004227" lon="77.5160956"/>
 <node id="3543372113" visible="true" version="1" changeset="31436431" timestamp="2015-05-25T06:51:36Z" user="sdivya" uid="2905508" lat="12.9004300" lon="77.5161409"/>
 <node id="3543372115" visible="true" version="1" changeset="31436431" timestamp="2015-05-25T06:51:36Z" user="sdivya" uid="2905508" lat="12.9004312" lon="77.5161825"/>
 <node id="3543372117" visible="true" version="1" changeset="31436431" timestamp="2015-05-25T06:51:36Z" user="sdivya" uid="2905508" lat="12.9004337" lon="77.5161018"/>
 <node id="3543372118" visible="true" version="1" changeset="31436431" timestamp="2015-05-25T06:51:36Z" user="sdivya" uid="2905508" lat="12.9004337" lon="77.5161492"/>
 <node id="3543372135" visible="true" version="1" changeset="31436431" timestamp="2015-05-25T06:51:36Z" user="sdivya" uid="2905508" lat="12.9004522" lon="77.5163800"/>
 <node id="3543372144" visible="true" version="1" changeset="31436431" timestamp="2015-05-25T06:51:36Z" user="sdivya" uid="2905508" lat="12.9004607" lon="77.5162526"/>
 <node id="3543372145" visible="true" version="1" changeset="31436431" timestamp="2015-05-25T06:51:36Z" user="sdivya" uid="2905508" lat="12.9004620" lon="77.5163572"/>
 <node id="3543372151" visible="true" version="1" changeset="31436431" timestamp="2015-05-25T06:51:36Z" user="sdivya" uid="2905508" lat="12.9004670" lon="77.5164220"/>
 <node id="3543372154" visible="true" version="1" changeset="31436431" timestamp="2015-05-25T06:51:36Z" user="sdivya" uid="2905508" lat="12.9004749" lon="77.5163200"/>
 <node id="3543372155" visible="true" version="1" changeset="31436431" timestamp="2015-05-25T06:51:36Z" user="sdivya" uid="2905508" lat="12.9004776" lon="77.5163115"/>
 <node id="3543372163" visible="true" version="1" changeset="31436431" timestamp="2015-05-25T06:51:37Z" user="sdivya" uid="2905508" lat="12.9004821" lon="77.5163782"/>
 <node id="3543372169" visible="true" version="1" changeset="31436431" timestamp="2015-05-25T06:51:37Z" user="sdivya" uid="2905508" lat="12.9004903" lon="77.5162664"/>
 <node id="3543372179" visible="true" version="1" changeset="31436431" timestamp="2015-05-25T06:51:37Z" user="sdivya" uid="2905508" lat="12.9005028" lon="77.5161881"/>
 <node id="3543372182" visible="true" version="1" changeset="31436431" timestamp="2015-05-25T06:51:37Z" user="sdivya" uid="2905508" lat="12.9005053" lon="77.5161549"/>
 <node id="3543372184" visible="true" version="1" changeset="31436431" timestamp="2015-05-25T06:51:37Z" user="sdivya" uid="2905508" lat="12.9005087" lon="77.5161488"/>
 <node id="3543372187" visible="true" version="1" changeset="31436431" timestamp="2015-05-25T06:51:37Z" user="sdivya" uid="2905508" lat="12.9005124" lon="77.5161097"/>
 <node id="3543372304" visible="true" version="1" changeset="31436431" timestamp="2015-05-25T06:51:37Z" user="sdivya" uid="2905508" lat="12.9005383" lon="77.5162009"/>
 <node id="3543372310" visible="true" version="1" changeset="31436431" timestamp="2015-05-25T06:51:37Z" user="sdivya" uid="2905508" lat="12.9005419" lon="77.5164491"/>
 <node id="3543372315" visible="true" version="1" changeset="31436431" timestamp="2015-05-25T06:51:37Z" user="sdivya" uid="2905508" lat="12.9005469" lon="77.5164640"/>
 <node id="3543372316" visible="true" version="1" changeset="31436431" timestamp="2015-05-25T06:51:37Z" user="sdivya" uid="2905508" lat="12.9005471" lon="77.5161405"/>
 <node id="3543372324" visible="true" version="1" changeset="31436431" timestamp="2015-05-25T06:51:37Z" user="sdivya" uid="2905508" lat="12.9005541" lon="77.5162755"/>
 <node id="3543372329" visible="true" version="1" changeset="31436431" timestamp="2015-05-25T06:51:38Z" user="sdivya" uid="2905508" lat="12.9005569" lon="77.5164053"/>
 <node id="3543372330" visible="true" version="1" changeset="31436431" timestamp="2015-05-25T06:51:38Z" user="sdivya" uid="2905508" lat="12.9005594" lon="77.5163928"/>
 <node id="3543372331" visible="true" version="1" changeset="31436431" timestamp="2015-05-25T06:51:38Z" user="sdivya" uid="2905508" lat="12.9005606" lon="77.5162265"/>
 <node id="3543372334" visible="true" version="1" changeset="31436431" timestamp="2015-05-25T06:51:38Z" user="sdivya" uid="2905508" lat="12.9005645" lon="77.5161275"/>
 <node id="3543372338" visible="true" version="1" changeset="31436431" timestamp="2015-05-25T06:51:38Z" user="sdivya" uid="2905508" lat="12.9005693" lon="77.5160995"/>
 <node id="3543372339" visible="true" version="1" changeset="31436431" timestamp="2015-05-25T06:51:38Z" user="sdivya" uid="2905508" lat="12.9005708" lon="77.5168381"/>
 <node id="3543372340" visible="true" version="1" changeset="31436431" timestamp="2015-05-25T06:51:38Z" user="sdivya" uid="2905508" lat="12.9005718" lon="77.5163951"/>
 <node id="3543372341" visible="true" version="1" changeset="31436431" timestamp="2015-05-25T06:51:38Z" user="sdivya" uid="2905508" lat="12.9005723" lon="77.5163556"/>
 <node id="3543372350" visible="true" version="1" changeset="31436431" timestamp="2015-05-25T06:51:38Z" user="sdivya" uid="2905508" lat="12.9005843" lon="77.5163736"/>
 <node id="3543372351" visible="true" version="1" changeset="31436431" timestamp="2015-05-25T06:51:38Z" user="sdivya" uid="2905508" lat="12.9005844" lon="77.5163432"/>
 <node id="3543372355" visible="true" version="1" changeset="31436431" timestamp="2015-05-25T06:51:38Z" user="sdivya" uid="2905508" lat="12.9005915" lon="77.5164809"/>
 <node id="3543372357" visible="true" version="1" changeset="31436431" timestamp="2015-05-25T06:51:38Z" user="sdivya" uid="2905508" lat="12.9005944" lon="77.5168413"/>
 <node id="3543372360" visible="true" version="1" changeset="31436431" timestamp="2015-05-25T06:51:38Z" user="sdivya" uid="2905508" lat="12.9005971" lon="77.5162980"/>
 <node id="3543372361" visible="true" version="1" changeset="31436431" timestamp="2015-05-25T06:51:38Z" user="sdivya" uid="2905508" lat="12.9005980" lon="77.5162101"/>
 <node id="3543372368" visible="true" version="1" changeset="31436431" timestamp="2015-05-25T06:51:38Z" user="sdivya" uid="2905508" lat="12.9006068" lon="77.5161497"/>
 <node id="3543372371" visible="true" version="1" changeset="31436431" timestamp="2015-05-25T06:51:38Z" user="sdivya" uid="2905508" lat="12.9006108" lon="77.5164566"/>
 <node id="3543372372" visible="true" version="1" changeset="31436431" timestamp="2015-05-25T06:51:38Z" user="sdivya" uid="2905508" lat="12.9006117" lon="77.5162133"/>
 <node id="3543372373" visible="true" version="1" changeset="31436431" timestamp="2015-05-25T06:51:38Z" user="sdivya" uid="2905508" lat="12.9006120" lon="77.5163008"/>
 <node id="3543372374" visible="true" version="1" changeset="31436431" timestamp="2015-05-25T06:51:38Z" user="sdivya" uid="2905508" lat="12.9006164" lon="77.5164121"/>
 <node id="3543372375" visible="true" version="1" changeset="31436431" timestamp="2015-05-25T06:51:38Z" user="sdivya" uid="2905508" lat="12.9006195" lon="77.5163877"/>
 <node id="3543372377" visible="true" version="1" changeset="31436431" timestamp="2015-05-25T06:51:38Z" user="sdivya" uid="2905508" lat="12.9006216" lon="77.5161472"/>
 <node id="3543372380" visible="true" version="1" changeset="31436431" timestamp="2015-05-25T06:51:38Z" user="sdivya" uid="2905508" lat="12.9006235" lon="77.5164126"/>
 <node id="3543372390" visible="true" version="1" changeset="31436431" timestamp="2015-05-25T06:51:38Z" user="sdivya" uid="2905508" lat="12.9006363" lon="77.5166633"/>
 <node id="3543372391" visible="true" version="1" changeset="31436431" timestamp="2015-05-25T06:51:38Z" user="sdivya" uid="2905508" lat="12.9006365" lon="77.5164050"/>
 <node id="3543372407" visible="true" version="1" changeset="31436431" timestamp="2015-05-25T06:51:39Z" user="sdivya" uid="2905508" lat="12.9006472" lon="77.5163149"/>
 <node id="3543372408" visible="true" version="1" changeset="31436431" timestamp="2015-05-25T06:51:39Z" user="sdivya" uid="2905508" lat="12.9006472" lon="77.5163646"/>
 <node id="3543372410" visible="true" version="1" changeset="31436431" timestamp="2015-05-25T06:51:39Z" user="sdivya" uid="2905508" lat="12.9006477" lon="77.5162885"/>
 <node id="3543372415" visible="true" version="1" changeset="31436431" timestamp="2015-05-25T06:51:39Z" user="sdivya" uid="2905508" lat="12.9006541" lon="77.5162395"/>
 <node id="3543372420" visible="true" version="1" changeset="31436431" timestamp="2015-05-25T06:51:39Z" user="sdivya" uid="2905508" lat="12.9006558" lon="77.5163100"/>
 <node id="3543372424" visible="true" version="1" changeset="31436431" timestamp="2015-05-25T06:51:39Z" user="sdivya" uid="2905508" lat="12.9006597" lon="77.5166713"/>
 <node id="3543372432" visible="true" version="1" changeset="31436431" timestamp="2015-05-25T06:51:39Z" user="sdivya" uid="2905508" lat="12.9006742" lon="77.5162353"/>
 <node id="3543372435" visible="true" version="1" changeset="31436431" timestamp="2015-05-25T06:51:39Z" user="sdivya" uid="2905508" lat="12.9006790" lon="77.5161484"/>
 <node id="3543372436" visible="true" version="1" changeset="31436431" timestamp="2015-05-25T06:51:39Z" user="sdivya" uid="2905508" lat="12.9006811" lon="77.5162242"/>
 <node id="3543372439" visible="true" version="1" changeset="31436431" timestamp="2015-05-25T06:51:39Z" user="sdivya" uid="2905508" lat="12.9006838" lon="77.5161204"/>
 <node id="3543372445" visible="true" version="1" changeset="31436431" timestamp="2015-05-25T06:51:39Z" user="sdivya" uid="2905508" lat="12.9006880" lon="77.5162224"/>
 <node id="3543372448" visible="true" version="1" changeset="31436431" timestamp="2015-05-25T06:51:39Z" user="sdivya" uid="2905508" lat="12.9006910" lon="77.5161582"/>
 <node id="3543372454" visible="true" version="1" changeset="31436431" timestamp="2015-05-25T06:51:39Z" user="sdivya" uid="2905508" lat="12.9007000" lon="77.5161675"/>
 <node id="3543372457" visible="true" version="1" changeset="31436431" timestamp="2015-05-25T06:51:39Z" user="sdivya" uid="2905508" lat="12.9007041" lon="77.5163571"/>
 <node id="3543372461" visible="true" version="1" changeset="31436431" timestamp="2015-05-25T06:51:39Z" user="sdivya" uid="2905508" lat="12.9007070" lon="77.5163205"/>
 <node id="3543372463" visible="true" version="1" changeset="31436431" timestamp="2015-05-25T06:51:39Z" user="sdivya" uid="2905508" lat="12.9007074" lon="77.5161517"/>
 <node id="3543372464" visible="true" version="1" changeset="31436431" timestamp="2015-05-25T06:51:39Z" user="sdivya" uid="2905508" lat="12.9007077" lon="77.5160990"/>
 <node id="3543372467" visible="true" version="1" changeset="31436431" timestamp="2015-05-25T06:51:40Z" user="sdivya" uid="2905508" lat="12.9007088" lon="77.5163237"/>
 <node id="3543372470" visible="true" version="1" changeset="31436431" timestamp="2015-05-25T06:51:40Z" user="sdivya" uid="2905508" lat="12.9007094" lon="77.5163211"/>
 <node id="3543372476" visible="true" version="1" changeset="31436431" timestamp="2015-05-25T06:51:40Z" user="sdivya" uid="2905508" lat="12.9007133" lon="77.5161240"/>
 <node id="3543372478" visible="true" version="1" changeset="31436431" timestamp="2015-05-25T06:51:40Z" user="sdivya" uid="2905508" lat="12.9007143" lon="77.5164882"/>
 <node id="3543372479" visible="true" version="1" changeset="31436431" timestamp="2015-05-25T06:51:40Z" user="sdivya" uid="2905508" lat="12.9007177" lon="77.5162774"/>
 <node id="3543372480" visible="true" version="1" changeset="31436431" timestamp="2015-05-25T06:51:40Z" user="sdivya" uid="2905508" lat="12.9007210" lon="77.5162901"/>
 <node id="3543372481" visible="true" version="1" changeset="31436431" timestamp="2015-05-25T06:51:40Z" user="sdivya" uid="2905508" lat="12.9007248" lon="77.5160568"/>
 <node id="3543372483" visible="true" version="1" changeset="31436431" timestamp="2015-05-25T06:51:40Z" user="sdivya" uid="2905508" lat="12.9007270" lon="77.5164442"/>
 <node id="3543372489" visible="true" version="1" changeset="31436431" timestamp="2015-05-25T06:51:40Z" user="sdivya" uid="2905508" lat="12.9007318" lon="77.5164315"/>
 <node id="3543372494" visible="true" version="1" changeset="31436431" timestamp="2015-05-25T06:51:40Z" user="sdivya" uid="2905508" lat="12.9007424" lon="77.5163912"/>
 <node id="3543372505" visible="true" version="1" changeset="31436431" timestamp="2015-05-25T06:51:40Z" user="sdivya" uid="2905508" lat="12.9007575" lon="77.5163712"/>
 <node id="3543372512" visible="true" version="1" changeset="31436431" timestamp="2015-05-25T06:51:40Z" user="sdivya" uid="2905508" lat="12.9007738" lon="77.5162919"/>
 <node id="3543372514" visible="true" version="1" changeset="31436431" timestamp="2015-05-25T06:51:40Z" user="sdivya" uid="2905508" lat="12.9007744" lon="77.5163042"/>
 <node id="3543372515" visible="true" version="1" changeset="31436431" timestamp="2015-05-25T06:51:40Z" user="sdivya" uid="2905508" lat="12.9007810" lon="77.5162630"/>
 <node id="3543372516" visible="true" version="1" changeset="31436431" timestamp="2015-05-25T06:51:40Z" user="sdivya" uid="2905508" lat="12.9007832" lon="77.5162444"/>
 <node id="3543372518" visible="true" version="1" changeset="31436431" timestamp="2015-05-25T06:51:40Z" user="sdivya" uid="2905508" lat="12.9007936" lon="77.5161357"/>
 <node id="3543372520" visible="true" version="1" changeset="31436431" timestamp="2015-05-25T06:51:40Z" user="sdivya" uid="2905508" lat="12.9007953" lon="77.5161895"/>
 <node id="3543372522" visible="true" version="1" changeset="31436431" timestamp="2015-05-25T06:51:40Z" user="sdivya" uid="2905508" lat="12.9008065" lon="77.5161738"/>
 <node id="3543372524" visible="true" version="1" changeset="31436431" timestamp="2015-05-25T06:51:40Z" user="sdivya" uid="2905508" lat="12.9008107" lon="77.5160935"/>
 <node id="3543372526" visible="true" version="1" changeset="31436431" timestamp="2015-05-25T06:51:40Z" user="sdivya" uid="2905508" lat="12.9008123" lon="77.5161461"/>
 <node id="3543372758" visible="true" version="1" changeset="31436431" timestamp="2015-05-25T06:51:43Z" user="sdivya" uid="2905508" lat="12.9009774" lon="77.5169962"/>
 <node id="3543372786" visible="true" version="1" changeset="31436431" timestamp="2015-05-25T06:51:43Z" user="sdivya" uid="2905508" lat="12.9010427" lon="77.5168263"/>
 <node id="3543374570" visible="true" version="1" changeset="31436431" timestamp="2015-05-25T06:51:53Z" user="sdivya" uid="2905508" lat="12.9024991" lon="77.5161455"/>
 <node id="3543374575" visible="true" version="1" changeset="31436431" timestamp="2015-05-25T06:51:53Z" user="sdivya" uid="2905508" lat="12.9025179" lon="77.5160284"/>
 <node id="3543374590" visible="true" version="1" changeset="31436431" timestamp="2015-05-25T06:51:53Z" user="sdivya" uid="2905508" lat="12.9025897" lon="77.5181347"/>
 <node id="3543374592" visible="true" version="1" changeset="31436431" timestamp="2015-05-25T06:51:53Z" user="sdivya" uid="2905508" lat="12.9025915" lon="77.5172893"/>
 <node id="3543374793" visible="true" version="1" changeset="31436431" timestamp="2015-05-25T06:51:54Z" user="sdivya" uid="2905508" lat="12.9025939" lon="77.5180225"/>
 <node id="3543374794" visible="true" version="1" changeset="31436431" timestamp="2015-05-25T06:51:54Z" user="sdivya" uid="2905508" lat="12.9025943" lon="77.5182450"/>
 <node id="3543374795" visible="true" version="1" changeset="31436431" timestamp="2015-05-25T06:51:54Z" user="sdivya" uid="2905508" lat="12.9025952" lon="77.5181084"/>
 <node id="3543374798" visible="true" version="1" changeset="31436431" timestamp="2015-05-25T06:51:54Z" user="sdivya" uid="2905508" lat="12.9025976" lon="77.5171718"/>
 <node id="3543374803" visible="true" version="2" changeset="128630430" timestamp="2022-11-08T09:07:15Z" user="tusharvalvi" uid="16531141" lat="12.9025647" lon="77.5178085"/>
 <node id="3543374804" visible="true" version="1" changeset="31436431" timestamp="2015-05-25T06:51:54Z" user="sdivya" uid="2905508" lat="12.9026059" lon="77.5161635"/>
 <node id="3543374806" visible="true" version="1" changeset="31436431" timestamp="2015-05-25T06:51:54Z" user="sdivya" uid="2905508" lat="12.9026076" lon="77.5179403"/>
 <node id="3543374807" visible="true" version="3" changeset="173864851" timestamp="2025-10-28T04:55:54Z" user="manojkiccha" uid="19294160" lat="12.9025695" lon="77.5177327"/>
 <node id="3543374808" visible="true" version="1" changeset="31436431" timestamp="2015-05-25T06:51:54Z" user="sdivya" uid="2905508" lat="12.9026145" lon="77.5175893"/>
 <node id="3543374809" visible="true" version="1" changeset="31436431" timestamp="2015-05-25T06:51:54Z" user="sdivya" uid="2905508" lat="12.9026145" lon="77.5178235"/>
 <node id="3543374810" visible="true" version="1" changeset="31436431" timestamp="2015-05-25T06:51:54Z" user="sdivya" uid="2905508" lat="12.9026153" lon="77.5175277"/>
 <node id="3543374811" visible="true" version="1" changeset="31436431" timestamp="2015-05-25T06:51:54Z" user="sdivya" uid="2905508" lat="12.9026225" lon="77.5173915"/>
 <node id="3543374812" visible="true" version="1" changeset="31436431" timestamp="2015-05-25T06:51:54Z" user="sdivya" uid="2905508" lat="12.9026247" lon="77.5160465"/>
 <node id="3543374814" visible="true" version="1" changeset="31436431" timestamp="2015-05-25T06:51:54Z" user="sdivya" uid="2905508" lat="12.9026280" lon="77.5172994"/>
 <node id="3543374817" visible="true" version="1" changeset="31436431" timestamp="2015-05-25T06:51:54Z" user="sdivya" uid="2905508" lat="12.9026442" lon="77.5181323"/>
 <node id="3543374820" visible="true" version="1" changeset="31436431" timestamp="2015-05-25T06:51:54Z" user="sdivya" uid="2905508" lat="12.9026488" lon="77.5182426"/>
 <node id="3543374826" visible="true" version="1" changeset="31436431" timestamp="2015-05-25T06:51:54Z" user="sdivya" uid="2905508" lat="12.9026646" lon="77.5173941"/>
 <node id="3543374828" visible="true" version="1" changeset="31436431" timestamp="2015-05-25T06:51:54Z" user="sdivya" uid="2905508" lat="12.9026701" lon="77.5173021"/>
 <node id="3543374829" visible="true" version="1" changeset="31436431" timestamp="2015-05-25T06:51:54Z" user="sdivya" uid="2905508" lat="12.9026712" lon="77.5172936"/>
 <node id="3543374830" visible="true" version="1" changeset="31436431" timestamp="2015-05-25T06:51:54Z" user="sdivya" uid="2905508" lat="12.9026754" lon="77.5174163"/>
 <node id="3543374832" visible="true" version="1" changeset="31436431" timestamp="2015-05-25T06:51:54Z" user="sdivya" uid="2905508" lat="12.9026767" lon="77.5173072"/>
 <node id="3543374833" visible="true" version="1" changeset="31436431" timestamp="2015-05-25T06:51:54Z" user="sdivya" uid="2905508" lat="12.9026772" lon="77.5171761"/>
 <node id="3543374834" visible="true" version="1" changeset="31436431" timestamp="2015-05-25T06:51:54Z" user="sdivya" uid="2905508" lat="12.9026776" lon="77.5175901"/>
 <node id="3543374835" visible="true" version="1" changeset="31436431" timestamp="2015-05-25T06:51:54Z" user="sdivya" uid="2905508" lat="12.9026783" lon="77.5175285"/>
 <node id="3543374836" visible="true" version="1" changeset="31436431" timestamp="2015-05-25T06:51:54Z" user="sdivya" uid="2905508" lat="12.9026794" lon="77.5175929"/>
 <node id="3543374838" visible="true" version="1" changeset="31436431" timestamp="2015-05-25T06:51:54Z" user="sdivya" uid="2905508" lat="12.9026916" lon="77.5172937"/>
 <node id="3543374839" visible="true" version="1" changeset="31436431" timestamp="2015-05-25T06:51:54Z" user="sdivya" uid="2905508" lat="12.9026932" lon="77.5171920"/>
 <node id="3543374840" visible="true" version="1" changeset="31436431" timestamp="2015-05-25T06:51:54Z" user="sdivya" uid="2905508" lat="12.9026951" lon="77.5180209"/>
 <node id="3543374841" visible="true" version="1" changeset="31436431" timestamp="2015-05-25T06:51:54Z" user="sdivya" uid="2905508" lat="12.9026964" lon="77.5181068"/>
 <node id="3543374842" visible="true" version="2" changeset="127778304" timestamp="2022-10-19T11:58:00Z" user="tusharvalvi" uid="16531141" lat="12.9026966" lon="77.5171002"/>
 <node id="3543374843" visible="true" version="2" changeset="127778304" timestamp="2022-10-19T11:58:00Z" user="tusharvalvi" uid="16531141" lat="12.9026976" lon="77.5170518"/>
 <node id="3543374844" visible="true" version="1" changeset="31436431" timestamp="2015-05-25T06:51:54Z" user="sdivya" uid="2905508" lat="12.9026978" lon="77.5174654"/>
 <node id="3543374847" visible="true" version="1" changeset="31436431" timestamp="2015-05-25T06:51:54Z" user="sdivya" uid="2905508" lat="12.9027033" lon="77.5182447"/>
 <node id="3543374848" visible="true" version="1" changeset="31436431" timestamp="2015-05-25T06:51:54Z" user="sdivya" uid="2905508" lat="12.9027073" lon="77.5181122"/>
 <node id="3543374849" visible="true" version="1" changeset="31436431" timestamp="2015-05-25T06:51:55Z" user="sdivya" uid="2905508" lat="12.9027080" lon="77.5181483"/>
 <node id="3543374854" visible="true" version="1" changeset="31436431" timestamp="2015-05-25T06:51:55Z" user="sdivya" uid="2905508" lat="12.9027166" lon="77.5180229"/>
 <node id="3543374856" visible="true" version="1" changeset="31436431" timestamp="2015-05-25T06:51:55Z" user="sdivya" uid="2905508" lat="12.9027222" lon="77.5174169"/>
 <node id="3543374857" visible="true" version="1" changeset="31436431" timestamp="2015-05-25T06:51:55Z" user="sdivya" uid="2905508" lat="12.9027235" lon="77.5173077"/>
 <node id="3543374863" visible="true" version="1" changeset="31436431" timestamp="2015-05-25T06:51:55Z" user="sdivya" uid="2905508" lat="12.9027359" lon="77.5169971"/>
 <node id="3543374864" visible="true" version="1" changeset="31436431" timestamp="2015-05-25T06:51:55Z" user="sdivya" uid="2905508" lat="12.9027368" lon="77.5169659"/>
 <node id="3543374865" visible="true" version="1" changeset="31436431" timestamp="2015-05-25T06:51:55Z" user="sdivya" uid="2905508" lat="12.9027369" lon="77.5179483"/>
 <node id="3543374868" visible="true" version="1" changeset="31436431" timestamp="2015-05-25T06:51:55Z" user="sdivya" uid="2905508" lat="12.9027437" lon="77.5178315"/>
 <node id="3543374870" visible="true" version="1" changeset="31436431" timestamp="2015-05-25T06:51:55Z" user="sdivya" uid="2905508" lat="12.9027459" lon="77.5179298"/>
 <node id="3543374871" visible="true" version="1" changeset="31436431" timestamp="2015-05-25T06:51:55Z" user="sdivya" uid="2905508" lat="12.9027474" lon="77.5168776"/>
 <node id="3543374872" visible="true" version="1" changeset="31436431" timestamp="2015-05-25T06:51:55Z" user="sdivya" uid="2905508" lat="12.9027479" lon="77.5176033"/>
 <node id="3543374876" visible="true" version="2" changeset="128630430" timestamp="2022-11-08T09:07:15Z" user="tusharvalvi" uid="16531141" lat="12.9027173" lon="77.5178125"/>
 <node id="3543374877" visible="true" version="1" changeset="31436431" timestamp="2015-05-25T06:51:55Z" user="sdivya" uid="2905508" lat="12.9027579" lon="77.5178488"/>
 <node id="3543374878" visible="true" version="1" changeset="31436431" timestamp="2015-05-25T06:51:55Z" user="sdivya" uid="2905508" lat="12.9027593" lon="77.5172948"/>
 <node id="3543374879" visible="true" version="3" changeset="173864851" timestamp="2025-10-28T04:55:54Z" user="manojkiccha" uid="19294160" lat="12.9027175" lon="77.5177198"/>
 <node id="3543374880" visible="true" version="1" changeset="31436431" timestamp="2015-05-25T06:51:55Z" user="sdivya" uid="2905508" lat="12.9027609" lon="77.5171931"/>
 <node id="3543374881" visible="true" version="1" changeset="31436431" timestamp="2015-05-25T06:51:55Z" user="sdivya" uid="2905508" lat="12.9027663" lon="77.5174758"/>
 <node id="3543374882" visible="true" version="1" changeset="31436431" timestamp="2015-05-25T06:51:55Z" user="sdivya" uid="2905508" lat="12.9027676" lon="77.5167976"/>
 <node id="3543374883" visible="true" version="1" changeset="31436431" timestamp="2015-05-25T06:51:55Z" user="sdivya" uid="2905508" lat="12.9027741" lon="77.5176786"/>
 <node id="3543374887" visible="true" version="1" changeset="31436431" timestamp="2015-05-25T06:51:55Z" user="sdivya" uid="2905508" lat="12.9027771" lon="77.5168855"/>
 <node id="3543374888" visible="true" version="1" changeset="31436431" timestamp="2015-05-25T06:51:55Z" user="sdivya" uid="2905508" lat="12.9027797" lon="77.5175600"/>
 <node id="3543374889" visible="true" version="1" changeset="31436431" timestamp="2015-05-25T06:51:55Z" user="sdivya" uid="2905508" lat="12.9027907" lon="77.5175758"/>
 <node id="3543374890" visible="true" version="1" changeset="31436431" timestamp="2015-05-25T06:51:55Z" user="sdivya" uid="2905508" lat="12.9027946" lon="77.5173940"/>
 <node id="3543374891" visible="true" version="1" changeset="31436431" timestamp="2015-05-25T06:51:55Z" user="sdivya" uid="2905508" lat="12.9027959" lon="77.5174567"/>
 <node id="3543374892" visible="true" version="1" changeset="31436431" timestamp="2015-05-25T06:51:55Z" user="sdivya" uid="2905508" lat="12.9027973" lon="77.5168055"/>
 <node id="3543375093" visible="true" version="1" changeset="31436431" timestamp="2015-05-25T06:51:55Z" user="sdivya" uid="2905508" lat="12.9028036" lon="77.5178480"/>
 <node id="3543375095" visible="true" version="1" changeset="31436431" timestamp="2015-05-25T06:51:55Z" user="sdivya" uid="2905508" lat="12.9028061" lon="77.5172934"/>
 <node id="3543375096" visible="true" version="1" changeset="31436431" timestamp="2015-05-25T06:51:55Z" user="sdivya" uid="2905508" lat="12.9028067" lon="77.5172800"/>
 <node id="3543375097" visible="true" version="2" changeset="127778304" timestamp="2022-10-19T11:58:00Z" user="tusharvalvi" uid="16531141" lat="12.9028078" lon="77.5171025"/>
 <node id="3543375098" visible="true" version="2" changeset="127778304" timestamp="2022-10-19T11:58:00Z" user="tusharvalvi" uid="16531141" lat="12.9028088" lon="77.5170541"/>
 <node id="3543375099" visible="true" version="1" changeset="31436431" timestamp="2015-05-25T06:51:55Z" user="sdivya" uid="2905508" lat="12.9028094" lon="77.5171907"/>
 <node id="3543375100" visible="true" version="1" changeset="31436431" timestamp="2015-05-25T06:51:55Z" user="sdivya" uid="2905508" lat="12.9028123" lon="77.5182503"/>
 <node id="3543375101" visible="true" version="1" changeset="31436431" timestamp="2015-05-25T06:51:55Z" user="sdivya" uid="2905508" lat="12.9028170" lon="77.5181539"/>
 <node id="3543375102" visible="true" version="1" changeset="31436431" timestamp="2015-05-25T06:51:55Z" user="sdivya" uid="2905508" lat="12.9028174" lon="77.5161187"/>
 <node id="3543375103" visible="true" version="1" changeset="31436431" timestamp="2015-05-25T06:51:55Z" user="sdivya" uid="2905508" lat="12.9028183" lon="77.5177464"/>
 <node id="3543375105" visible="true" version="1" changeset="31436431" timestamp="2015-05-25T06:51:55Z" user="sdivya" uid="2905508" lat="12.9028221" lon="77.5160893"/>
 <node id="3543375107" visible="true" version="2" changeset="127778304" timestamp="2022-10-19T11:58:00Z" user="tusharvalvi" uid="16531141" lat="12.9028180" lon="77.5169334"/>
 <node id="3543375109" visible="true" version="1" changeset="31436431" timestamp="2015-05-25T06:51:56Z" user="sdivya" uid="2905508" lat="12.9028432" lon="77.5179450"/>
 <node id="3543375110" visible="true" version="1" changeset="31436431" timestamp="2015-05-25T06:51:56Z" user="sdivya" uid="2905508" lat="12.9028446" lon="77.5161233"/>
 <node id="3543375111" visible="true" version="2" changeset="127778304" timestamp="2022-10-19T11:58:00Z" user="tusharvalvi" uid="16531141" lat="12.9028306" lon="77.5168051"/>
 <node id="3543375112" visible="true" version="2" changeset="127778304" timestamp="2022-10-19T11:58:00Z" user="tusharvalvi" uid="16531141" lat="12.9028127" lon="77.5171054"/>
 <node id="3543375114" visible="true" version="1" changeset="31436431" timestamp="2015-05-25T06:51:56Z" user="sdivya" uid="2905508" lat="12.9028493" lon="77.5160939"/>
 <node id="3543375115" visible="true" version="2" changeset="127778304" timestamp="2022-10-19T11:58:00Z" user="tusharvalvi" uid="16531141" lat="12.9028162" lon="77.5170550"/>
 <node id="3543375116" visible="true" version="1" changeset="31436431" timestamp="2015-05-25T06:51:56Z" user="sdivya" uid="2905508" lat="12.9028515" lon="77.5170005"/>
 <node id="3543375117" visible="true" version="1" changeset="31436431" timestamp="2015-05-25T06:51:56Z" user="sdivya" uid="2905508" lat="12.9028524" lon="77.5169693"/>
 <node id="3543375118" visible="true" version="1" changeset="31436431" timestamp="2015-05-25T06:51:56Z" user="sdivya" uid="2905508" lat="12.9028552" lon="77.5178640"/>
 <node id="3543375119" visible="true" version="1" changeset="31436431" timestamp="2015-05-25T06:51:56Z" user="sdivya" uid="2905508" lat="12.9028599" lon="77.5179615"/>
 <node id="3543375120" visible="true" version="1" changeset="31436431" timestamp="2015-05-25T06:51:56Z" user="sdivya" uid="2905508" lat="12.9028653" lon="77.5178847"/>
 <node id="3543375125" visible="true" version="1" changeset="31436431" timestamp="2015-05-25T06:51:56Z" user="sdivya" uid="2905508" lat="12.9028882" lon="77.5174053"/>
 <node id="3543375130" visible="true" version="1" changeset="31436431" timestamp="2015-05-25T06:51:56Z" user="sdivya" uid="2905508" lat="12.9028997" lon="77.5173047"/>
 <node id="3543375132" visible="true" version="1" changeset="31436431" timestamp="2015-05-25T06:51:56Z" user="sdivya" uid="2905508" lat="12.9029105" lon="77.5181345"/>
 <node id="3543375134" visible="true" version="1" changeset="31436431" timestamp="2015-05-25T06:51:56Z" user="sdivya" uid="2905508" lat="12.9029124" lon="77.5172834"/>
 <node id="3543375136" visible="true" version="1" changeset="31436431" timestamp="2015-05-25T06:51:56Z" user="sdivya" uid="2905508" lat="12.9029151" lon="77.5171940"/>
 <node id="3543375139" visible="true" version="1" changeset="31436431" timestamp="2015-05-25T06:51:56Z" user="sdivya" uid="2905508" lat="12.9029198" lon="77.5180453"/>
 <node id="3543375144" visible="true" version="1" changeset="31436431" timestamp="2015-05-25T06:51:56Z" user="sdivya" uid="2905508" lat="12.9029455" lon="77.5179679"/>
 <node id="3543375145" visible="true" version="1" changeset="31436431" timestamp="2015-05-25T06:51:56Z" user="sdivya" uid="2905508" lat="12.9029509" lon="77.5178911"/>
 <node id="3543375148" visible="true" version="1" changeset="31436431" timestamp="2015-05-25T06:51:56Z" user="sdivya" uid="2905508" lat="12.9029599" lon="77.5178717"/>
 <node id="3543375150" visible="true" version="2" changeset="127778304" timestamp="2022-10-19T11:58:00Z" user="tusharvalvi" uid="16531141" lat="12.9029490" lon="77.5169469"/>
 <node id="3543375151" visible="true" version="1" changeset="31436431" timestamp="2015-05-25T06:51:56Z" user="sdivya" uid="2905508" lat="12.9029668" lon="77.5177113"/>
 <node id="3543375155" visible="true" version="2" changeset="127778304" timestamp="2022-10-19T11:58:00Z" user="tusharvalvi" uid="16531141" lat="12.9029382" lon="77.5171144"/>
 <node id="3543375157" visible="true" version="1" changeset="31436431" timestamp="2015-05-25T06:51:56Z" user="sdivya" uid="2905508" lat="12.9029746" lon="77.5177701"/>
 <node id="3543375158" visible="true" version="2" changeset="127778304" timestamp="2022-10-19T11:58:00Z" user="tusharvalvi" uid="16531141" lat="12.9029616" lon="77.5168187"/>
 <node id="3543375159" visible="true" version="2" changeset="127778304" timestamp="2022-10-19T11:58:00Z" user="tusharvalvi" uid="16531141" lat="12.9029417" lon="77.5170640"/>
 <node id="3543375161" visible="true" version="1" changeset="31436431" timestamp="2015-05-25T06:51:57Z" user="sdivya" uid="2905508" lat="12.9029834" lon="77.5176086"/>
 <node id="3543375168" visible="true" version="1" changeset="31436431" timestamp="2015-05-25T06:51:57Z" user="sdivya" uid="2905508" lat="12.9030054" lon="77.5175973"/>
 <node id="3543375172" visible="true" version="1" changeset="31436431" timestamp="2015-05-25T06:51:57Z" user="sdivya" uid="2905508" lat="12.9030216" lon="77.5174940"/>
 <node id="3553940041" visible="true" version="1" changeset="31527493" timestamp="2015-05-28T11:46:37Z" user="Apreethi" uid="2900372" lat="12.9015078" lon="77.5200805"/>
 <node id="3553940042" visible="true" version="1" changeset="31527493" timestamp="2015-05-28T11:46:37Z" user="Apreethi" uid="2900372" lat="12.9015193" lon="77.5200051"/>
 <node id="3553940043" visible="true" version="2" changeset="128731489" timestamp="2022-11-10T12:24:04Z" user="Madhumita Nandi" uid="16294697" lat="12.9014998" lon="77.5198375"/>
 <node id="3553940044" visible="true" version="2" changeset="128731489" timestamp="2022-11-10T12:24:04Z" user="Madhumita Nandi" uid="16294697" lat="12.9015154" lon="77.5197571"/>
 <node id="3553940045" visible="true" version="2" changeset="128731489" timestamp="2022-11-10T12:24:04Z" user="Madhumita Nandi" uid="16294697" lat="12.9015204" lon="77.5197288"/>
 <node id="3553940047" visible="true" version="2" changeset="128731489" timestamp="2022-11-10T12:24:04Z" user="Madhumita Nandi" uid="16294697" lat="12.9015486" lon="77.5195794"/>
 <node id="3553940051" visible="true" version="2" changeset="173869376" timestamp="2025-10-28T07:46:46Z" user="manojkiccha" uid="19294160" lat="12.9016168" lon="77.5199850"/>
 <node id="3553940053" visible="true" version="1" changeset="31527493" timestamp="2015-05-28T11:46:37Z" user="Apreethi" uid="2900372" lat="12.9016561" lon="77.5201043"/>
 <node id="3553940055" visible="true" version="2" changeset="128731489" timestamp="2022-11-10T12:24:04Z" user="Madhumita Nandi" uid="16294697" lat="12.9016314" lon="77.5198644"/>
 <node id="3553940056" visible="true" version="2" changeset="173869376" timestamp="2025-10-28T07:46:46Z" user="manojkiccha" uid="19294160" lat="12.9016258" lon="77.5199341"/>
 <node id="3553940057" visible="true" version="2" changeset="128731489" timestamp="2022-11-10T12:24:04Z" user="Madhumita Nandi" uid="16294697" lat="12.9016430" lon="77.5198276"/>
 <node id="3553940058" visible="true" version="1" changeset="31527493" timestamp="2015-05-28T11:46:37Z" user="Apreethi" uid="2900372" lat="12.9016676" lon="77.5200290"/>
 <node id="3553940059" visible="true" version="2" changeset="128731489" timestamp="2022-11-10T12:24:04Z" user="Madhumita Nandi" uid="16294697" lat="12.9016367" lon="77.5197519"/>
 <node id="3553940060" visible="true" version="2" changeset="128731489" timestamp="2022-11-10T12:24:04Z" user="Madhumita Nandi" uid="16294697" lat="12.9016470" lon="77.5197839"/>
 <node id="3553940062" visible="true" version="2" changeset="128731489" timestamp="2022-11-10T12:24:04Z" user="Madhumita Nandi" uid="16294697" lat="12.9016668" lon="77.5197080"/>
 <node id="3553940063" visible="true" version="2" changeset="128731489" timestamp="2022-11-10T12:24:04Z" user="Madhumita Nandi" uid="16294697" lat="12.9016641" lon="77.5197188"/>
 <node id="3553940064" visible="true" version="2" changeset="128731489" timestamp="2022-11-10T12:24:04Z" user="Madhumita Nandi" uid="16294697" lat="12.9016649" lon="77.5196025"/>
 <node id="3553940066" visible="true" version="2" changeset="128731489" timestamp="2022-11-10T12:24:04Z" user="Madhumita Nandi" uid="16294697" lat="12.9016781" lon="77.5196423"/>
 <node id="3553940071" visible="true" version="2" changeset="173869376" timestamp="2025-10-28T07:46:46Z" user="manojkiccha" uid="19294160" lat="12.9017273" lon="77.5200055"/>
 <node id="3553940072" visible="true" version="2" changeset="173869376" timestamp="2025-10-28T07:46:46Z" user="manojkiccha" uid="19294160" lat="12.9017363" lon="77.5199547"/>
 <node id="3553940074" visible="true" version="2" changeset="128731489" timestamp="2022-11-10T12:24:04Z" user="Madhumita Nandi" uid="16294697" lat="12.9017600" lon="77.5198515"/>
 <node id="3553940075" visible="true" version="2" changeset="128731489" timestamp="2022-11-10T12:24:04Z" user="Madhumita Nandi" uid="16294697" lat="12.9017811" lon="77.5197426"/>
 <node id="3553940076" visible="true" version="2" changeset="128731489" timestamp="2022-11-10T12:24:04Z" user="Madhumita Nandi" uid="16294697" lat="12.9017918" lon="77.5197325"/>
 <node id="3553940079" visible="true" version="2" changeset="128731489" timestamp="2022-11-10T12:24:04Z" user="Madhumita Nandi" uid="16294697" lat="12.9018032" lon="77.5196699"/>
 <node id="3559817469" visible="true" version="1" changeset="31596447" timestamp="2015-05-31T01:14:43Z" user="Apreethi" uid="2900372" lat="12.9024199" lon="77.5197373"/>
 <node id="3559817470" visible="true" version="1" changeset="31596447" timestamp="2015-05-31T01:14:43Z" user="Apreethi" uid="2900372" lat="12.9024611" lon="77.5194817"/>
 <node id="3559817473" visible="true" version="1" changeset="31596447" timestamp="2015-05-31T01:14:43Z" user="Apreethi" uid="2900372" lat="12.9025630" lon="77.5197616"/>
 <node id="3559817474" visible="true" version="1" changeset="31596447" timestamp="2015-05-31T01:14:43Z" user="Apreethi" uid="2900372" lat="12.9026043" lon="77.5195060"/>
 <node id="3582322809" visible="true" version="1" changeset="31833752" timestamp="2015-06-09T04:49:47Z" user="Apreethi" uid="2900372" lat="12.9002831" lon="77.5198107"/>
 <node id="3582322810" visible="true" version="1" changeset="31833752" timestamp="2015-06-09T04:49:47Z" user="Apreethi" uid="2900372" lat="12.9002911" lon="77.5197312"/>
 <node id="3582322811" visible="true" version="1" changeset="31833752" timestamp="2015-06-09T04:49:47Z" user="Apreethi" uid="2900372" lat="12.9003824" lon="77.5198212"/>
 <node id="3582322812" visible="true" version="1" changeset="31833752" timestamp="2015-06-09T04:49:47Z" user="Apreethi" uid="2900372" lat="12.9003904" lon="77.5197417"/>
 <node id="3582322813" visible="true" version="1" changeset="31833752" timestamp="2015-06-09T04:49:47Z" user="Apreethi" uid="2900372" lat="12.9004174" lon="77.5195820"/>
 <node id="3582322814" visible="true" version="1" changeset="31833752" timestamp="2015-06-09T04:49:47Z" user="Apreethi" uid="2900372" lat="12.9004249" lon="77.5194986"/>
 <node id="3582322815" visible="true" version="1" changeset="31833752" timestamp="2015-06-09T04:49:47Z" user="Apreethi" uid="2900372" lat="12.9006294" lon="77.5196019"/>
 <node id="3582322816" visible="true" version="1" changeset="31833752" timestamp="2015-06-09T04:49:47Z" user="Apreethi" uid="2900372" lat="12.9006369" lon="77.5195185"/>
 <node id="3582322854" visible="true" version="1" changeset="31833752" timestamp="2015-06-09T04:49:48Z" user="Apreethi" uid="2900372" lat="12.9021407" lon="77.5203282"/>
 <node id="3582322856" visible="true" version="1" changeset="31833752" timestamp="2015-06-09T04:49:48Z" user="Apreethi" uid="2900372" lat="12.9021687" lon="77.5202234"/>
 <node id="3582322857" visible="true" version="1" changeset="31833752" timestamp="2015-06-09T04:49:48Z" user="Apreethi" uid="2900372" lat="12.9022177" lon="77.5203499"/>
 <node id="3582322859" visible="true" version="1" changeset="31833752" timestamp="2015-06-09T04:49:48Z" user="Apreethi" uid="2900372" lat="12.9022457" lon="77.5202451"/>
 <node id="3674333625" visible="true" version="1" changeset="32998052" timestamp="2015-07-31T04:30:04Z" user="maheshrkm" uid="2897465" lat="12.8934253" lon="77.5137725"/>
 <node id="3674333626" visible="true" version="1" changeset="32998052" timestamp="2015-07-31T04:30:04Z" user="maheshrkm" uid="2897465" lat="12.8932153" lon="77.5138538"/>
 <node id="3674333627" visible="true" version="1" changeset="32998052" timestamp="2015-07-31T04:30:04Z" user="maheshrkm" uid="2897465" lat="12.8930172" lon="77.5139514"/>
 <node id="3674333628" visible="true" version="1" changeset="32998052" timestamp="2015-07-31T04:30:04Z" user="maheshrkm" uid="2897465" lat="12.8928143" lon="77.5141610"/>
 <node id="3674333629" visible="true" version="1" changeset="32998052" timestamp="2015-07-31T04:30:04Z" user="maheshrkm" uid="2897465" lat="12.8928143" lon="77.5146070"/>
 <node id="3674333630" visible="true" version="1" changeset="32998052" timestamp="2015-07-31T04:30:05Z" user="maheshrkm" uid="2897465" lat="12.8929799" lon="77.5148830"/>
 <node id="3674333631" visible="true" version="1" changeset="32998052" timestamp="2015-07-31T04:30:05Z" user="maheshrkm" uid="2897465" lat="12.8930213" lon="77.5150954"/>
 <node id="3674333632" visible="true" version="1" changeset="32998052" timestamp="2015-07-31T04:30:05Z" user="maheshrkm" uid="2897465" lat="12.8928626" lon="77.5153219"/>
 <node id="3674333633" visible="true" version="1" changeset="32998052" timestamp="2015-07-31T04:30:05Z" user="maheshrkm" uid="2897465" lat="12.8926349" lon="77.5153290"/>
 <node id="3674333634" visible="true" version="1" changeset="32998052" timestamp="2015-07-31T04:30:05Z" user="maheshrkm" uid="2897465" lat="12.8924486" lon="77.5154918"/>
 <node id="3674333635" visible="true" version="2" changeset="173345810" timestamp="2025-10-16T04:20:47Z" user="Vonter" uid="3926189" lat="12.8924662" lon="77.5155889"/>
 <node id="3674333636" visible="true" version="2" changeset="173345810" timestamp="2025-10-16T04:20:47Z" user="Vonter" uid="3926189" lat="12.8925318" lon="77.5157750"/>
 <node id="3674333637" visible="true" version="2" changeset="173345810" timestamp="2025-10-16T04:20:47Z" user="Vonter" uid="3926189" lat="12.8931906" lon="77.5156169"/>
 <node id="3674333638" visible="true" version="2" changeset="173345810" timestamp="2025-10-16T04:20:47Z" user="Vonter" uid="3926189" lat="12.8938142" lon="77.5158210"/>
 <node id="3674333639" visible="true" version="2" changeset="173345810" timestamp="2025-10-16T04:20:47Z" user="Vonter" uid="3926189" lat="12.8938188" lon="77.5160073"/>
 <node id="3674333640" visible="true" version="1" changeset="32998052" timestamp="2015-07-31T04:30:05Z" user="maheshrkm" uid="2897465" lat="12.8937596" lon="77.5164190"/>
 <node id="3674333641" visible="true" version="1" changeset="32998052" timestamp="2015-07-31T04:30:05Z" user="maheshrkm" uid="2897465" lat="12.8936078" lon="77.5168791"/>
 <node id="3674333642" visible="true" version="1" changeset="32998052" timestamp="2015-07-31T04:30:05Z" user="maheshrkm" uid="2897465" lat="12.8932421" lon="77.5171198"/>
 <node id="3674333643" visible="true" version="1" changeset="32998052" timestamp="2015-07-31T04:30:05Z" user="maheshrkm" uid="2897465" lat="12.8930834" lon="77.5174454"/>
 <node id="3674333644" visible="true" version="1" changeset="32998052" timestamp="2015-07-31T04:30:05Z" user="maheshrkm" uid="2897465" lat="12.8931662" lon="77.5178418"/>
 <node id="3674333645" visible="true" version="1" changeset="32998052" timestamp="2015-07-31T04:30:05Z" user="maheshrkm" uid="2897465" lat="12.8933249" lon="77.5182099"/>
 <node id="3674333646" visible="true" version="1" changeset="32998052" timestamp="2015-07-31T04:30:05Z" user="maheshrkm" uid="2897465" lat="12.8933594" lon="77.5182948"/>
 <node id="3674333647" visible="true" version="1" changeset="32998052" timestamp="2015-07-31T04:30:05Z" user="maheshrkm" uid="2897465" lat="12.8936278" lon="77.5183602"/>
 <node id="3674333648" visible="true" version="1" changeset="32998052" timestamp="2015-07-31T04:30:05Z" user="maheshrkm" uid="2897465" lat="12.8939415" lon="77.5183334"/>
 <node id="3674333649" visible="true" version="1" changeset="32998052" timestamp="2015-07-31T04:30:05Z" user="maheshrkm" uid="2897465" lat="12.8942448" lon="77.5184192"/>
 <node id="3674333650" visible="true" version="1" changeset="32998052" timestamp="2015-07-31T04:30:05Z" user="maheshrkm" uid="2897465" lat="12.8943232" lon="77.5186338"/>
 <node id="3674333651" visible="true" version="1" changeset="32998052" timestamp="2015-07-31T04:30:05Z" user="maheshrkm" uid="2897465" lat="12.8943598" lon="77.5190254"/>
 <node id="3674333652" visible="true" version="1" changeset="32998052" timestamp="2015-07-31T04:30:05Z" user="maheshrkm" uid="2897465" lat="12.8944278" lon="77.5190683"/>
 <node id="3674333658" visible="true" version="1" changeset="32998052" timestamp="2015-07-31T04:30:05Z" user="maheshrkm" uid="2897465" lat="12.8968962" lon="77.5192255"/>
 <node id="3674333659" visible="true" version="1" changeset="32998052" timestamp="2015-07-31T04:30:05Z" user="maheshrkm" uid="2897465" lat="12.8974152" lon="77.5187879"/>
 <node id="3674333660" visible="true" version="1" changeset="32998052" timestamp="2015-07-31T04:30:05Z" user="maheshrkm" uid="2897465" lat="12.8983042" lon="77.5187078"/>
 <node id="3674333661" visible="true" version="1" changeset="32998052" timestamp="2015-07-31T04:30:05Z" user="maheshrkm" uid="2897465" lat="12.8996306" lon="77.5187278"/>
 <node id="3674333662" visible="true" version="1" changeset="32998052" timestamp="2015-07-31T04:30:05Z" user="maheshrkm" uid="2897465" lat="12.8999947" lon="77.5170747"/>
 <node id="3674333676" visible="true" version="2" changeset="158567342" timestamp="2024-10-31T06:00:37Z" user="Vonter" uid="3926189" lat="12.9011010" lon="77.5133286"/>
 <node id="3674333677" visible="true" version="1" changeset="32998052" timestamp="2015-07-31T04:30:05Z" user="maheshrkm" uid="2897465" lat="12.9009263" lon="77.5132485"/>
 <node id="3674333678" visible="true" version="1" changeset="32998052" timestamp="2015-07-31T04:30:05Z" user="maheshrkm" uid="2897465" lat="12.9007581" lon="77.5131500"/>
 <node id="3674333679" visible="true" version="1" changeset="32998052" timestamp="2015-07-31T04:30:05Z" user="maheshrkm" uid="2897465" lat="12.9005659" lon="77.5128049"/>
 <node id="3674333680" visible="true" version="1" changeset="32998052" timestamp="2015-07-31T04:30:05Z" user="maheshrkm" uid="2897465" lat="12.9004517" lon="77.5126385"/>
 <node id="3674333681" visible="true" version="1" changeset="32998052" timestamp="2015-07-31T04:30:05Z" user="maheshrkm" uid="2897465" lat="12.8999102" lon="77.5127033"/>
 <node id="3674333687" visible="true" version="1" changeset="32998052" timestamp="2015-07-31T04:30:06Z" user="maheshrkm" uid="2897465" lat="12.8968418" lon="77.5139168"/>
 <node id="3674333688" visible="true" version="1" changeset="32998052" timestamp="2015-07-31T04:30:06Z" user="maheshrkm" uid="2897465" lat="12.8962411" lon="77.5138675"/>
 <node id="3674333689" visible="true" version="1" changeset="32998052" timestamp="2015-07-31T04:30:06Z" user="maheshrkm" uid="2897465" lat="12.8950158" lon="77.5141510"/>
 <node id="3674333690" visible="true" version="1" changeset="32998052" timestamp="2015-07-31T04:30:06Z" user="maheshrkm" uid="2897465" lat="12.8943070" lon="77.5134115"/>
 <node id="3674333691" visible="true" version="1" changeset="32998052" timestamp="2015-07-31T04:30:06Z" user="maheshrkm" uid="2897465" lat="12.8939105" lon="77.5135101"/>
 <node id="4488140963" visible="true" version="1" changeset="43480429" timestamp="2016-11-08T07:18:37Z" user="Gummireddybharath" uid="4649375" lat="12.9024156" lon="77.5162051">
  <tag k="addr:city" v="bangalore"/>
  <tag k="addr:housenumber" v="26"/>
  <tag k="addr:postcode" v="560061"/>
  <tag k="addr:street" v="Near-Uttarahalli Kengeri Main Road, Channasandra, Srinivaspura"/>
  <tag k="name" v="GVA Business Solutions Private Ltd"/>
  <tag k="phone" v="080 2861 1319"/>
 </node>
 <node id="5112250882" visible="true" version="2" changeset="158894799" timestamp="2024-11-08T13:01:01Z" user="Vonter" uid="3926189" lat="12.9015709" lon="77.5188942"/>
 <node id="5810244728" visible="true" version="1" changeset="61372977" timestamp="2018-08-05T12:30:42Z" user="PlaneMad" uid="1306" lat="12.8982239" lon="77.5187150"/>
 <node id="6144323504" visible="true" version="1" changeset="65571461" timestamp="2018-12-18T06:28:04Z" user="swaru" uid="9086717" lat="12.9005482" lon="77.5190444"/>
 <node id="6144323505" visible="true" version="1" changeset="65571461" timestamp="2018-12-18T06:28:04Z" user="swaru" uid="9086717" lat="12.8997586" lon="77.5187943"/>
 <node id="6144323506" visible="true" version="1" changeset="65571461" timestamp="2018-12-18T06:28:04Z" user="swaru" uid="9086717" lat="12.9015482" lon="77.5194219"/>
 <node id="6144323507" visible="true" version="1" changeset="65571461" timestamp="2018-12-18T06:28:04Z" user="swaru" uid="9086717" lat="12.9010475" lon="77.5192322"/>
 <node id="6144323508" visible="true" version="1" changeset="65571461" timestamp="2018-12-18T06:28:04Z" user="swaru" uid="9086717" lat="12.8997952" lon="77.5188218"/>
 <node id="6144323509" visible="true" version="1" changeset="65571461" timestamp="2018-12-18T06:28:04Z" user="swaru" uid="9086717" lat="12.8998167" lon="77.5184560"/>
 <node id="6144323510" visible="true" version="1" changeset="65571461" timestamp="2018-12-18T06:28:04Z" user="swaru" uid="9086717" lat="12.8997651" lon="77.5186595"/>
 <node id="6144323511" visible="true" version="1" changeset="65571461" timestamp="2018-12-18T06:28:04Z" user="swaru" uid="9086717" lat="12.8997442" lon="77.5187635"/>
 <node id="6144323512" visible="true" version="1" changeset="65571461" timestamp="2018-12-18T06:28:04Z" user="swaru" uid="9086717" lat="12.8999122" lon="77.5188486"/>
 <node id="6144323513" visible="true" version="1" changeset="65571461" timestamp="2018-12-18T06:28:04Z" user="swaru" uid="9086717" lat="12.9001063" lon="77.5188976"/>
 <node id="6144323514" visible="true" version="1" changeset="65571461" timestamp="2018-12-18T06:28:04Z" user="swaru" uid="9086717" lat="12.9020247" lon="77.5195668"/>
 <node id="6144323515" visible="true" version="1" changeset="65571461" timestamp="2018-12-18T06:28:04Z" user="swaru" uid="9086717" lat="12.9020750" lon="77.5195661"/>
 <node id="6144323516" visible="true" version="1" changeset="65571461" timestamp="2018-12-18T06:28:04Z" user="swaru" uid="9086717" lat="12.9020999" lon="77.5195380"/>
 <node id="6144323517" visible="true" version="1" changeset="65571461" timestamp="2018-12-18T06:28:04Z" user="swaru" uid="9086717" lat="12.9021326" lon="77.5194468"/>
 <node id="6167910194" visible="true" version="1" changeset="65837865" timestamp="2018-12-28T10:57:22Z" user="satz125" uid="9086391" lat="12.9028547" lon="77.5184955"/>
 <node id="7173041692" visible="true" version="1" changeset="80334757" timestamp="2020-01-30T19:36:35Z" user="indigomc" uid="136860" lat="12.9035516" lon="77.5193136"/>
 <node id="7175540126" visible="true" version="2" changeset="83140214" timestamp="2020-04-06T10:45:06Z" user="VLD213" uid="10882264" lat="12.9017323" lon="77.5177575"/>
 <node id="7175540127" visible="true" version="2" changeset="83140214" timestamp="2020-04-06T10:45:06Z" user="VLD213" uid="10882264" lat="12.9007077" lon="77.5185601"/>
 <node id="7175540128" visible="true" version="2" changeset="83140214" timestamp="2020-04-06T10:45:06Z" user="VLD213" uid="10882264" lat="12.9007863" lon="77.5181883"/>
 <node id="7175540129" visible="true" version="2" changeset="83140214" timestamp="2020-04-06T10:45:06Z" user="VLD213" uid="10882264" lat="12.9008615" lon="77.5178996"/>
 <node id="7175540130" visible="true" version="2" changeset="83140214" timestamp="2020-04-06T10:45:06Z" user="VLD213" uid="10882264" lat="12.9009114" lon="77.5175131"/>
 <node id="7175540131" visible="true" version="1" changeset="80385551" timestamp="2020-01-31T16:57:06Z" user="Veena BS" uid="8725947" lat="12.9009560" lon="77.5173184"/>
 <node id="7175540132" visible="true" version="1" changeset="80385551" timestamp="2020-01-31T16:57:06Z" user="Veena BS" uid="8725947" lat="12.9010894" lon="77.5170153"/>
 <node id="7175540133" visible="true" version="1" changeset="80385551" timestamp="2020-01-31T16:57:06Z" user="Veena BS" uid="8725947" lat="12.9011495" lon="77.5167981"/>
 <node id="7175540134" visible="true" version="1" changeset="80385551" timestamp="2020-01-31T16:57:06Z" user="Veena BS" uid="8725947" lat="12.9002998" lon="77.5164333"/>
 <node id="7175540135" visible="true" version="1" changeset="80385551" timestamp="2020-01-31T16:57:06Z" user="Veena BS" uid="8725947" lat="12.9002397" lon="77.5164762"/>
 <node id="7175540136" visible="true" version="1" changeset="80385551" timestamp="2020-01-31T16:57:06Z" user="Veena BS" uid="8725947" lat="12.9001691" lon="77.5165540"/>
 <node id="7175540137" visible="true" version="1" changeset="80385551" timestamp="2020-01-31T16:57:06Z" user="Veena BS" uid="8725947" lat="12.9000880" lon="77.5168276"/>
 <node id="7175540138" visible="true" version="1" changeset="80385551" timestamp="2020-01-31T16:57:06Z" user="Veena BS" uid="8725947" lat="12.9000253" lon="77.5173023"/>
 <node id="7175540139" visible="true" version="1" changeset="80385551" timestamp="2020-01-31T16:57:06Z" user="Veena BS" uid="8725947" lat="12.8999312" lon="77.5178763"/>
 <node id="7175540140" visible="true" version="1" changeset="80385551" timestamp="2020-01-31T16:57:06Z" user="Veena BS" uid="8725947" lat="12.8998789" lon="77.5181311"/>
 <node id="7175540141" visible="true" version="2" changeset="83140214" timestamp="2020-04-06T10:45:06Z" user="VLD213" uid="10882264" lat="12.9006673" lon="77.5187383"/>
 <node id="7279481253" visible="true" version="1" changeset="81961190" timestamp="2020-03-09T11:37:21Z" user="Ramzz06" uid="10794856" lat="12.8993592" lon="77.5183397"/>
 <node id="7279481254" visible="true" version="1" changeset="81961190" timestamp="2020-03-09T11:37:21Z" user="Ramzz06" uid="10794856" lat="12.8986651" lon="77.5174566"/>
 <node id="7279481255" visible="true" version="1" changeset="81961190" timestamp="2020-03-09T11:37:21Z" user="Ramzz06" uid="10794856" lat="12.8976774" lon="77.5171280"/>
 <node id="7279481256" visible="true" version="1" changeset="81961190" timestamp="2020-03-09T11:37:21Z" user="Ramzz06" uid="10794856" lat="12.8977644" lon="77.5172634"/>
 <node id="7279481257" visible="true" version="1" changeset="81961190" timestamp="2020-03-09T11:37:21Z" user="Ramzz06" uid="10794856" lat="12.8977938" lon="77.5172849"/>
 <node id="7279481258" visible="true" version="1" changeset="81961190" timestamp="2020-03-09T11:37:21Z" user="Ramzz06" uid="10794856" lat="12.8978284" lon="77.5172990"/>
 <node id="7279481259" visible="true" version="1" changeset="81961190" timestamp="2020-03-09T11:37:21Z" user="Ramzz06" uid="10794856" lat="12.8986422" lon="77.5174472"/>
 <node id="7279481260" visible="true" version="1" changeset="81961190" timestamp="2020-03-09T11:37:21Z" user="Ramzz06" uid="10794856" lat="12.8986840" lon="77.5174686"/>
 <node id="7279481261" visible="true" version="1" changeset="81961190" timestamp="2020-03-09T11:37:21Z" user="Ramzz06" uid="10794856" lat="12.8992102" lon="77.5179407"/>
 <node id="7279481262" visible="true" version="1" changeset="81961190" timestamp="2020-03-09T11:37:21Z" user="Ramzz06" uid="10794856" lat="12.8992200" lon="77.5179595"/>
 <node id="7279481263" visible="true" version="1" changeset="81961190" timestamp="2020-03-09T11:37:21Z" user="Ramzz06" uid="10794856" lat="12.8993337" lon="77.5183028"/>
 <node id="7279481264" visible="true" version="1" changeset="81961190" timestamp="2020-03-09T11:37:21Z" user="Ramzz06" uid="10794856" lat="12.8993448" lon="77.5183269"/>
 <node id="7279481265" visible="true" version="1" changeset="81961190" timestamp="2020-03-09T11:37:21Z" user="Ramzz06" uid="10794856" lat="12.8993788" lon="77.5183491"/>
 <node id="7370686615" visible="true" version="1" changeset="83122163" timestamp="2020-04-06T05:33:58Z" user="VLD213" uid="10882264" lat="12.9042288" lon="77.5187411"/>
 <node id="7370686616" visible="true" version="1" changeset="83122163" timestamp="2020-04-06T05:33:58Z" user="VLD213" uid="10882264" lat="12.9042427" lon="77.5187591"/>
 <node id="7370686617" visible="true" version="1" changeset="83122163" timestamp="2020-04-06T05:33:58Z" user="VLD213" uid="10882264" lat="12.9038737" lon="77.5190135"/>
 <node id="7370686634" visible="true" version="1" changeset="83122163" timestamp="2020-04-06T05:33:58Z" user="VLD213" uid="10882264" lat="12.9031830" lon="77.5202870"/>
 <node id="7370686642" visible="true" version="1" changeset="83122163" timestamp="2020-04-06T05:33:58Z" user="VLD213" uid="10882264" lat="12.9031289" lon="77.5202870"/>
 <node id="7370801475" visible="true" version="1" changeset="83124695" timestamp="2020-04-06T06:28:04Z" user="VLD213" uid="10882264" lat="12.9041867" lon="77.5191923"/>
 <node id="7370801476" visible="true" version="1" changeset="83124695" timestamp="2020-04-06T06:28:04Z" user="VLD213" uid="10882264" lat="12.9041758" lon="77.5191796"/>
 <node id="7371541125" visible="true" version="3" changeset="173864767" timestamp="2025-10-28T04:51:37Z" user="manojkiccha" uid="19294160" lat="12.9023415" lon="77.5158589"/>
 <node id="7371541126" visible="true" version="2" changeset="173864767" timestamp="2025-10-28T04:51:37Z" user="manojkiccha" uid="19294160" lat="12.9023006" lon="77.5160526"/>
 <node id="7371670115" visible="true" version="2" changeset="144545788" timestamp="2023-11-28T11:52:36Z" user="sakeebhussain" uid="19368709" lat="12.9026399" lon="77.5161896"/>
 <node id="7371670116" visible="true" version="1" changeset="83140214" timestamp="2020-04-06T10:45:06Z" user="VLD213" uid="10882264" lat="12.9025669" lon="77.5167655"/>
 <node id="7371670120" visible="true" version="1" changeset="83140214" timestamp="2020-04-06T10:45:06Z" user="VLD213" uid="10882264" lat="12.9018921" lon="77.5165933"/>
 <node id="7371670121" visible="true" version="1" changeset="83140214" timestamp="2020-04-06T10:45:06Z" user="VLD213" uid="10882264" lat="12.9022544" lon="77.5164163"/>
 <node id="7371670122" visible="true" version="1" changeset="83140214" timestamp="2020-04-06T10:45:06Z" user="VLD213" uid="10882264" lat="12.9015655" lon="77.5163036"/>
 <node id="7371670123" visible="true" version="1" changeset="83140214" timestamp="2020-04-06T10:45:06Z" user="VLD213" uid="10882264" lat="12.9015539" lon="77.5162954"/>
 <node id="7371670124" visible="true" version="1" changeset="83140214" timestamp="2020-04-06T10:45:06Z" user="VLD213" uid="10882264" lat="12.9015486" lon="77.5162789"/>
 <node id="7371670125" visible="true" version="1" changeset="83140214" timestamp="2020-04-06T10:45:06Z" user="VLD213" uid="10882264" lat="12.9021589" lon="77.5166983"/>
 <node id="7371670126" visible="true" version="2" changeset="142333022" timestamp="2023-10-09T06:16:39Z" user="rajanik" uid="18812448" lat="12.9021139" lon="77.5170433"/>
 <node id="7371670127" visible="true" version="1" changeset="83140214" timestamp="2020-04-06T10:45:06Z" user="VLD213" uid="10882264" lat="12.9018344" lon="77.5168519"/>
 <node id="7371670128" visible="true" version="1" changeset="83140214" timestamp="2020-04-06T10:45:06Z" user="VLD213" uid="10882264" lat="12.9016151" lon="77.5164335"/>
 <node id="7371670129" visible="true" version="1" changeset="83140214" timestamp="2020-04-06T10:45:06Z" user="VLD213" uid="10882264" lat="12.9015375" lon="77.5167686"/>
 <node id="7371670130" visible="true" version="1" changeset="83140214" timestamp="2020-04-06T10:45:06Z" user="VLD213" uid="10882264" lat="12.9013827" lon="77.5163028"/>
 <node id="7371670131" visible="true" version="1" changeset="83140214" timestamp="2020-04-06T10:45:06Z" user="VLD213" uid="10882264" lat="12.9012595" lon="77.5166818"/>
 <node id="7371670132" visible="true" version="1" changeset="83140214" timestamp="2020-04-06T10:45:06Z" user="VLD213" uid="10882264" lat="12.9011207" lon="77.5161623"/>
 <node id="7371670133" visible="true" version="1" changeset="83140214" timestamp="2020-04-06T10:45:06Z" user="VLD213" uid="10882264" lat="12.9010139" lon="77.5165639"/>
 <node id="7371670134" visible="true" version="1" changeset="83140214" timestamp="2020-04-06T10:45:06Z" user="VLD213" uid="10882264" lat="12.9008814" lon="77.5160339"/>
 <node id="7371670135" visible="true" version="1" changeset="83140214" timestamp="2020-04-06T10:45:06Z" user="VLD213" uid="10882264" lat="12.9007407" lon="77.5164614"/>
 <node id="7371670136" visible="true" version="1" changeset="83140214" timestamp="2020-04-06T10:45:06Z" user="VLD213" uid="10882264" lat="12.9006264" lon="77.5158971"/>
 <node id="7371670137" visible="true" version="1" changeset="83140214" timestamp="2020-04-06T10:45:06Z" user="VLD213" uid="10882264" lat="12.9004803" lon="77.5162636"/>
 <node id="7371670138" visible="true" version="1" changeset="83140214" timestamp="2020-04-06T10:45:06Z" user="VLD213" uid="10882264" lat="12.9004408" lon="77.5157975"/>
 <node id="7371670139" visible="true" version="1" changeset="83140214" timestamp="2020-04-06T10:45:06Z" user="VLD213" uid="10882264" lat="12.9002853" lon="77.5161632"/>
 <node id="7371670140" visible="true" version="1" changeset="83140214" timestamp="2020-04-06T10:45:06Z" user="VLD213" uid="10882264" lat="12.9031453" lon="77.5171641"/>
 <node id="7371670141" visible="true" version="3" changeset="142333022" timestamp="2023-10-09T06:16:39Z" user="rajanik" uid="18812448" lat="12.9025750" lon="77.5170935"/>
 <node id="7371670142" visible="true" version="1" changeset="83140214" timestamp="2020-04-06T10:45:06Z" user="VLD213" uid="10882264" lat="12.9010986" lon="77.5169819"/>
 <node id="7371670143" visible="true" version="1" changeset="83140214" timestamp="2020-04-06T10:45:06Z" user="VLD213" uid="10882264" lat="12.9017784" lon="77.5172469"/>
 <node id="7371670144" visible="true" version="1" changeset="83140214" timestamp="2020-04-06T10:45:06Z" user="VLD213" uid="10882264" lat="12.9016988" lon="77.5172159"/>
 <node id="7371670145" visible="true" version="1" changeset="83140214" timestamp="2020-04-06T10:45:06Z" user="VLD213" uid="10882264" lat="12.9015287" lon="77.5176969"/>
 <node id="7371670146" visible="true" version="1" changeset="83140214" timestamp="2020-04-06T10:45:06Z" user="VLD213" uid="10882264" lat="12.9014230" lon="77.5171083"/>
 <node id="7371670147" visible="true" version="1" changeset="83140214" timestamp="2020-04-06T10:45:06Z" user="VLD213" uid="10882264" lat="12.9012259" lon="77.5176067"/>
 <node id="7371670148" visible="true" version="2" changeset="83176505" timestamp="2020-04-07T05:57:03Z" user="VLD202" uid="10882243" lat="12.9005781" lon="77.5190100"/>
 <node id="7371670149" visible="true" version="1" changeset="83140214" timestamp="2020-04-06T10:45:06Z" user="VLD213" uid="10882264" lat="12.9011770" lon="77.5192005"/>
 <node id="7371670150" visible="true" version="1" changeset="83140214" timestamp="2020-04-06T10:45:06Z" user="VLD213" uid="10882264" lat="12.9012780" lon="77.5189296"/>
 <node id="7371670151" visible="true" version="1" changeset="83140214" timestamp="2020-04-06T10:45:06Z" user="VLD213" uid="10882264" lat="12.9001500" lon="77.5166183"/>
 <node id="7371670152" visible="true" version="1" changeset="83140214" timestamp="2020-04-06T10:45:06Z" user="VLD213" uid="10882264" lat="12.8992112" lon="77.5165200"/>
 <node id="7371670153" visible="true" version="1" changeset="83140214" timestamp="2020-04-06T10:45:06Z" user="VLD213" uid="10882264" lat="12.8981970" lon="77.5163458"/>
 <node id="7371670154" visible="true" version="1" changeset="83140214" timestamp="2020-04-06T10:45:06Z" user="VLD213" uid="10882264" lat="12.8973102" lon="77.5162006"/>
 <node id="7371670155" visible="true" version="1" changeset="83140214" timestamp="2020-04-06T10:45:06Z" user="VLD213" uid="10882264" lat="12.8988203" lon="77.5164529"/>
 <node id="7371761978" visible="true" version="2" changeset="83173369" timestamp="2020-04-07T04:31:44Z" user="VLD213" uid="10882264" lat="12.9019980" lon="77.5196976"/>
 <node id="7371761979" visible="true" version="1" changeset="83141472" timestamp="2020-04-06T11:07:25Z" user="VLD213" uid="10882264" lat="12.9018656" lon="77.5202112"/>
 <node id="7371761980" visible="true" version="1" changeset="83141472" timestamp="2020-04-06T11:07:25Z" user="VLD213" uid="10882264" lat="12.9026631" lon="77.5204556"/>
 <node id="7371761981" visible="true" version="1" changeset="83141472" timestamp="2020-04-06T11:07:25Z" user="VLD213" uid="10882264" lat="12.9021318" lon="77.5203359"/>
 <node id="7371761982" visible="true" version="1" changeset="83141472" timestamp="2020-04-06T11:07:25Z" user="VLD213" uid="10882264" lat="12.9021218" lon="77.5203263"/>
 <node id="7371761983" visible="true" version="1" changeset="83141472" timestamp="2020-04-06T11:07:25Z" user="VLD213" uid="10882264" lat="12.9021159" lon="77.5203117"/>
 <node id="7371771187" visible="true" version="2" changeset="128731489" timestamp="2022-11-10T12:24:04Z" user="Madhumita Nandi" uid="16294697" lat="12.9013834" lon="77.5207251"/>
 <node id="7371771193" visible="true" version="1" changeset="83141472" timestamp="2020-04-06T11:07:25Z" user="VLD213" uid="10882264" lat="12.9027448" lon="77.5219103"/>
 <node id="7371771196" visible="true" version="1" changeset="83141472" timestamp="2020-04-06T11:07:25Z" user="VLD213" uid="10882264" lat="12.9025513" lon="77.5218693"/>
 <node id="7371771202" visible="true" version="1" changeset="83141472" timestamp="2020-04-06T11:07:25Z" user="VLD213" uid="10882264" lat="12.9009300" lon="77.5201592"/>
 <node id="7371771203" visible="true" version="1" changeset="83141472" timestamp="2020-04-06T11:07:25Z" user="VLD213" uid="10882264" lat="12.9008934" lon="77.5203785"/>
 <node id="7371771204" visible="true" version="1" changeset="83141472" timestamp="2020-04-06T11:07:25Z" user="VLD213" uid="10882264" lat="12.9006142" lon="77.5198634"/>
 <node id="7371771205" visible="true" version="1" changeset="83141472" timestamp="2020-04-06T11:07:25Z" user="VLD213" uid="10882264" lat="12.9001225" lon="77.5195576"/>
 <node id="7371771206" visible="true" version="1" changeset="83141472" timestamp="2020-04-06T11:07:25Z" user="VLD213" uid="10882264" lat="12.9001095" lon="77.5197924"/>
 <node id="7371771207" visible="true" version="1" changeset="83141472" timestamp="2020-04-06T11:07:25Z" user="VLD213" uid="10882264" lat="12.9000863" lon="77.5197616"/>
 <node id="7371771208" visible="true" version="1" changeset="83141472" timestamp="2020-04-06T11:07:25Z" user="VLD213" uid="10882264" lat="12.9002460" lon="77.5200871"/>
 <node id="10081898553" visible="true" version="1" changeset="127151540" timestamp="2022-10-07T12:57:10Z" user="Madhumita Nandi" uid="16294697" lat="12.9029405" lon="77.5171411"/>
 <node id="10081898554" visible="true" version="2" changeset="173864851" timestamp="2025-10-28T04:55:54Z" user="manojkiccha" uid="19294160" lat="12.9026476" lon="77.5174332"/>
 <node id="10081898570" visible="true" version="1" changeset="127151540" timestamp="2022-10-07T12:57:10Z" user="Madhumita Nandi" uid="16294697" lat="12.9030164" lon="77.5177529"/>
 <node id="10081898571" visible="true" version="3" changeset="173864851" timestamp="2025-10-28T04:55:54Z" user="manojkiccha" uid="19294160" lat="12.9025589" lon="77.5176759"/>
 <node id="10081898572" visible="true" version="1" changeset="127151540" timestamp="2022-10-07T12:57:10Z" user="Madhumita Nandi" uid="16294697" lat="12.9029635" lon="77.5179943"/>
 <node id="10081898573" visible="true" version="2" changeset="173864851" timestamp="2025-10-28T04:55:54Z" user="manojkiccha" uid="19294160" lat="12.9025610" lon="77.5179474"/>
 <node id="10081898574" visible="true" version="1" changeset="127151540" timestamp="2022-10-07T12:57:10Z" user="Madhumita Nandi" uid="16294697" lat="12.9028995" lon="77.5182866"/>
 <node id="10081898575" visible="true" version="1" changeset="127151540" timestamp="2022-10-07T12:57:10Z" user="Madhumita Nandi" uid="16294697" lat="12.9026904" lon="77.5182772"/>
 <node id="10168232309" visible="true" version="1" changeset="128624577" timestamp="2022-11-08T06:27:52Z" user="tusharvalvi" uid="16531141" lat="12.9030827" lon="77.5174501"/>
 <node id="10173385463" visible="true" version="1" changeset="128729761" timestamp="2022-11-10T11:46:24Z" user="Madhumita Nandi" uid="16294697" lat="12.9026925" lon="77.5167781"/>
 <node id="10173385464" visible="true" version="2" changeset="141142671" timestamp="2023-09-12T05:00:35Z" user="mansoorkhankhan" uid="19574799" lat="12.9026651" lon="77.5171114"/>
 <node id="10173416462" visible="true" version="1" changeset="128730367" timestamp="2022-11-10T11:58:22Z" user="Madhumita Nandi" uid="16294697" lat="12.9008952" lon="77.5176390"/>
 <node id="10173416463" visible="true" version="1" changeset="128730367" timestamp="2022-11-10T11:58:22Z" user="Madhumita Nandi" uid="16294697" lat="12.9000124" lon="77.5173810"/>
 <node id="10173419733" visible="true" version="1" changeset="128729924" timestamp="2022-11-10T11:49:41Z" user="Madhumita Nandi" uid="16294697" lat="12.9024191" lon="77.5167504"/>
 <node id="10173419734" visible="true" version="2" changeset="142333022" timestamp="2023-10-09T06:16:39Z" user="rajanik" uid="18812448" lat="12.9023988" lon="77.5170117"/>
 <node id="10173457991" visible="true" version="1" changeset="128731037" timestamp="2022-11-10T12:14:06Z" user="Madhumita Nandi" uid="16294697" lat="12.9000238" lon="77.5190340"/>
 <node id="10173457992" visible="true" version="1" changeset="128731037" timestamp="2022-11-10T12:14:06Z" user="Madhumita Nandi" uid="16294697" lat="12.8999908" lon="77.5193068"/>
 <node id="10173457993" visible="true" version="1" changeset="128731037" timestamp="2022-11-10T12:14:06Z" user="Madhumita Nandi" uid="16294697" lat="12.8998302" lon="77.5196092"/>
 <node id="10173457994" visible="true" version="1" changeset="128731037" timestamp="2022-11-10T12:14:06Z" user="Madhumita Nandi" uid="16294697" lat="12.8996069" lon="77.5195291"/>
 <node id="10173457995" visible="true" version="1" changeset="128731037" timestamp="2022-11-10T12:14:06Z" user="Madhumita Nandi" uid="16294697" lat="12.8995592" lon="77.5194448"/>
 <node id="10173457996" visible="true" version="1" changeset="128731037" timestamp="2022-11-10T12:14:06Z" user="Madhumita Nandi" uid="16294697" lat="12.8995219" lon="77.5193653"/>
 <node id="10173457997" visible="true" version="1" changeset="128731037" timestamp="2022-11-10T12:14:06Z" user="Madhumita Nandi" uid="16294697" lat="12.8994505" lon="77.5192764"/>
 <node id="10173457998" visible="true" version="1" changeset="128731037" timestamp="2022-11-10T12:14:06Z" user="Madhumita Nandi" uid="16294697" lat="12.8993930" lon="77.5192119"/>
 <node id="10173457999" visible="true" version="1" changeset="128731037" timestamp="2022-11-10T12:14:06Z" user="Madhumita Nandi" uid="16294697" lat="12.8992921" lon="77.5191238"/>
 <node id="10173458000" visible="true" version="1" changeset="128731037" timestamp="2022-11-10T12:14:06Z" user="Madhumita Nandi" uid="16294697" lat="12.8992641" lon="77.5190998"/>
 <node id="10173458001" visible="true" version="1" changeset="128731037" timestamp="2022-11-10T12:14:06Z" user="Madhumita Nandi" uid="16294697" lat="12.8995178" lon="77.5192677"/>
 <node id="10173458002" visible="true" version="1" changeset="128731037" timestamp="2022-11-10T12:14:06Z" user="Madhumita Nandi" uid="16294697" lat="12.8999358" lon="77.5195924"/>
 <node id="10173482507" visible="true" version="1" changeset="128731489" timestamp="2022-11-10T12:24:04Z" user="Madhumita Nandi" uid="16294697" lat="12.9018305" lon="77.5196438"/>
 <node id="10173482508" visible="true" version="2" changeset="173869376" timestamp="2025-10-28T07:46:46Z" user="manojkiccha" uid="19294160" lat="12.9017437" lon="77.5200277"/>
 <node id="10173503358" visible="true" version="1" changeset="128732434" timestamp="2022-11-10T12:46:01Z" user="Madhumita Nandi" uid="16294697" lat="12.9014341" lon="77.5210489"/>
 <node id="10173510717" visible="true" version="1" changeset="128731921" timestamp="2022-11-10T12:33:16Z" user="Madhumita Nandi" uid="16294697" lat="12.9013952" lon="77.5203802"/>
 <node id="10173510718" visible="true" version="1" changeset="128731921" timestamp="2022-11-10T12:33:16Z" user="Madhumita Nandi" uid="16294697" lat="12.9016351" lon="77.5204012"/>
 <node id="10173520837" visible="true" version="1" changeset="128732337" timestamp="2022-11-10T12:43:46Z" user="Madhumita Nandi" uid="16294697" lat="12.9016131" lon="77.5214257"/>
 <node id="10245038197" visible="true" version="1" changeset="129827485" timestamp="2022-12-07T15:54:29Z" user="Vonter" uid="3926189" lat="12.9000909" lon="77.5162806"/>
 <node id="10245038198" visible="true" version="1" changeset="129827485" timestamp="2022-12-07T15:54:29Z" user="Vonter" uid="3926189" lat="12.9010515" lon="77.5167149"/>
 <node id="10245038199" visible="true" version="1" changeset="129827485" timestamp="2022-12-07T15:54:29Z" user="Vonter" uid="3926189" lat="12.9020254" lon="77.5170676"/>
 <node id="10245038200" visible="true" version="1" changeset="129827485" timestamp="2022-12-07T15:54:29Z" user="Vonter" uid="3926189" lat="12.9025365" lon="77.5170891"/>
 <node id="10245038201" visible="true" version="1" changeset="129827485" timestamp="2022-12-07T15:54:29Z" user="Vonter" uid="3926189" lat="12.9025509" lon="77.5175585"/>
 <node id="10245038202" visible="true" version="1" changeset="129827485" timestamp="2022-12-07T15:54:29Z" user="Vonter" uid="3926189" lat="12.9025796" lon="77.5183980"/>
 <node id="10245038203" visible="true" version="1" changeset="129827485" timestamp="2022-12-07T15:54:29Z" user="Vonter" uid="3926189" lat="12.9024816" lon="77.5190015"/>
 <node id="10245038204" visible="true" version="1" changeset="129827485" timestamp="2022-12-07T15:54:29Z" user="Vonter" uid="3926189" lat="12.9024215" lon="77.5189935"/>
 <node id="10245038205" visible="true" version="1" changeset="129827485" timestamp="2022-12-07T15:54:29Z" user="Vonter" uid="3926189" lat="12.9022816" lon="77.5197566"/>
 <node id="10245038206" visible="true" version="1" changeset="129827485" timestamp="2022-12-07T15:54:29Z" user="Vonter" uid="3926189" lat="12.9002031" lon="77.5190055"/>
 <node id="10245038207" visible="true" version="1" changeset="129827485" timestamp="2022-12-07T15:54:29Z" user="Vonter" uid="3926189" lat="12.8995965" lon="77.5188634"/>
 <node id="10570396582" visible="true" version="1" changeset="131505735" timestamp="2023-01-20T12:05:24Z" user="nileshdhandak" uid="16638013" lat="12.9000181" lon="77.5190815">
  <tag k="access" v="private"/>
  <tag k="barrier" v="gate"/>
 </node>
 <node id="10994306996" visible="true" version="1" changeset="137596464" timestamp="2023-06-21T09:33:53Z" user="jdananda" uid="19368656" lat="12.9019860" lon="77.5170907"/>
 <node id="10994554703" visible="true" version="1" changeset="137602263" timestamp="2023-06-21T11:54:41Z" user="mdtauhid" uid="19369851" lat="12.9018037" lon="77.5216524"/>
 <node id="11135575046" visible="true" version="1" changeset="140213662" timestamp="2023-08-22T07:10:24Z" user="akshayn" uid="19376941" lat="12.9025337" lon="77.5192071">
  <tag k="access" v="private"/>
  <tag k="barrier" v="gate"/>
 </node>
 <node id="11184951005" visible="true" version="1" changeset="141142671" timestamp="2023-09-12T05:00:35Z" user="mansoorkhankhan" uid="19574799" lat="12.9024047" lon="77.5170624"/>
 <node id="11359596655" visible="true" version="1" changeset="144163076" timestamp="2023-11-18T06:27:17Z" user="Vaibhav_Thunder" uid="20601253" lat="12.9009952" lon="77.5183405"/>
 <node id="11359596656" visible="true" version="1" changeset="144163076" timestamp="2023-11-18T06:27:17Z" user="Vaibhav_Thunder" uid="20601253" lat="12.9009050" lon="77.5183647"/>
 <node id="11359596657" visible="true" version="1" changeset="144163076" timestamp="2023-11-18T06:27:17Z" user="Vaibhav_Thunder" uid="20601253" lat="12.9008344" lon="77.5183003"/>
 <node id="11359596658" visible="true" version="1" changeset="144163076" timestamp="2023-11-18T06:27:17Z" user="Vaibhav_Thunder" uid="20601253" lat="12.9008580" lon="77.5182091"/>
 <node id="11359596659" visible="true" version="1" changeset="144163076" timestamp="2023-11-18T06:27:17Z" user="Vaibhav_Thunder" uid="20601253" lat="12.9009534" lon="77.5181796"/>
 <node id="11359596660" visible="true" version="1" changeset="144163076" timestamp="2023-11-18T06:27:17Z" user="Vaibhav_Thunder" uid="20601253" lat="12.9010227" lon="77.5182453"/>
 <node id="11359596661" visible="true" version="1" changeset="144163076" timestamp="2023-11-18T06:27:17Z" user="Vaibhav_Thunder" uid="20601253" lat="12.9004882" lon="77.5175201"/>
 <node id="11359596662" visible="true" version="1" changeset="144163076" timestamp="2023-11-18T06:27:17Z" user="Vaibhav_Thunder" uid="20601253" lat="12.9007541" lon="77.5176216"/>
 <node id="11359596663" visible="true" version="1" changeset="144163076" timestamp="2023-11-18T06:27:17Z" user="Vaibhav_Thunder" uid="20601253" lat="12.9003181" lon="77.5180261"/>
 <node id="11359596664" visible="true" version="1" changeset="144163076" timestamp="2023-11-18T06:27:17Z" user="Vaibhav_Thunder" uid="20601253" lat="12.9003063" lon="77.5181867"/>
 <node id="11359596665" visible="true" version="1" changeset="144163076" timestamp="2023-11-18T06:27:17Z" user="Vaibhav_Thunder" uid="20601253" lat="12.9004251" lon="77.5182558"/>
 <node id="11359596666" visible="true" version="1" changeset="144163076" timestamp="2023-11-18T06:27:17Z" user="Vaibhav_Thunder" uid="20601253" lat="12.9005282" lon="77.5182680"/>
 <node id="11359596667" visible="true" version="1" changeset="144163076" timestamp="2023-11-18T06:27:17Z" user="Vaibhav_Thunder" uid="20601253" lat="12.9005995" lon="77.5181257"/>
 <node id="11359618094" visible="true" version="2" changeset="150577105" timestamp="2024-04-27T12:14:21Z" user="Jorisbo" uid="1983103" lat="12.9019081" lon="77.5192120"/>
 <node id="11359618096" visible="true" version="2" changeset="150577105" timestamp="2024-04-27T12:14:21Z" user="Jorisbo" uid="1983103" lat="12.9021481" lon="77.5192749"/>
 <node id="11359618097" visible="true" version="2" changeset="150577105" timestamp="2024-04-27T12:14:21Z" user="Jorisbo" uid="1983103" lat="12.9021139" lon="77.5194120"/>
 <node id="11359618099" visible="true" version="2" changeset="150577105" timestamp="2024-04-27T12:14:21Z" user="Jorisbo" uid="1983103" lat="12.9018740" lon="77.5193492"/>
 <node id="11947760838" visible="true" version="1" changeset="152078922" timestamp="2024-05-31T12:27:46Z" user="uknown-gryphus" uid="2425805" lat="12.8993622" lon="77.5188505"/>
 <node id="12057048138" visible="true" version="1" changeset="154010370" timestamp="2024-07-16T11:20:03Z" user="Vonter" uid="3926189" lat="12.8968382" lon="77.5142714"/>
 <node id="12057048139" visible="true" version="1" changeset="154010370" timestamp="2024-07-16T11:20:03Z" user="Vonter" uid="3926189" lat="12.8972879" lon="77.5142392"/>
 <node id="12057048140" visible="true" version="1" changeset="154010370" timestamp="2024-07-16T11:20:03Z" user="Vonter" uid="3926189" lat="12.8979154" lon="77.5139201"/>
 <node id="12057048141" visible="true" version="1" changeset="154010370" timestamp="2024-07-16T11:20:03Z" user="Vonter" uid="3926189" lat="12.8982422" lon="77.5136572"/>
 <node id="12057048142" visible="true" version="1" changeset="154010370" timestamp="2024-07-16T11:20:03Z" user="Vonter" uid="3926189" lat="12.8986213" lon="77.5138450"/>
 <node id="12300983091" visible="true" version="1" changeset="158567342" timestamp="2024-10-31T06:00:36Z" user="Vonter" uid="3926189" lat="12.9014057" lon="77.5162321"/>
 <node id="12300983092" visible="true" version="1" changeset="158567342" timestamp="2024-10-31T06:00:36Z" user="Vonter" uid="3926189" lat="12.9015704" lon="77.5156072"/>
 <node id="12300983093" visible="true" version="1" changeset="158567342" timestamp="2024-10-31T06:00:36Z" user="Vonter" uid="3926189" lat="12.9023391" lon="77.5156152"/>
 <node id="12300983094" visible="true" version="1" changeset="158567342" timestamp="2024-10-31T06:00:36Z" user="Vonter" uid="3926189" lat="12.9025509" lon="77.5143144"/>
 <node id="12300983095" visible="true" version="1" changeset="158567342" timestamp="2024-10-31T06:00:36Z" user="Vonter" uid="3926189" lat="12.9021849" lon="77.5143224"/>
 <node id="12300983096" visible="true" version="1" changeset="158567342" timestamp="2024-10-31T06:00:36Z" user="Vonter" uid="3926189" lat="12.9014789" lon="77.5141695"/>
 <node id="12300983106" visible="true" version="1" changeset="158567342" timestamp="2024-10-31T06:00:36Z" user="Vonter" uid="3926189" lat="12.9012162" lon="77.5135861"/>
 <node id="12300983107" visible="true" version="1" changeset="158567342" timestamp="2024-10-31T06:00:36Z" user="Vonter" uid="3926189" lat="12.9005848" lon="77.5146228"/>
 <node id="12300983108" visible="true" version="1" changeset="158567342" timestamp="2024-10-31T06:00:36Z" user="Vonter" uid="3926189" lat="12.9003286" lon="77.5145692"/>
 <node id="12300983109" visible="true" version="1" changeset="158567342" timestamp="2024-10-31T06:00:36Z" user="Vonter" uid="3926189" lat="12.9000645" lon="77.5155750"/>
 <node id="12323622070" visible="true" version="1" changeset="158894799" timestamp="2024-11-08T13:01:01Z" user="Vonter" uid="3926189" lat="12.8997514" lon="77.5129620"/>
 <node id="12323622077" visible="true" version="1" changeset="158894799" timestamp="2024-11-08T13:01:01Z" user="Vonter" uid="3926189" lat="12.8986812" lon="77.5130481"/>
 <node id="12323622078" visible="true" version="1" changeset="158894799" timestamp="2024-11-08T13:01:01Z" user="Vonter" uid="3926189" lat="12.8994854" lon="77.5131033"/>
 <node id="12323622079" visible="true" version="1" changeset="158894799" timestamp="2024-11-08T13:01:01Z" user="Vonter" uid="3926189" lat="12.8995377" lon="77.5131382"/>
 <node id="12323622080" visible="true" version="1" changeset="158894799" timestamp="2024-11-08T13:01:01Z" user="Vonter" uid="3926189" lat="12.8997704" lon="77.5129464"/>
 <node id="12629973239" visible="true" version="1" changeset="163114073" timestamp="2025-03-02T09:40:08Z" user="Vonter" uid="3926189" lat="12.9011718" lon="77.5175378"/>
 <node id="12629973240" visible="true" version="1" changeset="163114073" timestamp="2025-03-02T09:40:08Z" user="Vonter" uid="3926189" lat="12.9009913" lon="77.5174646"/>
 <node id="12629973241" visible="true" version="1" changeset="163114073" timestamp="2025-03-02T09:40:08Z" user="Vonter" uid="3926189" lat="12.9011508" lon="77.5170508"/>
 <node id="12629973242" visible="true" version="1" changeset="163114073" timestamp="2025-03-02T09:40:08Z" user="Vonter" uid="3926189" lat="12.9013312" lon="77.5171240"/>
 <node id="12629973243" visible="true" version="1" changeset="163114073" timestamp="2025-03-02T09:40:08Z" user="Vonter" uid="3926189" lat="12.9014506" lon="77.5171663"/>
 <node id="12629973244" visible="true" version="1" changeset="163114073" timestamp="2025-03-02T09:40:08Z" user="Vonter" uid="3926189" lat="12.9013100" lon="77.5175314"/>
 <node id="12629973245" visible="true" version="1" changeset="163114073" timestamp="2025-03-02T09:40:08Z" user="Vonter" uid="3926189" lat="12.9014686" lon="77.5175957"/>
 <node id="12629973246" visible="true" version="1" changeset="163114073" timestamp="2025-03-02T09:40:08Z" user="Vonter" uid="3926189" lat="12.9016093" lon="77.5172306"/>
 <node id="12629973247" visible="true" version="1" changeset="163114073" timestamp="2025-03-02T09:40:08Z" user="Vonter" uid="3926189" lat="12.9002873" lon="77.5156838"/>
 <node id="12629973248" visible="true" version="1" changeset="163114073" timestamp="2025-03-02T09:40:08Z" user="Vonter" uid="3926189" lat="12.8991128" lon="77.5150090"/>
 <node id="12629973249" visible="true" version="1" changeset="163114073" timestamp="2025-03-02T09:40:08Z" user="Vonter" uid="3926189" lat="12.8988932" lon="77.5163850"/>
 <node id="12629973250" visible="true" version="1" changeset="163114073" timestamp="2025-03-02T09:40:08Z" user="Vonter" uid="3926189" lat="12.9000566" lon="77.5165634"/>
 <node id="13235890878" visible="true" version="1" changeset="173345810" timestamp="2025-10-16T04:20:47Z" user="Vonter" uid="3926189" lat="12.8937020" lon="77.5156997"/>
 <node id="13245148855" visible="true" version="1" changeset="173517165" timestamp="2025-10-20T04:22:19Z" user="Vonter" uid="3926189" lat="12.9028338" lon="77.5212730"/>
 <node id="13264334389" visible="true" version="1" changeset="173864767" timestamp="2025-10-28T04:51:37Z" user="manojkiccha" uid="19294160" lat="12.9023064" lon="77.5159525"/>
 <node id="13264480613" visible="true" version="1" changeset="173868490" timestamp="2025-10-28T07:22:40Z" user="manojkiccha" uid="19294160" lat="12.8997982" lon="77.5197088"/>
 <node id="13264494774" visible="true" version="1" changeset="173869241" timestamp="2025-10-28T07:43:08Z" user="manojkiccha" uid="19294160" lat="12.9007553" lon="77.5201353"/>
 <node id="13264494775" visible="true" version="1" changeset="173869241" timestamp="2025-10-28T07:43:08Z" user="manojkiccha" uid="19294160" lat="12.9007210" lon="77.5203250"/>
 <node id="13264522965" visible="true" version="1" changeset="173870161" timestamp="2025-10-28T08:08:55Z" user="manojkiccha" uid="19294160" lat="12.9027924" lon="77.5210698"/>
 <node id="13332304652" visible="true" version="1" changeset="175125385" timestamp="2025-11-25T19:35:32Z" user="Vonter" uid="3926189" lat="12.9363853" lon="77.5183388"/>
 <node id="13332304653" visible="true" version="1" changeset="175125385" timestamp="2025-11-25T19:35:32Z" user="Vonter" uid="3926189" lat="12.9363852" lon="77.5183388"/>
 <node id="13332304654" visible="true" version="1" changeset="175125385" timestamp="2025-11-25T19:35:32Z" user="Vonter" uid="3926189" lat="12.9359846" lon="77.5182945"/>
 <node id="13332304655" visible="true" version="1" changeset="175125385" timestamp="2025-11-25T19:35:32Z" user="Vonter" uid="3926189" lat="12.9351348" lon="77.5179367"/>
 <node id="13332304656" visible="true" version="1" changeset="175125385" timestamp="2025-11-25T19:35:32Z" user="Vonter" uid="3926189" lat="12.9347366" lon="77.5178238"/>
 <node id="13332304657" visible="true" version="1" changeset="175125385" timestamp="2025-11-25T19:35:32Z" user="Vonter" uid="3926189" lat="12.9344076" lon="77.5180782"/>
 <node id="13332304658" visible="true" version="1" changeset="175125385" timestamp="2025-11-25T19:35:32Z" user="Vonter" uid="3926189" lat="12.9336748" lon="77.5180283"/>
 <node id="13332304659" visible="true" version="1" changeset="175125385" timestamp="2025-11-25T19:35:32Z" user="Vonter" uid="3926189" lat="12.9330308" lon="77.5176730"/>
 <node id="13332304660" visible="true" version="1" changeset="175125385" timestamp="2025-11-25T19:35:32Z" user="Vonter" uid="3926189" lat="12.9326117" lon="77.5175490"/>
 <node id="13332304661" visible="true" version="1" changeset="175125385" timestamp="2025-11-25T19:35:32Z" user="Vonter" uid="3926189" lat="12.9322231" lon="77.5176914"/>
 <node id="13332304662" visible="true" version="1" changeset="175125385" timestamp="2025-11-25T19:35:32Z" user="Vonter" uid="3926189" lat="12.9317150" lon="77.5187666"/>
 <node id="13332304663" visible="true" version="1" changeset="175125385" timestamp="2025-11-25T19:35:32Z" user="Vonter" uid="3926189" lat="12.9312551" lon="77.5192408"/>
 <node id="13332304664" visible="true" version="1" changeset="175125385" timestamp="2025-11-25T19:35:32Z" user="Vonter" uid="3926189" lat="12.9307125" lon="77.5199382"/>
 <node id="13332304665" visible="true" version="1" changeset="175125385" timestamp="2025-11-25T19:35:32Z" user="Vonter" uid="3926189" lat="12.9299252" lon="77.5209041"/>
 <node id="13332304666" visible="true" version="1" changeset="175125385" timestamp="2025-11-25T19:35:32Z" user="Vonter" uid="3926189" lat="12.9265822" lon="77.5200345"/>
 <node id="13332304667" visible="true" version="1" changeset="175125385" timestamp="2025-11-25T19:35:32Z" user="Vonter" uid="3926189" lat="12.9259361" lon="77.5218745"/>
 <node id="13332304668" visible="true" version="1" changeset="175125385" timestamp="2025-11-25T19:35:32Z" user="Vonter" uid="3926189" lat="12.9256919" lon="77.5224082"/>
 <node id="13332304669" visible="true" version="1" changeset="175125385" timestamp="2025-11-25T19:35:32Z" user="Vonter" uid="3926189" lat="12.9254777" lon="77.5228057"/>
 <node id="13332304670" visible="true" version="1" changeset="175125385" timestamp="2025-11-25T19:35:32Z" user="Vonter" uid="3926189" lat="12.9252915" lon="77.5231179"/>
 <node id="13332304671" visible="true" version="1" changeset="175125385" timestamp="2025-11-25T19:35:32Z" user="Vonter" uid="3926189" lat="12.9245654" lon="77.5229506"/>
 <node id="13332304672" visible="true" version="1" changeset="175125385" timestamp="2025-11-25T19:35:32Z" user="Vonter" uid="3926189" lat="12.9232144" lon="77.5225458"/>
 <node id="13332304673" visible="true" version="1" changeset="175125385" timestamp="2025-11-25T19:35:32Z" user="Vonter" uid="3926189" lat="12.9220526" lon="77.5222316"/>
 <node id="13332304674" visible="true" version="1" changeset="175125385" timestamp="2025-11-25T19:35:32Z" user="Vonter" uid="3926189" lat="12.9219589" lon="77.5227482"/>
 <node id="13332304675" visible="true" version="1" changeset="175125385" timestamp="2025-11-25T19:35:32Z" user="Vonter" uid="3926189" lat="12.9216693" lon="77.5238044"/>
 <node id="13332304676" visible="true" version="1" changeset="175125385" timestamp="2025-11-25T19:35:32Z" user="Vonter" uid="3926189" lat="12.9216394" lon="77.5240095"/>
 <node id="13332304677" visible="true" version="1" changeset="175125385" timestamp="2025-11-25T19:35:32Z" user="Vonter" uid="3926189" lat="12.9212989" lon="77.5239833"/>
 <node id="13332304678" visible="true" version="1" changeset="175125385" timestamp="2025-11-25T19:35:32Z" user="Vonter" uid="3926189" lat="12.9212918" lon="77.5247055"/>
 <node id="13332304679" visible="true" version="1" changeset="175125385" timestamp="2025-11-25T19:35:32Z" user="Vonter" uid="3926189" lat="12.9209157" lon="77.5246875"/>
 <node id="13332304680" visible="true" version="1" changeset="175125385" timestamp="2025-11-25T19:35:32Z" user="Vonter" uid="3926189" lat="12.9205937" lon="77.5246236"/>
 <node id="13332304681" visible="true" version="1" changeset="175125385" timestamp="2025-11-25T19:35:32Z" user="Vonter" uid="3926189" lat="12.9192267" lon="77.5245649"/>
 <node id="13332304682" visible="true" version="1" changeset="175125385" timestamp="2025-11-25T19:35:32Z" user="Vonter" uid="3926189" lat="12.9192250" lon="77.5240311"/>
 <node id="13332304683" visible="true" version="1" changeset="175125385" timestamp="2025-11-25T19:35:32Z" user="Vonter" uid="3926189" lat="12.9188754" lon="77.5240907"/>
 <node id="13332304684" visible="true" version="1" changeset="175125385" timestamp="2025-11-25T19:35:32Z" user="Vonter" uid="3926189" lat="12.9184868" lon="77.5241101"/>
 <node id="13332304685" visible="true" version="1" changeset="175125385" timestamp="2025-11-25T19:35:32Z" user="Vonter" uid="3926189" lat="12.9177984" lon="77.5237930"/>
 <node id="13332304686" visible="true" version="1" changeset="175125385" timestamp="2025-11-25T19:35:32Z" user="Vonter" uid="3926189" lat="12.9178276" lon="77.5234064"/>
 <node id="13332304687" visible="true" version="1" changeset="175125385" timestamp="2025-11-25T19:35:32Z" user="Vonter" uid="3926189" lat="12.9171322" lon="77.5232246"/>
 <node id="13332304688" visible="true" version="1" changeset="175125385" timestamp="2025-11-25T19:35:32Z" user="Vonter" uid="3926189" lat="12.9170129" lon="77.5235404"/>
 <node id="13332304689" visible="true" version="1" changeset="175125385" timestamp="2025-11-25T19:35:32Z" user="Vonter" uid="3926189" lat="12.9159886" lon="77.5232274"/>
 <node id="13332304690" visible="true" version="1" changeset="175125385" timestamp="2025-11-25T19:35:32Z" user="Vonter" uid="3926189" lat="12.9147561" lon="77.5229609"/>
 <node id="13332304691" visible="true" version="1" changeset="175125385" timestamp="2025-11-25T19:35:32Z" user="Vonter" uid="3926189" lat="12.9148783" lon="77.5206958"/>
 <node id="13332304692" visible="true" version="1" changeset="175125385" timestamp="2025-11-25T19:35:32Z" user="Vonter" uid="3926189" lat="12.9130878" lon="77.5208319"/>
 <node id="13332304693" visible="true" version="1" changeset="175125385" timestamp="2025-11-25T19:35:32Z" user="Vonter" uid="3926189" lat="12.9112530" lon="77.5209804"/>
 <node id="13332304694" visible="true" version="1" changeset="175125385" timestamp="2025-11-25T19:35:32Z" user="Vonter" uid="3926189" lat="12.9082071" lon="77.5210752"/>
 <node id="13332304695" visible="true" version="1" changeset="175125385" timestamp="2025-11-25T19:35:32Z" user="Vonter" uid="3926189" lat="12.9053913" lon="77.5210663"/>
 <node id="13332304696" visible="true" version="1" changeset="175125385" timestamp="2025-11-25T19:35:32Z" user="Vonter" uid="3926189" lat="12.9038407" lon="77.5210938"/>
 <node id="13332304697" visible="true" version="1" changeset="175125385" timestamp="2025-11-25T19:35:32Z" user="Vonter" uid="3926189" lat="12.9028500" lon="77.5213111"/>
 <node id="13332304698" visible="true" version="1" changeset="175125385" timestamp="2025-11-25T19:35:32Z" user="Vonter" uid="3926189" lat="12.9026091" lon="77.5203000"/>
 <node id="13332304699" visible="true" version="1" changeset="175125385" timestamp="2025-11-25T19:35:32Z" user="Vonter" uid="3926189" lat="12.9026304" lon="77.5198177"/>
 <node id="13332304700" visible="true" version="1" changeset="175125385" timestamp="2025-11-25T19:35:32Z" user="Vonter" uid="3926189" lat="12.9027772" lon="77.5189760"/>
 <node id="13332304701" visible="true" version="1" changeset="175125385" timestamp="2025-11-25T19:35:32Z" user="Vonter" uid="3926189" lat="12.9030913" lon="77.5174209"/>
 <node id="13332304702" visible="true" version="1" changeset="175125385" timestamp="2025-11-25T19:35:32Z" user="Vonter" uid="3926189" lat="12.9031387" lon="77.5171862"/>
 <node id="13332304703" visible="true" version="1" changeset="175125385" timestamp="2025-11-25T19:35:32Z" user="Vonter" uid="3926189" lat="12.9035388" lon="77.5153577"/>
 <node id="13332304704" visible="true" version="1" changeset="175125385" timestamp="2025-11-25T19:35:32Z" user="Vonter" uid="3926189" lat="12.9038101" lon="77.5138454"/>
 <node id="13332304705" visible="true" version="1" changeset="175125385" timestamp="2025-11-25T19:35:32Z" user="Vonter" uid="3926189" lat="12.9039227" lon="77.5132171"/>
 <node id="13332304706" visible="true" version="1" changeset="175125385" timestamp="2025-11-25T19:35:32Z" user="Vonter" uid="3926189" lat="12.9039541" lon="77.5130448"/>
 <node id="13332304707" visible="true" version="1" changeset="175125385" timestamp="2025-11-25T19:35:32Z" user="Vonter" uid="3926189" lat="12.9040663" lon="77.5124381"/>
 <node id="13332304708" visible="true" version="1" changeset="175125385" timestamp="2025-11-25T19:35:32Z" user="Vonter" uid="3926189" lat="12.9040263" lon="77.5123149"/>
 <node id="13625161546" visible="true" version="1" changeset="179496733" timestamp="2026-03-07T15:08:41Z" user="Aditya Chokkanahalli" uid="23910149" lat="12.8999908" lon="77.5185138"/>
 <node id="13625161547" visible="true" version="1" changeset="179496733" timestamp="2026-03-07T15:08:41Z" user="Aditya Chokkanahalli" uid="23910149" lat="12.8998662" lon="77.5184724"/>
 <node id="13625161548" visible="true" version="1" changeset="179496733" timestamp="2026-03-07T15:08:41Z" user="Aditya Chokkanahalli" uid="23910149" lat="12.9000252" lon="77.5185252"/>
 <node id="13625161549" visible="true" version="1" changeset="179496733" timestamp="2026-03-07T15:08:41Z" user="Aditya Chokkanahalli" uid="23910149" lat="12.8999465" lon="77.5188573"/>
 <node id="13625161550" visible="true" version="1" changeset="179496733" timestamp="2026-03-07T15:08:41Z" user="Aditya Chokkanahalli" uid="23910149" lat="12.8997509" lon="77.5187778"/>
 <node id="13625161551" visible="true" version="1" changeset="179496733" timestamp="2026-03-07T15:08:41Z" user="Aditya Chokkanahalli" uid="23910149" lat="12.8998361" lon="77.5184624"/>
 <node id="13625161554" visible="true" version="1" changeset="179496733" timestamp="2026-03-07T15:08:41Z" user="Aditya Chokkanahalli" uid="23910149" lat="12.9006287" lon="77.5180301"/>
 <node id="13625161555" visible="true" version="1" changeset="179496733" timestamp="2026-03-07T15:08:41Z" user="Aditya Chokkanahalli" uid="23910149" lat="12.9003483" lon="77.5179364"/>
 <node id="13625161556" visible="true" version="1" changeset="179496733" timestamp="2026-03-07T15:08:41Z" user="Aditya Chokkanahalli" uid="23910149" lat="12.9019164" lon="77.5173300"/>
 <node id="13625161557" visible="true" version="1" changeset="179496733" timestamp="2026-03-07T15:08:41Z" user="Aditya Chokkanahalli" uid="23910149" lat="12.9017777" lon="77.5176810"/>
 <node id="13625161558" visible="true" version="1" changeset="179496733" timestamp="2026-03-07T15:08:41Z" user="Aditya Chokkanahalli" uid="23910149" lat="12.9015980" lon="77.5175888"/>
 <node id="13625161559" visible="true" version="1" changeset="179496733" timestamp="2026-03-07T15:08:41Z" user="Aditya Chokkanahalli" uid="23910149" lat="12.9017500" lon="77.5172582"/>
 <node id="13625161560" visible="true" version="1" changeset="179496733" timestamp="2026-03-07T15:08:41Z" user="Aditya Chokkanahalli" uid="23910149" lat="12.9020756" lon="77.5187235"/>
 <way id="148546215" visible="true" version="10" changeset="177525169" timestamp="2026-01-21T14:25:49Z" user="indigomc" uid="136860">
  <nd ref="1851131800"/>
  <nd ref="1851131722"/>
  <nd ref="7371761978"/>
  <nd ref="10173482507"/>
  <nd ref="1851131586"/>
  <nd ref="1851131514"/>
  <nd ref="1851131341"/>
  <nd ref="1616397661"/>
  <nd ref="1851131226"/>
  <nd ref="1616397682"/>
  <nd ref="10173457991"/>
  <nd ref="11947760838"/>
  <nd ref="1616397669"/>
  <tag k="highway" v="tertiary"/>
  <tag k="name" v="23rd Cross Road"/>
  <tag k="name:kn" v="೨೩ನೇ ಅಡ್ಡ ರಸ್ತೆ"/>
  <tag k="surface" v="asphalt"/>
 </way>
 <way id="151617521" visible="true" version="7" changeset="158894799" timestamp="2024-11-08T13:01:01Z" user="Vonter" uid="3926189">
  <nd ref="1644424492"/>
  <nd ref="1644424540"/>
  <nd ref="5112250882"/>
  <nd ref="1644424536"/>
  <nd ref="1644424531"/>
  <nd ref="1644424492"/>
  <tag k="building" v="commercial"/>
  <tag k="sport" v="cricket;football"/>
  <tag k="surface" v="grass"/>
 </way>
 <way id="173050887" visible="true" version="2" changeset="80334757" timestamp="2020-01-30T19:36:35Z" user="indigomc" uid="136860">
  <nd ref="1838767557"/>
  <nd ref="7173041692"/>
  <nd ref="1838767568"/>
  <tag k="highway" v="residential"/>
 </way>
 <way id="173050951" visible="true" version="2" changeset="83122163" timestamp="2020-04-06T05:33:58Z" user="VLD213" uid="10882264">
  <nd ref="1838767590"/>
  <nd ref="7370686617"/>
  <nd ref="1838767570"/>
  <nd ref="560643939"/>
  <tag k="highway" v="residential"/>
 </way>
 <way id="173050968" visible="true" version="3" changeset="83122163" timestamp="2020-04-06T05:33:58Z" user="VLD213" uid="10882264">
  <nd ref="1838767598"/>
  <nd ref="1838767563"/>
  <nd ref="7370686634"/>
  <nd ref="7370686642"/>
  <nd ref="2250668670"/>
  <nd ref="1838767555"/>
  <tag k="highway" v="residential"/>
 </way>
 <way id="173051027" visible="true" version="4" changeset="83124695" timestamp="2020-04-06T06:28:04Z" user="VLD213" uid="10882264">
  <nd ref="1838767607"/>
  <nd ref="7370801475"/>
  <nd ref="1838767588"/>
  <nd ref="7370801476"/>
  <nd ref="1838767590"/>
  <nd ref="1838767592"/>
  <nd ref="7370686616"/>
  <nd ref="7370686615"/>
  <nd ref="1838767561"/>
  <nd ref="6167910194"/>
  <tag k="highway" v="residential"/>
 </way>
 <way id="174416342" visible="true" version="10" changeset="163721305" timestamp="2025-03-17T08:53:32Z" user="alivapanda" uid="19505674">
  <nd ref="7371771193"/>
  <nd ref="1851131804"/>
  <nd ref="7371771196"/>
  <nd ref="1851131729"/>
  <nd ref="10994554703"/>
  <nd ref="1851131583"/>
  <nd ref="1851131558"/>
  <nd ref="1851131528"/>
  <nd ref="10173520837"/>
  <nd ref="1851131525"/>
  <nd ref="10173503358"/>
  <nd ref="1851131425"/>
  <nd ref="7371771187"/>
  <nd ref="10173510717"/>
  <nd ref="1851131490"/>
  <nd ref="1851131487"/>
  <nd ref="1851131514"/>
  <tag k="highway" v="residential"/>
 </way>
 <way id="174416384" visible="true" version="1" changeset="12605892" timestamp="2012-08-04T07:19:45Z" user="Ashish Vijayaram" uid="83660">
  <nd ref="1851131338"/>
  <nd ref="1851131224"/>
  <tag k="highway" v="residential"/>
 </way>
 <way id="174416428" visible="true" version="2" changeset="83141472" timestamp="2020-04-06T11:07:25Z" user="VLD213" uid="10882264">
  <nd ref="1835344163"/>
  <nd ref="1851131684"/>
  <tag k="highway" v="residential"/>
 </way>
 <way id="174416458" visible="true" version="1" changeset="12605892" timestamp="2012-08-04T07:19:48Z" user="Ashish Vijayaram" uid="83660">
  <nd ref="1851131487"/>
  <nd ref="1851131334"/>
  <tag k="highway" v="residential"/>
 </way>
 <way id="174416477" visible="true" version="3" changeset="173869241" timestamp="2025-10-28T07:43:08Z" user="manojkiccha" uid="19294160">
  <nd ref="1851131490"/>
  <nd ref="7371771202"/>
  <nd ref="13264494774"/>
  <nd ref="1851131326"/>
  <tag k="highway" v="residential"/>
 </way>
 <way id="174416642" visible="true" version="2" changeset="83141472" timestamp="2020-04-06T11:07:25Z" user="VLD213" uid="10882264">
  <nd ref="1851131226"/>
  <nd ref="1851131224"/>
  <nd ref="7371771205"/>
  <nd ref="7371771207"/>
  <nd ref="1851131218"/>
  <tag k="highway" v="residential"/>
 </way>
 <way id="174416718" visible="true" version="2" changeset="83141472" timestamp="2020-04-06T11:07:25Z" user="VLD213" uid="10882264">
  <nd ref="1851131654"/>
  <nd ref="1851131684"/>
  <nd ref="1851131722"/>
  <tag k="highway" v="residential"/>
 </way>
 <way id="174416797" visible="true" version="2" changeset="83141472" timestamp="2020-04-06T11:07:25Z" user="VLD213" uid="10882264">
  <nd ref="1851131341"/>
  <nd ref="1851131338"/>
  <nd ref="1851131334"/>
  <nd ref="7371771204"/>
  <nd ref="1851131326"/>
  <tag k="highway" v="residential"/>
 </way>
 <way id="204638927" visible="true" version="2" changeset="144163622" timestamp="2023-11-18T07:06:03Z" user="Vaibhav_Thunder" uid="20601253">
  <nd ref="2146315584"/>
  <nd ref="2146315582"/>
  <nd ref="2146315569"/>
  <nd ref="2146315571"/>
  <nd ref="2146315584"/>
  <tag k="air_conditioning" v="no"/>
  <tag k="amenity" v="bank"/>
  <tag k="atm" v="yes"/>
  <tag k="brand" v="Canara Bank"/>
  <tag k="brand:en" v="Canara Bank"/>
  <tag k="brand:hi" v="केनरा बैंक"/>
  <tag k="brand:kn" v="ಕೆನರಾ ಬ್ಯಾಂಕ್"/>
  <tag k="brand:pa" v="ਕੇਨਰਾ ਬੈਂਕ"/>
  <tag k="brand:pnb" v="کینرا بینک"/>
  <tag k="brand:ur" v="کینرا بینک"/>
  <tag k="brand:wikidata" v="Q2003777"/>
  <tag k="building" v="yes"/>
  <tag k="drive_through" v="no"/>
  <tag k="name" v="Canara Bank"/>
  <tag k="name:en" v="Canara Bank"/>
  <tag k="name:hi" v="केनरा बैंक"/>
  <tag k="name:kn" v="ಕೆನರಾ ಬ್ಯಾಂಕ್"/>
  <tag k="name:pa" v="ਕੇਨਰਾ ਬੈਂਕ"/>
  <tag k="name:pnb" v="کینرا بینک"/>
  <tag k="name:ur" v="کینرا بینک"/>
  <tag k="opening_hours" v="24/7"/>
 </way>
 <way id="204638928" visible="true" version="3" changeset="144163622" timestamp="2023-11-18T07:06:03Z" user="Vaibhav_Thunder" uid="20601253">
  <nd ref="2146315627"/>
  <nd ref="2146315608"/>
  <nd ref="2146315595"/>
  <nd ref="2146315586"/>
  <nd ref="2146315596"/>
  <nd ref="2146315613"/>
  <nd ref="2146315621"/>
  <nd ref="2146315627"/>
  <tag k="amenity" v="food_court"/>
  <tag k="building" v="yes"/>
  <tag k="internet_access" v="no"/>
  <tag k="name" v="Canteen"/>
  <tag k="opening_hours" v="Mo-Sat 08:00 to 16:00"/>
 </way>
 <way id="204638929" visible="true" version="5" changeset="157396196" timestamp="2024-10-02T21:33:23Z" user="indigomc" uid="136860">
  <nd ref="2146315603"/>
  <nd ref="2146315588"/>
  <nd ref="2146315574"/>
  <nd ref="2146315561"/>
  <nd ref="2146315550"/>
  <nd ref="2146315568"/>
  <nd ref="2146315603"/>
  <tag k="building" v="yes"/>
  <tag k="building:levels" v="3"/>
  <tag k="name" v="CSE, ISE &amp; CSDS Department"/>
 </way>
 <way id="204638932" visible="true" version="4" changeset="144163622" timestamp="2023-11-18T07:06:03Z" user="Vaibhav_Thunder" uid="20601253">
  <nd ref="2146315676"/>
  <nd ref="2146315675"/>
  <nd ref="2146315674"/>
  <nd ref="2146315655"/>
  <nd ref="2146315605"/>
  <nd ref="2146315607"/>
  <nd ref="2146315676"/>
  <tag k="building" v="yes"/>
  <tag k="building:levels" v="3"/>
  <tag k="name" v="ECE Department"/>
 </way>
 <way id="204638933" visible="true" version="2" changeset="144163622" timestamp="2023-11-18T07:06:03Z" user="Vaibhav_Thunder" uid="20601253">
  <nd ref="2146315565"/>
  <nd ref="2146315564"/>
  <nd ref="2146315559"/>
  <nd ref="2146315556"/>
  <nd ref="2146315554"/>
  <nd ref="2146315552"/>
  <nd ref="2146315553"/>
  <nd ref="2146315555"/>
  <nd ref="2146315557"/>
  <nd ref="2146315560"/>
  <nd ref="2146315563"/>
  <nd ref="2146315565"/>
  <tag k="amenity" v="fountain"/>
  <tag k="drinking_water" v="no"/>
  <tag k="fountain" v="decorative"/>
  <tag k="lit" v="no"/>
  <tag k="name" v="Fountain"/>
 </way>
 <way id="204638934" visible="true" version="1" changeset="14954174" timestamp="2013-02-08T10:11:53Z" user="bkowshik" uid="1087876">
  <nd ref="2146315551"/>
  <nd ref="2146315526"/>
  <nd ref="2146315525"/>
  <nd ref="2146315549"/>
  <nd ref="2146315551"/>
  <tag k="building" v="yes"/>
  <tag k="name" v="Hostel"/>
 </way>
 <way id="204638935" visible="true" version="1" changeset="14954174" timestamp="2013-02-08T10:11:54Z" user="bkowshik" uid="1087876">
  <nd ref="2146315688"/>
  <nd ref="2146315643"/>
  <nd ref="2146315649"/>
  <nd ref="2146315657"/>
  <nd ref="2146315692"/>
  <nd ref="2146315688"/>
  <tag k="building" v="yes"/>
  <tag k="name" v="Hostel"/>
 </way>
 <way id="204638936" visible="true" version="2" changeset="155265840" timestamp="2024-08-15T04:27:08Z" user="uknown-gryphus" uid="2425805">
  <nd ref="2146315545"/>
  <nd ref="2146315543"/>
  <nd ref="2146315538"/>
  <nd ref="2146315529"/>
  <nd ref="2146315517"/>
  <nd ref="2146315519"/>
  <nd ref="2146315545"/>
  <tag k="building" v="dormitory"/>
  <tag k="name" v="Hostel"/>
 </way>
 <way id="204638937" visible="true" version="4" changeset="144191674" timestamp="2023-11-18T22:35:26Z" user="b-jazz-bot" uid="9451067">
  <nd ref="2146315651"/>
  <nd ref="2146315600"/>
  <nd ref="2146315570"/>
  <nd ref="2146315591"/>
  <nd ref="2146315602"/>
  <nd ref="2146315625"/>
  <nd ref="2146315641"/>
  <nd ref="2146315610"/>
  <nd ref="2146315651"/>
  <tag k="building" v="yes"/>
  <tag k="building:levels" v="2"/>
  <tag k="name" v="Main Building"/>
  <tag k="name:kn" v="ಮುಖ್ಯ ಕಟ್ಟಡ"/>
  <tag k="website" v="https://www.rnsit.ac.in/"/>
 </way>
 <way id="204638938" visible="true" version="6" changeset="36606603" timestamp="2016-01-15T23:53:50Z" user="woodpeck_repair" uid="145231">
  <nd ref="2146315484"/>
  <nd ref="2146315495"/>
  <nd ref="2146315501"/>
  <nd ref="2146315499"/>
  <nd ref="2146315484"/>
  <tag k="amenity" v="place_of_worship"/>
  <tag k="building" v="yes"/>
  <tag k="denomination" v="shaivist"/>
  <tag k="name" v="Shiva Temple"/>
  <tag k="name:kn" v="ಶಿವ ದೇವಸ್ಥಾನ"/>
  <tag k="religion" v="hindu"/>
 </way>
 <way id="204638939" visible="true" version="3" changeset="137958248" timestamp="2023-06-30T13:07:26Z" user="user_14062769" uid="14062769">
  <nd ref="2146315697"/>
  <nd ref="2146315695"/>
  <nd ref="2146315698"/>
  <nd ref="2146315699"/>
  <nd ref="2146315697"/>
  <tag k="amenity" v="toilets"/>
  <tag k="fee" v="no"/>
  <tag k="female" v="yes"/>
  <tag k="male" v="yes"/>
  <tag k="name:kn" v="ಶೌಚಾಲಯ"/>
 </way>
 <way id="204638940" visible="true" version="2" changeset="137958248" timestamp="2023-06-30T13:07:26Z" user="user_14062769" uid="14062769">
  <nd ref="2146315587"/>
  <nd ref="2146315576"/>
  <nd ref="2146315567"/>
  <nd ref="2146315583"/>
  <nd ref="2146315587"/>
  <tag k="amenity" v="theatre"/>
 </way>
 <way id="204638941" visible="true" version="2" changeset="144163622" timestamp="2023-11-18T07:06:03Z" user="Vaibhav_Thunder" uid="20601253">
  <nd ref="2146315547"/>
  <nd ref="2146315539"/>
  <nd ref="2146315521"/>
  <nd ref="2146315528"/>
  <nd ref="2146315537"/>
  <nd ref="2146315547"/>
  <tag k="building" v="yes"/>
  <tag k="building:levels" v="3"/>
  <tag k="name" v="RNSIT Mec and EEE Department"/>
 </way>
 <way id="204638942" visible="true" version="1" changeset="14954174" timestamp="2013-02-08T10:11:54Z" user="bkowshik" uid="1087876">
  <nd ref="2146315504"/>
  <nd ref="2146315503"/>
  <nd ref="2146315497"/>
  <nd ref="2146315500"/>
  <nd ref="2146315502"/>
  <nd ref="2146315504"/>
  <tag k="building" v="yes"/>
 </way>
 <way id="204638943" visible="true" version="2" changeset="144163622" timestamp="2023-11-18T07:06:03Z" user="Vaibhav_Thunder" uid="20601253">
  <nd ref="2146315523"/>
  <nd ref="2146315513"/>
  <nd ref="2146315505"/>
  <nd ref="2146315506"/>
  <nd ref="2146315508"/>
  <nd ref="2146315523"/>
  <tag k="building" v="yes"/>
  <tag k="building:levels" v="3"/>
  <tag k="name" v="RNSIT MBA block"/>
 </way>
 <way id="204638944" visible="true" version="1" changeset="14954174" timestamp="2013-02-08T10:11:54Z" user="bkowshik" uid="1087876">
  <nd ref="2146315592"/>
  <nd ref="2146315581"/>
  <tag k="highway" v="steps"/>
 </way>
 <way id="204638945" visible="true" version="2" changeset="179496733" timestamp="2026-03-07T15:08:41Z" user="Aditya Chokkanahalli" uid="23910149">
  <nd ref="2146315572"/>
  <nd ref="13625161560"/>
  <nd ref="2146315562"/>
  <tag k="highway" v="steps"/>
 </way>
 <way id="204638946" visible="true" version="4" changeset="174889758" timestamp="2025-11-20T04:28:20Z" user="SudhiH" uid="22556095">
  <nd ref="2146315566"/>
  <nd ref="2146315546"/>
  <tag k="access" v="private"/>
  <tag k="foot" v="yes"/>
  <tag k="highway" v="footway"/>
 </way>
 <way id="204638947" visible="true" version="4" changeset="174889758" timestamp="2025-11-20T04:28:20Z" user="SudhiH" uid="22556095">
  <nd ref="2146315694"/>
  <nd ref="2146315546"/>
  <nd ref="2146315515"/>
  <tag k="access" v="private"/>
  <tag k="foot" v="yes"/>
  <tag k="highway" v="footway"/>
 </way>
 <way id="204638948" visible="true" version="7" changeset="179496733" timestamp="2026-03-07T15:08:41Z" user="Aditya Chokkanahalli" uid="23910149">
  <nd ref="6144323509"/>
  <nd ref="6144323510"/>
  <nd ref="6144323511"/>
  <nd ref="13625161550"/>
  <nd ref="6144323505"/>
  <nd ref="6144323508"/>
  <nd ref="6144323512"/>
  <nd ref="13625161549"/>
  <nd ref="6144323513"/>
  <nd ref="6144323504"/>
  <nd ref="6144323507"/>
  <nd ref="6144323506"/>
  <nd ref="6144323514"/>
  <nd ref="6144323515"/>
  <nd ref="6144323516"/>
  <nd ref="6144323517"/>
  <nd ref="2146315594"/>
  <tag k="access" v="private"/>
  <tag k="foot" v="yes"/>
  <tag k="highway" v="footway"/>
  <tag k="motor_vehicle" v="yes"/>
 </way>
 <way id="204638949" visible="true" version="11" changeset="179496733" timestamp="2026-03-07T15:08:41Z" user="Aditya Chokkanahalli" uid="23910149">
  <nd ref="1838767557"/>
  <nd ref="11135575046"/>
  <nd ref="2146315623"/>
  <nd ref="2146315594"/>
  <nd ref="7371670150"/>
  <nd ref="2146315511"/>
  <nd ref="7175540141"/>
  <nd ref="13625161548"/>
  <nd ref="13625161546"/>
  <nd ref="13625161547"/>
  <nd ref="13625161551"/>
  <nd ref="6144323509"/>
  <nd ref="2146315481"/>
  <nd ref="7175540140"/>
  <nd ref="7175540139"/>
  <nd ref="10173416463"/>
  <nd ref="7175540138"/>
  <nd ref="7175540137"/>
  <nd ref="7371670151"/>
  <nd ref="7175540136"/>
  <nd ref="7175540135"/>
  <nd ref="7175540134"/>
  <nd ref="7175540133"/>
  <nd ref="7371670142"/>
  <nd ref="7175540132"/>
  <nd ref="7175540131"/>
  <nd ref="7175540130"/>
  <nd ref="10173416462"/>
  <nd ref="7175540129"/>
  <nd ref="7175540128"/>
  <nd ref="7175540127"/>
  <nd ref="7175540141"/>
  <tag k="access" v="private"/>
  <tag k="foot" v="yes"/>
  <tag k="highway" v="footway"/>
  <tag k="motor_vehicle" v="yes"/>
 </way>
 <way id="204638950" visible="true" version="4" changeset="174889758" timestamp="2025-11-20T04:28:20Z" user="SudhiH" uid="22556095">
  <nd ref="2146315593"/>
  <nd ref="2146315687"/>
  <nd ref="2146315694"/>
  <nd ref="2146315693"/>
  <nd ref="2146315673"/>
  <nd ref="2146315623"/>
  <tag k="access" v="private"/>
  <tag k="foot" v="yes"/>
  <tag k="highway" v="footway"/>
 </way>
 <way id="204638952" visible="true" version="2" changeset="14954339" timestamp="2013-02-08T10:29:18Z" user="bkowshik" uid="1087876">
  <nd ref="2146315685"/>
  <nd ref="2146315681"/>
  <nd ref="2146315683"/>
  <nd ref="2146315684"/>
  <nd ref="2146315685"/>
  <tag k="landuse" v="grass"/>
 </way>
 <way id="204638953" visible="true" version="2" changeset="14954339" timestamp="2013-02-08T10:29:18Z" user="bkowshik" uid="1087876">
  <nd ref="2146315670"/>
  <nd ref="2146315618"/>
  <nd ref="2146315598"/>
  <nd ref="2146315637"/>
  <nd ref="2146315670"/>
  <tag k="landuse" v="grass"/>
 </way>
 <way id="204638954" visible="true" version="1" changeset="14954174" timestamp="2013-02-08T10:11:55Z" user="bkowshik" uid="1087876">
  <nd ref="2146315580"/>
  <nd ref="2146315578"/>
  <nd ref="2146315542"/>
  <nd ref="2146315544"/>
  <nd ref="2146315580"/>
  <tag k="amenity" v="parking"/>
 </way>
 <way id="204638955" visible="true" version="1" changeset="14954174" timestamp="2013-02-08T10:11:55Z" user="bkowshik" uid="1087876">
  <nd ref="2146315577"/>
  <nd ref="2146315541"/>
  <nd ref="2146315540"/>
  <nd ref="2146315573"/>
  <nd ref="2146315577"/>
  <tag k="amenity" v="parking"/>
 </way>
 <way id="204638956" visible="true" version="2" changeset="14954339" timestamp="2013-02-08T10:29:18Z" user="bkowshik" uid="1087876">
  <nd ref="2146315597"/>
  <nd ref="2146315590"/>
  <nd ref="2146315606"/>
  <nd ref="2146315620"/>
  <nd ref="2146315597"/>
  <tag k="landuse" v="grass"/>
 </way>
 <way id="204638957" visible="true" version="2" changeset="14954339" timestamp="2013-02-08T10:29:18Z" user="bkowshik" uid="1087876">
  <nd ref="2146315636"/>
  <nd ref="2146315645"/>
  <nd ref="2146315604"/>
  <nd ref="2146315609"/>
  <nd ref="2146315636"/>
  <tag k="landuse" v="grass"/>
 </way>
 <way id="204638958" visible="true" version="2" changeset="14954339" timestamp="2013-02-08T10:29:18Z" user="bkowshik" uid="1087876">
  <nd ref="2146315671"/>
  <nd ref="2146315612"/>
  <nd ref="2146315659"/>
  <nd ref="2146315689"/>
  <nd ref="2146315671"/>
  <tag k="landuse" v="grass"/>
 </way>
 <way id="204638959" visible="true" version="2" changeset="14954339" timestamp="2013-02-08T10:29:18Z" user="bkowshik" uid="1087876">
  <nd ref="2146315668"/>
  <nd ref="2146315666"/>
  <nd ref="2146315690"/>
  <nd ref="2146315686"/>
  <nd ref="2146315679"/>
  <nd ref="2146315677"/>
  <nd ref="2146315668"/>
  <tag k="landuse" v="grass"/>
 </way>
 <way id="204638960" visible="true" version="2" changeset="14954339" timestamp="2013-02-08T10:29:18Z" user="bkowshik" uid="1087876">
  <nd ref="2146315630"/>
  <nd ref="2146315599"/>
  <nd ref="2146315601"/>
  <nd ref="2146315589"/>
  <nd ref="2146315575"/>
  <nd ref="2146315579"/>
  <nd ref="2146315585"/>
  <nd ref="2146315629"/>
  <nd ref="2146315630"/>
  <tag k="landuse" v="grass"/>
 </way>
 <way id="215377459" visible="true" version="4" changeset="128729924" timestamp="2022-11-10T11:49:41Z" user="Madhumita Nandi" uid="16294697">
  <nd ref="2247911913"/>
  <nd ref="2247911908"/>
  <nd ref="2247911906"/>
  <nd ref="2247911905"/>
  <nd ref="2247911902"/>
  <nd ref="10173385463"/>
  <nd ref="7371670116"/>
  <nd ref="10173419733"/>
  <nd ref="2247911884"/>
  <nd ref="2247911882"/>
  <nd ref="2247911885"/>
  <nd ref="7371670121"/>
  <nd ref="2247911889"/>
  <nd ref="2247911887"/>
  <nd ref="2247911881"/>
  <nd ref="2247911871"/>
  <nd ref="2247911865"/>
  <nd ref="2247911870"/>
  <tag k="highway" v="residential"/>
 </way>
 <way id="215377501" visible="true" version="2" changeset="83140214" timestamp="2020-04-06T10:45:06Z" user="VLD213" uid="10882264">
  <nd ref="2247911843"/>
  <nd ref="7371670138"/>
  <nd ref="7371670136"/>
  <nd ref="7371670134"/>
  <nd ref="7371670132"/>
  <nd ref="7371670130"/>
  <nd ref="2247911862"/>
  <nd ref="7371670128"/>
  <nd ref="7371670120"/>
  <nd ref="2247911867"/>
  <nd ref="7371670125"/>
  <nd ref="2247911882"/>
  <tag k="highway" v="residential"/>
 </way>
 <way id="347077805" visible="true" version="1" changeset="31362858" timestamp="2015-05-22T07:01:17Z" user="Apreethi" uid="2900372">
  <nd ref="3535024292"/>
  <nd ref="3535024416"/>
  <nd ref="3535024402"/>
  <nd ref="3535024273"/>
  <nd ref="3535024292"/>
  <tag k="building" v="yes"/>
 </way>
 <way id="347077812" visible="true" version="1" changeset="31362858" timestamp="2015-05-22T07:01:18Z" user="Apreethi" uid="2900372">
  <nd ref="3535022823"/>
  <nd ref="3535022811"/>
  <nd ref="3535022351"/>
  <nd ref="3535022360"/>
  <nd ref="3535022823"/>
  <tag k="building" v="yes"/>
 </way>
 <way id="347077818" visible="true" version="1" changeset="31362858" timestamp="2015-05-22T07:01:18Z" user="Apreethi" uid="2900372">
  <nd ref="3535021245"/>
  <nd ref="3535021239"/>
  <nd ref="3535021213"/>
  <nd ref="3535021215"/>
  <nd ref="3535021245"/>
  <tag k="building" v="yes"/>
 </way>
 <way id="347077885" visible="true" version="1" changeset="31362858" timestamp="2015-05-22T07:01:19Z" user="Apreethi" uid="2900372">
  <nd ref="3535020880"/>
  <nd ref="3535020869"/>
  <nd ref="3535020870"/>
  <nd ref="3535020881"/>
  <nd ref="3535020880"/>
  <tag k="building" v="yes"/>
 </way>
 <way id="347077899" visible="true" version="1" changeset="31362858" timestamp="2015-05-22T07:01:19Z" user="Apreethi" uid="2900372">
  <nd ref="3535024688"/>
  <nd ref="3535024594"/>
  <nd ref="3535024602"/>
  <nd ref="3535024897"/>
  <nd ref="3535024688"/>
  <tag k="building" v="yes"/>
 </way>
 <way id="347077933" visible="true" version="1" changeset="31362858" timestamp="2015-05-22T07:01:20Z" user="Apreethi" uid="2900372">
  <nd ref="3535020874"/>
  <nd ref="3535020859"/>
  <nd ref="3535020860"/>
  <nd ref="3535020877"/>
  <nd ref="3535020874"/>
  <tag k="building" v="yes"/>
 </way>
 <way id="347077945" visible="true" version="1" changeset="31362858" timestamp="2015-05-22T07:01:20Z" user="Apreethi" uid="2900372">
  <nd ref="3535021288"/>
  <nd ref="3535021261"/>
  <nd ref="3535021264"/>
  <nd ref="3535021291"/>
  <nd ref="3535021288"/>
  <tag k="building" v="yes"/>
 </way>
 <way id="347077950" visible="true" version="1" changeset="31362858" timestamp="2015-05-22T07:01:21Z" user="Apreethi" uid="2900372">
  <nd ref="3535021208"/>
  <nd ref="3535020887"/>
  <nd ref="3535020888"/>
  <nd ref="3535021211"/>
  <nd ref="3535021208"/>
  <tag k="building" v="yes"/>
 </way>
 <way id="347077953" visible="true" version="1" changeset="31362858" timestamp="2015-05-22T07:01:21Z" user="Apreethi" uid="2900372">
  <nd ref="3535023485"/>
  <nd ref="3535023080"/>
  <nd ref="3535023091"/>
  <nd ref="3535023491"/>
  <nd ref="3535023485"/>
  <tag k="building" v="yes"/>
 </way>
 <way id="347077978" visible="true" version="1" changeset="31362858" timestamp="2015-05-22T07:01:21Z" user="Apreethi" uid="2900372">
  <nd ref="3535023918"/>
  <nd ref="3535023785"/>
  <nd ref="3535023752"/>
  <nd ref="3535023769"/>
  <nd ref="3535023918"/>
  <tag k="building" v="yes"/>
 </way>
 <way id="347078012" visible="true" version="1" changeset="31362858" timestamp="2015-05-22T07:01:22Z" user="Apreethi" uid="2900372">
  <nd ref="3535024269"/>
  <nd ref="3535024244"/>
  <nd ref="3535024255"/>
  <nd ref="3535024275"/>
  <nd ref="3535024269"/>
  <tag k="building" v="yes"/>
 </way>
 <way id="347078031" visible="true" version="1" changeset="31362858" timestamp="2015-05-22T07:01:22Z" user="Apreethi" uid="2900372">
  <nd ref="3535024642"/>
  <nd ref="3535023960"/>
  <nd ref="3535023984"/>
  <nd ref="3535024685"/>
  <nd ref="3535024642"/>
  <tag k="building" v="yes"/>
 </way>
 <way id="347078055" visible="true" version="1" changeset="31362858" timestamp="2015-05-22T07:01:23Z" user="Apreethi" uid="2900372">
  <nd ref="3535023782"/>
  <nd ref="3535023765"/>
  <nd ref="3535023722"/>
  <nd ref="3535023741"/>
  <nd ref="3535023782"/>
  <tag k="building" v="yes"/>
 </way>
 <way id="347078065" visible="true" version="1" changeset="31362858" timestamp="2015-05-22T07:01:23Z" user="Apreethi" uid="2900372">
  <nd ref="3535025155"/>
  <nd ref="3535025169"/>
  <nd ref="3535025125"/>
  <nd ref="3535025112"/>
  <nd ref="3535025155"/>
  <tag k="building" v="yes"/>
 </way>
 <way id="347078102" visible="true" version="1" changeset="31362858" timestamp="2015-05-22T07:01:24Z" user="Apreethi" uid="2900372">
  <nd ref="3535023969"/>
  <nd ref="3535023923"/>
  <nd ref="3535023925"/>
  <nd ref="3535023975"/>
  <nd ref="3535023969"/>
  <tag k="building" v="yes"/>
 </way>
 <way id="347078120" visible="true" version="1" changeset="31362858" timestamp="2015-05-22T07:01:25Z" user="Apreethi" uid="2900372">
  <nd ref="3535022799"/>
  <nd ref="3535022793"/>
  <nd ref="3535022330"/>
  <nd ref="3535022336"/>
  <nd ref="3535022799"/>
  <tag k="building" v="yes"/>
 </way>
 <way id="347078123" visible="true" version="1" changeset="31362858" timestamp="2015-05-22T07:01:25Z" user="Apreethi" uid="2900372">
  <nd ref="3535024251"/>
  <nd ref="3535024237"/>
  <nd ref="3535023982"/>
  <nd ref="3535023989"/>
  <nd ref="3535024251"/>
  <tag k="building" v="yes"/>
 </way>
 <way id="347078133" visible="true" version="1" changeset="31362858" timestamp="2015-05-22T07:01:25Z" user="Apreethi" uid="2900372">
  <nd ref="3535024411"/>
  <nd ref="3535024399"/>
  <nd ref="3535024245"/>
  <nd ref="3535024264"/>
  <nd ref="3535024411"/>
  <tag k="building" v="yes"/>
 </way>
 <way id="347078151" visible="true" version="1" changeset="31362858" timestamp="2015-05-22T07:01:25Z" user="Apreethi" uid="2900372">
  <nd ref="3535023950"/>
  <nd ref="3535023946"/>
  <nd ref="3535023901"/>
  <nd ref="3535023906"/>
  <nd ref="3535023950"/>
  <tag k="building" v="yes"/>
 </way>
 <way id="347078208" visible="true" version="1" changeset="31362858" timestamp="2015-05-22T07:01:27Z" user="Apreethi" uid="2900372">
  <nd ref="3535021199"/>
  <nd ref="3535020883"/>
  <nd ref="3535020885"/>
  <nd ref="3535021203"/>
  <nd ref="3535021199"/>
  <tag k="building" v="yes"/>
 </way>
 <way id="347078220" visible="true" version="1" changeset="31362858" timestamp="2015-05-22T07:01:27Z" user="Apreethi" uid="2900372">
  <nd ref="3535024241"/>
  <nd ref="3535024233"/>
  <nd ref="3535024208"/>
  <nd ref="3535024214"/>
  <nd ref="3535024241"/>
  <tag k="building" v="yes"/>
 </way>
 <way id="347078313" visible="true" version="1" changeset="31362858" timestamp="2015-05-22T07:01:29Z" user="Apreethi" uid="2900372">
  <nd ref="3535021458"/>
  <nd ref="3535021421"/>
  <nd ref="3535021431"/>
  <nd ref="3535021468"/>
  <nd ref="3535021458"/>
  <tag k="building" v="yes"/>
 </way>
 <way id="347078322" visible="true" version="1" changeset="31362858" timestamp="2015-05-22T07:01:30Z" user="Apreethi" uid="2900372">
  <nd ref="3535021864"/>
  <nd ref="3535021853"/>
  <nd ref="3535021795"/>
  <nd ref="3535021810"/>
  <nd ref="3535021864"/>
  <tag k="building" v="yes"/>
 </way>
 <way id="347078343" visible="true" version="1" changeset="31362858" timestamp="2015-05-22T07:01:30Z" user="Apreethi" uid="2900372">
  <nd ref="3535021236"/>
  <nd ref="3535021217"/>
  <nd ref="3535021222"/>
  <nd ref="3535021241"/>
  <nd ref="3535021236"/>
  <tag k="building" v="yes"/>
 </way>
 <way id="347078367" visible="true" version="1" changeset="31362858" timestamp="2015-05-22T07:01:31Z" user="Apreethi" uid="2900372">
  <nd ref="3535023714"/>
  <nd ref="3535023453"/>
  <nd ref="3535023456"/>
  <nd ref="3535023716"/>
  <nd ref="3535023714"/>
  <tag k="building" v="yes"/>
 </way>
 <way id="347078381" visible="true" version="1" changeset="31362858" timestamp="2015-05-22T07:01:31Z" user="Apreethi" uid="2900372">
  <nd ref="3535024631"/>
  <nd ref="3535024620"/>
  <nd ref="3535024469"/>
  <nd ref="3535024481"/>
  <nd ref="3535024631"/>
  <tag k="building" v="yes"/>
 </way>
 <way id="347078394" visible="true" version="1" changeset="31362858" timestamp="2015-05-22T07:01:31Z" user="Apreethi" uid="2900372">
  <nd ref="3535025170"/>
  <nd ref="3535025119"/>
  <nd ref="3535025124"/>
  <nd ref="3535025180"/>
  <nd ref="3535025170"/>
  <tag k="building" v="yes"/>
 </way>
 <way id="347078420" visible="true" version="1" changeset="31362858" timestamp="2015-05-22T07:01:32Z" user="Apreethi" uid="2900372">
  <nd ref="3535024676"/>
  <nd ref="3535024639"/>
  <nd ref="3535024599"/>
  <nd ref="3535024616"/>
  <nd ref="3535024676"/>
  <tag k="building" v="yes"/>
 </way>
 <way id="347078427" visible="true" version="1" changeset="31362858" timestamp="2015-05-22T07:01:32Z" user="Apreethi" uid="2900372">
  <nd ref="3535021267"/>
  <nd ref="3535021263"/>
  <nd ref="3535021243"/>
  <nd ref="3535021250"/>
  <nd ref="3535021267"/>
  <tag k="building" v="yes"/>
 </way>
 <way id="347078473" visible="true" version="1" changeset="31362858" timestamp="2015-05-22T07:01:33Z" user="Apreethi" uid="2900372">
  <nd ref="3535025153"/>
  <nd ref="3535025139"/>
  <nd ref="3535024984"/>
  <nd ref="3535025098"/>
  <nd ref="3535025153"/>
  <tag k="building" v="yes"/>
 </way>
 <way id="347078503" visible="true" version="1" changeset="31362858" timestamp="2015-05-22T07:01:34Z" user="Apreethi" uid="2900372">
  <nd ref="3535022884"/>
  <nd ref="3535022875"/>
  <nd ref="3535022827"/>
  <nd ref="3535022834"/>
  <nd ref="3535022884"/>
  <tag k="building" v="yes"/>
 </way>
 <way id="347078511" visible="true" version="1" changeset="31362858" timestamp="2015-05-22T07:01:34Z" user="Apreethi" uid="2900372">
  <nd ref="3535023956"/>
  <nd ref="3535023916"/>
  <nd ref="3535023921"/>
  <nd ref="3535023964"/>
  <nd ref="3535023956"/>
  <tag k="building" v="yes"/>
 </way>
 <way id="347078518" visible="true" version="1" changeset="31362858" timestamp="2015-05-22T07:01:34Z" user="Apreethi" uid="2900372">
  <nd ref="3535024488"/>
  <nd ref="3535024475"/>
  <nd ref="3535024419"/>
  <nd ref="3535024435"/>
  <nd ref="3535024488"/>
  <tag k="building" v="yes"/>
 </way>
 <way id="347078522" visible="true" version="1" changeset="31362858" timestamp="2015-05-22T07:01:35Z" user="Apreethi" uid="2900372">
  <nd ref="3535022334"/>
  <nd ref="3535022327"/>
  <nd ref="3535021859"/>
  <nd ref="3535021867"/>
  <nd ref="3535022334"/>
  <tag k="building" v="yes"/>
 </way>
 <way id="347078623" visible="true" version="1" changeset="31362858" timestamp="2015-05-22T07:01:37Z" user="Apreethi" uid="2900372">
  <nd ref="3535024624"/>
  <nd ref="3535024452"/>
  <nd ref="3535024464"/>
  <nd ref="3535024640"/>
  <nd ref="3535024624"/>
  <tag k="building" v="yes"/>
 </way>
 <way id="347078652" visible="true" version="1" changeset="31362858" timestamp="2015-05-22T07:01:37Z" user="Apreethi" uid="2900372">
  <nd ref="3535021466"/>
  <nd ref="3535021432"/>
  <nd ref="3535021434"/>
  <nd ref="3535021469"/>
  <nd ref="3535021466"/>
  <tag k="building" v="yes"/>
 </way>
 <way id="347078666" visible="true" version="1" changeset="31362858" timestamp="2015-05-22T07:01:38Z" user="Apreethi" uid="2900372">
  <nd ref="3535021262"/>
  <nd ref="3535021260"/>
  <nd ref="3535021242"/>
  <nd ref="3535021246"/>
  <nd ref="3535021262"/>
  <tag k="building" v="yes"/>
 </way>
 <way id="347078670" visible="true" version="1" changeset="31362858" timestamp="2015-05-22T07:01:38Z" user="Apreethi" uid="2900372">
  <nd ref="3535021478"/>
  <nd ref="3535021436"/>
  <nd ref="3535021442"/>
  <nd ref="3535021486"/>
  <nd ref="3535021478"/>
  <tag k="building" v="yes"/>
 </way>
 <way id="347078725" visible="true" version="1" changeset="31362858" timestamp="2015-05-22T07:01:39Z" user="Apreethi" uid="2900372">
  <nd ref="3535025223"/>
  <nd ref="3535025136"/>
  <nd ref="3535025141"/>
  <nd ref="3535025226"/>
  <nd ref="3535025223"/>
  <tag k="building" v="yes"/>
 </way>
 <way id="347078750" visible="true" version="1" changeset="31362858" timestamp="2015-05-22T07:01:40Z" user="Apreethi" uid="2900372">
  <nd ref="3535021416"/>
  <nd ref="3535021413"/>
  <nd ref="3535021292"/>
  <nd ref="3535021393"/>
  <nd ref="3535021416"/>
  <tag k="building" v="yes"/>
 </way>
 <way id="347078757" visible="true" version="1" changeset="31362858" timestamp="2015-05-22T07:01:40Z" user="Apreethi" uid="2900372">
  <nd ref="3535024627"/>
  <nd ref="3535024617"/>
  <nd ref="3535024450"/>
  <nd ref="3535024466"/>
  <nd ref="3535024627"/>
  <tag k="building" v="yes"/>
 </way>
 <way id="347078769" visible="true" version="1" changeset="31362858" timestamp="2015-05-22T07:01:41Z" user="Apreethi" uid="2900372">
  <nd ref="3535024222"/>
  <nd ref="3535023983"/>
  <nd ref="3535023991"/>
  <nd ref="3535024236"/>
  <nd ref="3535024222"/>
  <tag k="building" v="yes"/>
 </way>
 <way id="347078786" visible="true" version="1" changeset="31362858" timestamp="2015-05-22T07:01:41Z" user="Apreethi" uid="2900372">
  <nd ref="3535023725"/>
  <nd ref="3535023715"/>
  <nd ref="3535023446"/>
  <nd ref="3535023468"/>
  <nd ref="3535023725"/>
  <tag k="building" v="yes"/>
 </way>
 <way id="347078801" visible="true" version="1" changeset="31362858" timestamp="2015-05-22T07:01:42Z" user="Apreethi" uid="2900372">
  <nd ref="3535025134"/>
  <nd ref="3535024990"/>
  <nd ref="3535025095"/>
  <nd ref="3535025142"/>
  <nd ref="3535025134"/>
  <tag k="building" v="yes"/>
 </way>
 <way id="347078819" visible="true" version="1" changeset="31362858" timestamp="2015-05-22T07:01:43Z" user="Apreethi" uid="2900372">
  <nd ref="3535024483"/>
  <nd ref="3535024417"/>
  <nd ref="3535024455"/>
  <nd ref="3535024608"/>
  <nd ref="3535024483"/>
  <tag k="building" v="yes"/>
 </way>
 <way id="347078832" visible="true" version="1" changeset="31362858" timestamp="2015-05-22T07:01:43Z" user="Apreethi" uid="2900372">
  <nd ref="3535022817"/>
  <nd ref="3535022363"/>
  <nd ref="3535022367"/>
  <nd ref="3535022826"/>
  <nd ref="3535022817"/>
  <tag k="building" v="yes"/>
 </way>
 <way id="347078860" visible="true" version="1" changeset="31362858" timestamp="2015-05-22T07:01:44Z" user="Apreethi" uid="2900372">
  <nd ref="3535021399"/>
  <nd ref="3535021279"/>
  <nd ref="3535021280"/>
  <nd ref="3535021403"/>
  <nd ref="3535021399"/>
  <tag k="building" v="yes"/>
 </way>
 <way id="347078863" visible="true" version="1" changeset="31362858" timestamp="2015-05-22T07:01:44Z" user="Apreethi" uid="2900372">
  <nd ref="3535025132"/>
  <nd ref="3535025130"/>
  <nd ref="3535024981"/>
  <nd ref="3535024983"/>
  <nd ref="3535025132"/>
  <tag k="building" v="yes"/>
 </way>
 <way id="347078868" visible="true" version="1" changeset="31362858" timestamp="2015-05-22T07:01:44Z" user="Apreethi" uid="2900372">
  <nd ref="3535020886"/>
  <nd ref="3535020884"/>
  <nd ref="3535020867"/>
  <nd ref="3535020868"/>
  <nd ref="3535020886"/>
  <tag k="building" v="yes"/>
 </way>
 <way id="347078885" visible="true" version="1" changeset="31362858" timestamp="2015-05-22T07:01:45Z" user="Apreethi" uid="2900372">
  <nd ref="3535025159"/>
  <nd ref="3535025102"/>
  <nd ref="3535025109"/>
  <nd ref="3535025161"/>
  <nd ref="3535025159"/>
  <tag k="building" v="yes"/>
 </way>
 <way id="347078892" visible="true" version="1" changeset="31362858" timestamp="2015-05-22T07:01:46Z" user="Apreethi" uid="2900372">
  <nd ref="3535021485"/>
  <nd ref="3535021437"/>
  <nd ref="3535021445"/>
  <nd ref="3535021491"/>
  <nd ref="3535021485"/>
  <tag k="building" v="yes"/>
 </way>
 <way id="347078899" visible="true" version="1" changeset="31362858" timestamp="2015-05-22T07:01:46Z" user="Apreethi" uid="2900372">
  <nd ref="3535021396"/>
  <nd ref="3535021274"/>
  <nd ref="3535021276"/>
  <nd ref="3535021397"/>
  <nd ref="3535021396"/>
  <tag k="building" v="yes"/>
 </way>
 <way id="347078900" visible="true" version="1" changeset="31362858" timestamp="2015-05-22T07:01:47Z" user="Apreethi" uid="2900372">
  <nd ref="3535021818"/>
  <nd ref="3535021815"/>
  <nd ref="3535021479"/>
  <nd ref="3535021482"/>
  <nd ref="3535021818"/>
  <tag k="building" v="yes"/>
 </way>
 <way id="347078903" visible="true" version="1" changeset="31362858" timestamp="2015-05-22T07:01:47Z" user="Apreethi" uid="2900372">
  <nd ref="3535021226"/>
  <nd ref="3535021207"/>
  <nd ref="3535021209"/>
  <nd ref="3535021229"/>
  <nd ref="3535021226"/>
  <tag k="building" v="yes"/>
 </way>
 <way id="347078907" visible="true" version="1" changeset="31362858" timestamp="2015-05-22T07:01:47Z" user="Apreethi" uid="2900372">
  <nd ref="3535021219"/>
  <nd ref="3535021197"/>
  <nd ref="3535021198"/>
  <nd ref="3535021220"/>
  <nd ref="3535021219"/>
  <tag k="building" v="yes"/>
 </way>
 <way id="347078909" visible="true" version="1" changeset="31362858" timestamp="2015-05-22T07:01:47Z" user="Apreethi" uid="2900372">
  <nd ref="3535024420"/>
  <nd ref="3535024463"/>
  <nd ref="3535024434"/>
  <nd ref="3535024405"/>
  <nd ref="3535024420"/>
  <tag k="building" v="yes"/>
 </way>
 <way id="347078917" visible="true" version="1" changeset="31362858" timestamp="2015-05-22T07:01:48Z" user="Apreethi" uid="2900372">
  <nd ref="3535022317"/>
  <nd ref="3535022314"/>
  <nd ref="3535021836"/>
  <nd ref="3535021847"/>
  <nd ref="3535022317"/>
  <tag k="building" v="yes"/>
 </way>
 <way id="347078924" visible="true" version="1" changeset="31362858" timestamp="2015-05-22T07:01:48Z" user="Apreethi" uid="2900372">
  <nd ref="3535021472"/>
  <nd ref="3535021448"/>
  <nd ref="3535021451"/>
  <nd ref="3535021473"/>
  <nd ref="3535021472"/>
  <tag k="building" v="yes"/>
 </way>
 <way id="347078925" visible="true" version="1" changeset="31362858" timestamp="2015-05-22T07:01:48Z" user="Apreethi" uid="2900372">
  <nd ref="3535024953"/>
  <nd ref="3535024656"/>
  <nd ref="3535024665"/>
  <nd ref="3535024959"/>
  <nd ref="3535024953"/>
  <tag k="building" v="yes"/>
 </way>
 <way id="347078927" visible="true" version="1" changeset="31362858" timestamp="2015-05-22T07:01:48Z" user="Apreethi" uid="2900372">
  <nd ref="3535021402"/>
  <nd ref="3535021281"/>
  <nd ref="3535021284"/>
  <nd ref="3535021406"/>
  <nd ref="3535021402"/>
  <tag k="building" v="yes"/>
 </way>
 <way id="347078934" visible="true" version="1" changeset="31362858" timestamp="2015-05-22T07:01:49Z" user="Apreethi" uid="2900372">
  <nd ref="3535021205"/>
  <nd ref="3535021200"/>
  <nd ref="3535020873"/>
  <nd ref="3535020875"/>
  <nd ref="3535021205"/>
  <tag k="building" v="yes"/>
 </way>
 <way id="347078956" visible="true" version="1" changeset="31362858" timestamp="2015-05-22T07:01:49Z" user="Apreethi" uid="2900372">
  <nd ref="3535020879"/>
  <nd ref="3535020861"/>
  <nd ref="3535020862"/>
  <nd ref="3535020882"/>
  <nd ref="3535020879"/>
  <tag k="building" v="yes"/>
 </way>
 <way id="347078961" visible="true" version="1" changeset="31362858" timestamp="2015-05-22T07:01:49Z" user="Apreethi" uid="2900372">
  <nd ref="3535023067"/>
  <nd ref="3535022831"/>
  <nd ref="3535022838"/>
  <nd ref="3535023074"/>
  <nd ref="3535023067"/>
  <tag k="building" v="yes"/>
 </way>
 <way id="347078976" visible="true" version="1" changeset="31362858" timestamp="2015-05-22T07:01:50Z" user="Apreethi" uid="2900372">
  <nd ref="3535024426"/>
  <nd ref="3535024410"/>
  <nd ref="3535024268"/>
  <nd ref="3535024282"/>
  <nd ref="3535024426"/>
  <tag k="building" v="yes"/>
 </way>
 <way id="347078991" visible="true" version="1" changeset="31362858" timestamp="2015-05-22T07:01:50Z" user="Apreethi" uid="2900372">
  <nd ref="3535023786"/>
  <nd ref="3535023774"/>
  <nd ref="3535023755"/>
  <nd ref="3535023763"/>
  <nd ref="3535023786"/>
  <tag k="building" v="yes"/>
 </way>
 <way id="347142328" visible="true" version="1" changeset="31366557" timestamp="2015-05-22T09:52:37Z" user="Apreethi" uid="2900372">
  <nd ref="3535426641"/>
  <nd ref="3535426639"/>
  <nd ref="3535426640"/>
  <nd ref="3535426642"/>
  <nd ref="3535426641"/>
  <tag k="building" v="yes"/>
 </way>
 <way id="347142375" visible="true" version="1" changeset="31366557" timestamp="2015-05-22T09:52:39Z" user="Apreethi" uid="2900372">
  <nd ref="3535426224"/>
  <nd ref="3535426211"/>
  <nd ref="3535426205"/>
  <nd ref="3535426208"/>
  <nd ref="3535426224"/>
  <tag k="building" v="yes"/>
 </way>
 <way id="347142518" visible="true" version="1" changeset="31366557" timestamp="2015-05-22T09:52:46Z" user="Apreethi" uid="2900372">
  <nd ref="3535426238"/>
  <nd ref="3535426236"/>
  <nd ref="3535426227"/>
  <nd ref="3535426229"/>
  <nd ref="3535426238"/>
  <tag k="building" v="yes"/>
 </way>
 <way id="347142609" visible="true" version="2" changeset="128731037" timestamp="2022-11-10T12:14:06Z" user="Madhumita Nandi" uid="16294697">
  <nd ref="3535426207"/>
  <nd ref="3535426206"/>
  <nd ref="10173458001"/>
  <nd ref="3535426089"/>
  <nd ref="3535426090"/>
  <nd ref="3535426207"/>
  <tag k="building" v="yes"/>
 </way>
 <way id="348113551" visible="true" version="1" changeset="31435678" timestamp="2015-05-25T06:03:06Z" user="sdivya" uid="2905508">
  <nd ref="3543275408"/>
  <nd ref="3543275406"/>
  <nd ref="3543275393"/>
  <nd ref="3543275394"/>
  <nd ref="3543275408"/>
  <tag k="building" v="yes"/>
 </way>
 <way id="348113572" visible="true" version="1" changeset="31435678" timestamp="2015-05-25T06:03:06Z" user="sdivya" uid="2905508">
  <nd ref="3543276570"/>
  <nd ref="3543276566"/>
  <nd ref="3543276543"/>
  <nd ref="3543276544"/>
  <nd ref="3543276570"/>
  <tag k="building" v="yes"/>
 </way>
 <way id="348113693" visible="true" version="1" changeset="31435678" timestamp="2015-05-25T06:03:07Z" user="sdivya" uid="2905508">
  <nd ref="3543278607"/>
  <nd ref="3543278604"/>
  <nd ref="3543277658"/>
  <nd ref="3543277660"/>
  <nd ref="3543278607"/>
  <tag k="building" v="yes"/>
 </way>
 <way id="348113717" visible="true" version="1" changeset="31435678" timestamp="2015-05-25T06:03:07Z" user="sdivya" uid="2905508">
  <nd ref="3543274117"/>
  <nd ref="3543274111"/>
  <nd ref="3543274096"/>
  <nd ref="3543274100"/>
  <nd ref="3543274117"/>
  <tag k="building" v="yes"/>
 </way>
 <way id="348113739" visible="true" version="1" changeset="31435678" timestamp="2015-05-25T06:03:08Z" user="sdivya" uid="2905508">
  <nd ref="3543277612"/>
  <nd ref="3543277608"/>
  <nd ref="3543276580"/>
  <nd ref="3543276583"/>
  <nd ref="3543277612"/>
  <tag k="building" v="yes"/>
 </way>
 <way id="348113894" visible="true" version="1" changeset="31435678" timestamp="2015-05-25T06:03:09Z" user="sdivya" uid="2905508">
  <nd ref="3543277667"/>
  <nd ref="3543277665"/>
  <nd ref="3543277635"/>
  <nd ref="3543277638"/>
  <nd ref="3543277667"/>
  <tag k="building" v="yes"/>
 </way>
 <way id="348114110" visible="true" version="1" changeset="31435678" timestamp="2015-05-25T06:03:10Z" user="sdivya" uid="2905508">
  <nd ref="3543277600"/>
  <nd ref="3543277599"/>
  <nd ref="3543276571"/>
  <nd ref="3543276575"/>
  <nd ref="3543277600"/>
  <tag k="building" v="yes"/>
 </way>
 <way id="348114179" visible="true" version="1" changeset="31435678" timestamp="2015-05-25T06:03:11Z" user="sdivya" uid="2905508">
  <nd ref="3543275438"/>
  <nd ref="3543275437"/>
  <nd ref="3543275423"/>
  <nd ref="3543275426"/>
  <nd ref="3543275438"/>
  <tag k="building" v="yes"/>
 </way>
 <way id="348114315" visible="true" version="1" changeset="31435678" timestamp="2015-05-25T06:03:12Z" user="sdivya" uid="2905508">
  <nd ref="3543276537"/>
  <nd ref="3543276535"/>
  <nd ref="3543276511"/>
  <nd ref="3543276518"/>
  <nd ref="3543276537"/>
  <tag k="building" v="yes"/>
 </way>
 <way id="348114528" visible="true" version="1" changeset="31435678" timestamp="2015-05-25T06:03:13Z" user="sdivya" uid="2905508">
  <nd ref="3543275468"/>
  <nd ref="3543275467"/>
  <nd ref="3543275449"/>
  <nd ref="3543275453"/>
  <nd ref="3543275468"/>
  <tag k="building" v="yes"/>
 </way>
 <way id="348114550" visible="true" version="1" changeset="31435678" timestamp="2015-05-25T06:03:14Z" user="sdivya" uid="2905508">
  <nd ref="3543275401"/>
  <nd ref="3543275396"/>
  <nd ref="3543274185"/>
  <nd ref="3543274189"/>
  <nd ref="3543275401"/>
  <tag k="building" v="yes"/>
 </way>
 <way id="348114576" visible="true" version="1" changeset="31435678" timestamp="2015-05-25T06:03:14Z" user="sdivya" uid="2905508">
  <nd ref="3543275473"/>
  <nd ref="3543275471"/>
  <nd ref="3543275454"/>
  <nd ref="3543275457"/>
  <nd ref="3543275473"/>
  <tag k="building" v="yes"/>
 </way>
 <way id="348114610" visible="true" version="1" changeset="31435678" timestamp="2015-05-25T06:03:14Z" user="sdivya" uid="2905508">
  <nd ref="3543274143"/>
  <nd ref="3543274139"/>
  <nd ref="3543274115"/>
  <nd ref="3543274124"/>
  <nd ref="3543274143"/>
  <tag k="building" v="yes"/>
 </way>
 <way id="348114631" visible="true" version="1" changeset="31435678" timestamp="2015-05-25T06:03:14Z" user="sdivya" uid="2905508">
  <nd ref="3543274165"/>
  <nd ref="3543274163"/>
  <nd ref="3543274146"/>
  <nd ref="3543274152"/>
  <nd ref="3543274165"/>
  <tag k="building" v="yes"/>
 </way>
 <way id="348114643" visible="true" version="1" changeset="31435678" timestamp="2015-05-25T06:03:14Z" user="sdivya" uid="2905508">
  <nd ref="3543275474"/>
  <nd ref="3543275470"/>
  <nd ref="3543275459"/>
  <nd ref="3543275460"/>
  <nd ref="3543275474"/>
  <tag k="building" v="yes"/>
 </way>
 <way id="348114723" visible="true" version="1" changeset="31435678" timestamp="2015-05-25T06:03:15Z" user="sdivya" uid="2905508">
  <nd ref="3543274184"/>
  <nd ref="3543274183"/>
  <nd ref="3543274170"/>
  <nd ref="3543274173"/>
  <nd ref="3543274184"/>
  <tag k="building" v="yes"/>
 </way>
 <way id="348114733" visible="true" version="1" changeset="31435678" timestamp="2015-05-25T06:03:15Z" user="sdivya" uid="2905508">
  <nd ref="3543274182"/>
  <nd ref="3543274181"/>
  <nd ref="3543274167"/>
  <nd ref="3543274169"/>
  <nd ref="3543274182"/>
  <tag k="building" v="yes"/>
 </way>
 <way id="348114817" visible="true" version="1" changeset="31435678" timestamp="2015-05-25T06:03:16Z" user="sdivya" uid="2905508">
  <nd ref="3543275414"/>
  <nd ref="3543275409"/>
  <nd ref="3543275395"/>
  <nd ref="3543275397"/>
  <nd ref="3543275414"/>
  <tag k="building" v="yes"/>
 </way>
 <way id="348114829" visible="true" version="1" changeset="31435678" timestamp="2015-05-25T06:03:16Z" user="sdivya" uid="2905508">
  <nd ref="3543279925"/>
  <nd ref="3543279924"/>
  <nd ref="3543278670"/>
  <nd ref="3543278679"/>
  <nd ref="3543279925"/>
  <tag k="building" v="yes"/>
 </way>
 <way id="348114847" visible="true" version="1" changeset="31435678" timestamp="2015-05-25T06:03:16Z" user="sdivya" uid="2905508">
  <nd ref="3543276529"/>
  <nd ref="3543276525"/>
  <nd ref="3543276498"/>
  <nd ref="3543276500"/>
  <nd ref="3543276529"/>
  <tag k="building" v="yes"/>
 </way>
 <way id="348114869" visible="true" version="1" changeset="31435678" timestamp="2015-05-25T06:03:16Z" user="sdivya" uid="2905508">
  <nd ref="3543276517"/>
  <nd ref="3543276512"/>
  <nd ref="3543276495"/>
  <nd ref="3543276496"/>
  <nd ref="3543276517"/>
  <tag k="building" v="yes"/>
 </way>
 <way id="348114889" visible="true" version="1" changeset="31435678" timestamp="2015-05-25T06:03:16Z" user="sdivya" uid="2905508">
  <nd ref="3543274135"/>
  <nd ref="3543274130"/>
  <nd ref="3543274102"/>
  <nd ref="3543274107"/>
  <nd ref="3543274135"/>
  <tag k="building" v="yes"/>
 </way>
 <way id="348114899" visible="true" version="1" changeset="31435678" timestamp="2015-05-25T06:03:16Z" user="sdivya" uid="2905508">
  <nd ref="3543274106"/>
  <nd ref="3543274104"/>
  <nd ref="3543252785"/>
  <nd ref="3543252786"/>
  <nd ref="3543274106"/>
  <tag k="building" v="yes"/>
 </way>
 <way id="348114913" visible="true" version="1" changeset="31435678" timestamp="2015-05-25T06:03:16Z" user="sdivya" uid="2905508">
  <nd ref="3543274153"/>
  <nd ref="3543274149"/>
  <nd ref="3543274125"/>
  <nd ref="3543274129"/>
  <nd ref="3543274153"/>
  <tag k="building" v="yes"/>
 </way>
 <way id="348115077" visible="true" version="1" changeset="31435678" timestamp="2015-05-25T06:03:17Z" user="sdivya" uid="2905508">
  <nd ref="3543274171"/>
  <nd ref="3543274168"/>
  <nd ref="3543274150"/>
  <nd ref="3543274155"/>
  <nd ref="3543274171"/>
  <tag k="building" v="yes"/>
 </way>
 <way id="348115510" visible="true" version="1" changeset="31435678" timestamp="2015-05-25T06:03:21Z" user="sdivya" uid="2905508">
  <nd ref="3543277631"/>
  <nd ref="3543277624"/>
  <nd ref="3543277596"/>
  <nd ref="3543277598"/>
  <nd ref="3543277631"/>
  <tag k="building" v="yes"/>
 </way>
 <way id="348115645" visible="true" version="1" changeset="31435678" timestamp="2015-05-25T06:03:22Z" user="sdivya" uid="2905508">
  <nd ref="3543278661"/>
  <nd ref="3543278653"/>
  <nd ref="3543278609"/>
  <nd ref="3543278617"/>
  <nd ref="3543278661"/>
  <tag k="building" v="yes"/>
 </way>
 <way id="348115725" visible="true" version="1" changeset="31435678" timestamp="2015-05-25T06:03:22Z" user="sdivya" uid="2905508">
  <nd ref="3543278659"/>
  <nd ref="3543278647"/>
  <nd ref="3543278599"/>
  <nd ref="3543278608"/>
  <nd ref="3543278659"/>
  <tag k="building" v="yes"/>
 </way>
 <way id="348115748" visible="true" version="1" changeset="31435678" timestamp="2015-05-25T06:03:23Z" user="sdivya" uid="2905508">
  <nd ref="3543276538"/>
  <nd ref="3543276536"/>
  <nd ref="3543276519"/>
  <nd ref="3543276521"/>
  <nd ref="3543276538"/>
  <tag k="building" v="yes"/>
 </way>
 <way id="348115889" visible="true" version="1" changeset="31435678" timestamp="2015-05-25T06:03:24Z" user="sdivya" uid="2905508">
  <nd ref="3543278627"/>
  <nd ref="3543278618"/>
  <nd ref="3543277688"/>
  <nd ref="3543277690"/>
  <nd ref="3543278627"/>
  <tag k="building" v="yes"/>
 </way>
 <way id="348115933" visible="true" version="1" changeset="31435678" timestamp="2015-05-25T06:03:24Z" user="sdivya" uid="2905508">
  <nd ref="3543274162"/>
  <nd ref="3543274160"/>
  <nd ref="3543274144"/>
  <nd ref="3543274148"/>
  <nd ref="3543274162"/>
  <tag k="building" v="yes"/>
 </way>
 <way id="348115945" visible="true" version="1" changeset="31435678" timestamp="2015-05-25T06:03:24Z" user="sdivya" uid="2905508">
  <nd ref="3543278619"/>
  <nd ref="3543278613"/>
  <nd ref="3543277672"/>
  <nd ref="3543277678"/>
  <nd ref="3543278619"/>
  <tag k="building" v="yes"/>
 </way>
 <way id="348116004" visible="true" version="1" changeset="31435678" timestamp="2015-05-25T06:03:25Z" user="sdivya" uid="2905508">
  <nd ref="3543277640"/>
  <nd ref="3543277636"/>
  <nd ref="3543277617"/>
  <nd ref="3543277618"/>
  <nd ref="3543277640"/>
  <tag k="building" v="yes"/>
 </way>
 <way id="348116214" visible="true" version="1" changeset="31435678" timestamp="2015-05-25T06:03:26Z" user="sdivya" uid="2905508">
  <nd ref="3543274118"/>
  <nd ref="3543274110"/>
  <nd ref="3543252789"/>
  <nd ref="3543252791"/>
  <nd ref="3543274118"/>
  <tag k="building" v="yes"/>
 </way>
 <way id="348116225" visible="true" version="1" changeset="31435678" timestamp="2015-05-25T06:03:26Z" user="sdivya" uid="2905508">
  <nd ref="3543276578"/>
  <nd ref="3543276574"/>
  <nd ref="3543276548"/>
  <nd ref="3543276552"/>
  <nd ref="3543276578"/>
  <tag k="building" v="yes"/>
 </way>
 <way id="348116281" visible="true" version="1" changeset="31435678" timestamp="2015-05-25T06:03:27Z" user="sdivya" uid="2905508">
  <nd ref="3543276532"/>
  <nd ref="3543276531"/>
  <nd ref="3543276503"/>
  <nd ref="3543276509"/>
  <nd ref="3543276532"/>
  <tag k="building" v="yes"/>
 </way>
 <way id="348116331" visible="true" version="1" changeset="31435678" timestamp="2015-05-25T06:03:27Z" user="sdivya" uid="2905508">
  <nd ref="3543276516"/>
  <nd ref="3543276508"/>
  <nd ref="3543275488"/>
  <nd ref="3543275490"/>
  <nd ref="3543276516"/>
  <tag k="building" v="yes"/>
 </way>
 <way id="348116373" visible="true" version="1" changeset="31435678" timestamp="2015-05-25T06:03:28Z" user="sdivya" uid="2905508">
  <nd ref="3543276515"/>
  <nd ref="3543276507"/>
  <nd ref="3543275486"/>
  <nd ref="3543275489"/>
  <nd ref="3543276515"/>
  <tag k="building" v="yes"/>
 </way>
 <way id="348116415" visible="true" version="1" changeset="31435678" timestamp="2015-05-25T06:03:28Z" user="sdivya" uid="2905508">
  <nd ref="3543275404"/>
  <nd ref="3543275400"/>
  <nd ref="3543274191"/>
  <nd ref="3543274192"/>
  <nd ref="3543275404"/>
  <tag k="building" v="yes"/>
 </way>
 <way id="348116589" visible="true" version="1" changeset="31435678" timestamp="2015-05-25T06:03:29Z" user="sdivya" uid="2905508">
  <nd ref="3543275418"/>
  <nd ref="3543275417"/>
  <nd ref="3543275403"/>
  <nd ref="3543275407"/>
  <nd ref="3543275418"/>
  <tag k="building" v="yes"/>
 </way>
 <way id="348116631" visible="true" version="1" changeset="31435678" timestamp="2015-05-25T06:03:29Z" user="sdivya" uid="2905508">
  <nd ref="3543278616"/>
  <nd ref="3543278611"/>
  <nd ref="3543277664"/>
  <nd ref="3543277666"/>
  <nd ref="3543278616"/>
  <tag k="building" v="yes"/>
 </way>
 <way id="348116678" visible="true" version="1" changeset="31435678" timestamp="2015-05-25T06:03:30Z" user="sdivya" uid="2905508">
  <nd ref="3543275442"/>
  <nd ref="3543275439"/>
  <nd ref="3543275424"/>
  <nd ref="3543275427"/>
  <nd ref="3543275442"/>
  <tag k="building" v="yes"/>
 </way>
 <way id="348116688" visible="true" version="1" changeset="31435678" timestamp="2015-05-25T06:03:30Z" user="sdivya" uid="2905508">
  <nd ref="3543274136"/>
  <nd ref="3543274133"/>
  <nd ref="3543274119"/>
  <nd ref="3543274122"/>
  <nd ref="3543274136"/>
  <tag k="building" v="yes"/>
 </way>
 <way id="348116697" visible="true" version="1" changeset="31435678" timestamp="2015-05-25T06:03:30Z" user="sdivya" uid="2905508">
  <nd ref="3543275448"/>
  <nd ref="3543275444"/>
  <nd ref="3543275429"/>
  <nd ref="3543275431"/>
  <nd ref="3543275448"/>
  <tag k="building" v="yes"/>
 </way>
 <way id="348116774" visible="true" version="1" changeset="31435678" timestamp="2015-05-25T06:03:30Z" user="sdivya" uid="2905508">
  <nd ref="3543276513"/>
  <nd ref="3543276506"/>
  <nd ref="3543276493"/>
  <nd ref="3543276494"/>
  <nd ref="3543276513"/>
  <tag k="building" v="yes"/>
 </way>
 <way id="348116840" visible="true" version="1" changeset="31435678" timestamp="2015-05-25T06:03:31Z" user="sdivya" uid="2905508">
  <nd ref="3543275428"/>
  <nd ref="3543275421"/>
  <nd ref="3543275411"/>
  <nd ref="3543275413"/>
  <nd ref="3543275428"/>
  <tag k="building" v="yes"/>
 </way>
 <way id="348116864" visible="true" version="1" changeset="31435678" timestamp="2015-05-25T06:03:31Z" user="sdivya" uid="2905508">
  <nd ref="3543275420"/>
  <nd ref="3543275419"/>
  <nd ref="3543275410"/>
  <nd ref="3543275412"/>
  <nd ref="3543275420"/>
  <tag k="building" v="yes"/>
 </way>
 <way id="348116973" visible="true" version="1" changeset="31435678" timestamp="2015-05-25T06:03:32Z" user="sdivya" uid="2905508">
  <nd ref="3543276573"/>
  <nd ref="3543276572"/>
  <nd ref="3543276550"/>
  <nd ref="3543276553"/>
  <nd ref="3543276573"/>
  <tag k="building" v="yes"/>
 </way>
 <way id="348117007" visible="true" version="1" changeset="31435678" timestamp="2015-05-25T06:03:32Z" user="sdivya" uid="2905508">
  <nd ref="3543277604"/>
  <nd ref="3543277601"/>
  <nd ref="3543276576"/>
  <nd ref="3543276577"/>
  <nd ref="3543277604"/>
  <tag k="building" v="yes"/>
 </way>
 <way id="348117025" visible="true" version="1" changeset="31435678" timestamp="2015-05-25T06:03:32Z" user="sdivya" uid="2905508">
  <nd ref="3543275477"/>
  <nd ref="3543275475"/>
  <nd ref="3543275456"/>
  <nd ref="3543275458"/>
  <nd ref="3543275477"/>
  <tag k="building" v="yes"/>
 </way>
 <way id="348117085" visible="true" version="1" changeset="31435678" timestamp="2015-05-25T06:03:33Z" user="sdivya" uid="2905508">
  <nd ref="3543274147"/>
  <nd ref="3543274141"/>
  <nd ref="3543274123"/>
  <nd ref="3543274126"/>
  <nd ref="3543274147"/>
  <tag k="building" v="yes"/>
 </way>
 <way id="348117132" visible="true" version="1" changeset="31435678" timestamp="2015-05-25T06:03:33Z" user="sdivya" uid="2905508">
  <nd ref="3543274120"/>
  <nd ref="3543274114"/>
  <nd ref="3543252792"/>
  <nd ref="3543274094"/>
  <nd ref="3543274120"/>
  <tag k="building" v="yes"/>
 </way>
 <way id="348117298" visible="true" version="1" changeset="31435678" timestamp="2015-05-25T06:03:34Z" user="sdivya" uid="2905508">
  <nd ref="3543274180"/>
  <nd ref="3543274178"/>
  <nd ref="3543274164"/>
  <nd ref="3543274166"/>
  <nd ref="3543274180"/>
  <tag k="building" v="yes"/>
 </way>
 <way id="348117439" visible="true" version="1" changeset="31435678" timestamp="2015-05-25T06:03:35Z" user="sdivya" uid="2905508">
  <nd ref="3543276546"/>
  <nd ref="3543276545"/>
  <nd ref="3543276523"/>
  <nd ref="3543276524"/>
  <nd ref="3543276546"/>
  <tag k="building" v="yes"/>
 </way>
 <way id="348117535" visible="true" version="1" changeset="31435678" timestamp="2015-05-25T06:03:36Z" user="sdivya" uid="2905508">
  <nd ref="3543275487"/>
  <nd ref="3543275485"/>
  <nd ref="3543275476"/>
  <nd ref="3543275478"/>
  <nd ref="3543275487"/>
  <tag k="building" v="yes"/>
 </way>
 <way id="348117548" visible="true" version="1" changeset="31435678" timestamp="2015-05-25T06:03:36Z" user="sdivya" uid="2905508">
  <nd ref="3543275451"/>
  <nd ref="3543275447"/>
  <nd ref="3543275430"/>
  <nd ref="3543275432"/>
  <nd ref="3543275451"/>
  <tag k="building" v="yes"/>
 </way>
 <way id="348117626" visible="true" version="1" changeset="31435678" timestamp="2015-05-25T06:03:36Z" user="sdivya" uid="2905508">
  <nd ref="3543274156"/>
  <nd ref="3543274151"/>
  <nd ref="3543274132"/>
  <nd ref="3543274137"/>
  <nd ref="3543274156"/>
  <tag k="building" v="yes"/>
 </way>
 <way id="348117796" visible="true" version="1" changeset="31435678" timestamp="2015-05-25T06:03:37Z" user="sdivya" uid="2905508">
  <nd ref="3543274188"/>
  <nd ref="3543274186"/>
  <nd ref="3543274174"/>
  <nd ref="3543274175"/>
  <nd ref="3543274188"/>
  <tag k="building" v="yes"/>
 </way>
 <way id="348117805" visible="true" version="1" changeset="31435678" timestamp="2015-05-25T06:03:37Z" user="sdivya" uid="2905508">
  <nd ref="3543278595"/>
  <nd ref="3543277691"/>
  <nd ref="3543277629"/>
  <nd ref="3543277633"/>
  <nd ref="3543278595"/>
  <tag k="building" v="yes"/>
 </way>
 <way id="348117975" visible="true" version="1" changeset="31435678" timestamp="2015-05-25T06:03:38Z" user="sdivya" uid="2905508">
  <nd ref="3543278675"/>
  <nd ref="3543278667"/>
  <nd ref="3543278623"/>
  <nd ref="3543278631"/>
  <nd ref="3543278675"/>
  <tag k="building" v="yes"/>
 </way>
 <way id="348118049" visible="true" version="1" changeset="31435678" timestamp="2015-05-25T06:03:39Z" user="sdivya" uid="2905508">
  <nd ref="3543274127"/>
  <nd ref="3543274121"/>
  <nd ref="3543274095"/>
  <nd ref="3543274101"/>
  <nd ref="3543274127"/>
  <tag k="building" v="yes"/>
 </way>
 <way id="348118096" visible="true" version="1" changeset="31435678" timestamp="2015-05-25T06:03:39Z" user="sdivya" uid="2905508">
  <nd ref="3543274103"/>
  <nd ref="3543274098"/>
  <nd ref="3543252782"/>
  <nd ref="3543252784"/>
  <nd ref="3543274103"/>
  <tag k="building" v="yes"/>
 </way>
 <way id="348118193" visible="true" version="1" changeset="31435678" timestamp="2015-05-25T06:03:40Z" user="sdivya" uid="2905508">
  <nd ref="3543274179"/>
  <nd ref="3543274176"/>
  <nd ref="3543274159"/>
  <nd ref="3543274161"/>
  <nd ref="3543274179"/>
  <tag k="building" v="yes"/>
 </way>
 <way id="348118206" visible="true" version="1" changeset="31435678" timestamp="2015-05-25T06:03:40Z" user="sdivya" uid="2905508">
  <nd ref="3543278628"/>
  <nd ref="3543278624"/>
  <nd ref="3543277668"/>
  <nd ref="3543277675"/>
  <nd ref="3543278628"/>
  <tag k="building" v="yes"/>
 </way>
 <way id="348118226" visible="true" version="1" changeset="31435678" timestamp="2015-05-25T06:03:40Z" user="sdivya" uid="2905508">
  <nd ref="3543274177"/>
  <nd ref="3543274172"/>
  <nd ref="3543274154"/>
  <nd ref="3543274158"/>
  <nd ref="3543274177"/>
  <tag k="building" v="yes"/>
 </way>
 <way id="348118301" visible="true" version="1" changeset="31435678" timestamp="2015-05-25T06:03:41Z" user="sdivya" uid="2905508">
  <nd ref="3543277669"/>
  <nd ref="3543277661"/>
  <nd ref="3543277632"/>
  <nd ref="3543277639"/>
  <nd ref="3543277669"/>
  <tag k="building" v="yes"/>
 </way>
 <way id="348118332" visible="true" version="1" changeset="31435678" timestamp="2015-05-25T06:03:41Z" user="sdivya" uid="2905508">
  <nd ref="3543275450"/>
  <nd ref="3543275445"/>
  <nd ref="3543275433"/>
  <nd ref="3543275434"/>
  <nd ref="3543275450"/>
  <tag k="building" v="yes"/>
 </way>
 <way id="348118476" visible="true" version="1" changeset="31435678" timestamp="2015-05-25T06:03:42Z" user="sdivya" uid="2905508">
  <nd ref="3543274140"/>
  <nd ref="3543274134"/>
  <nd ref="3543274105"/>
  <nd ref="3543274113"/>
  <nd ref="3543274140"/>
  <tag k="building" v="yes"/>
 </way>
 <way id="348118574" visible="true" version="1" changeset="31435678" timestamp="2015-05-25T06:03:42Z" user="sdivya" uid="2905508">
  <nd ref="3543275466"/>
  <nd ref="3543275464"/>
  <nd ref="3543275443"/>
  <nd ref="3543275446"/>
  <nd ref="3543275466"/>
  <tag k="building" v="yes"/>
 </way>
 <way id="348118613" visible="true" version="1" changeset="31435678" timestamp="2015-05-25T06:03:43Z" user="sdivya" uid="2905508">
  <nd ref="3543275441"/>
  <nd ref="3543275440"/>
  <nd ref="3543275422"/>
  <nd ref="3543275425"/>
  <nd ref="3543275441"/>
  <tag k="building" v="yes"/>
 </way>
 <way id="348118646" visible="true" version="1" changeset="31435678" timestamp="2015-05-25T06:03:43Z" user="sdivya" uid="2905508">
  <nd ref="3543275416"/>
  <nd ref="3543275415"/>
  <nd ref="3543275398"/>
  <nd ref="3543275405"/>
  <nd ref="3543275416"/>
  <tag k="building" v="yes"/>
 </way>
 <way id="348118654" visible="true" version="1" changeset="31435678" timestamp="2015-05-25T06:03:43Z" user="sdivya" uid="2905508">
  <nd ref="3543275472"/>
  <nd ref="3543275469"/>
  <nd ref="3543275452"/>
  <nd ref="3543275455"/>
  <nd ref="3543275472"/>
  <tag k="building" v="yes"/>
 </way>
 <way id="348118718" visible="true" version="1" changeset="31435678" timestamp="2015-05-25T06:03:44Z" user="sdivya" uid="2905508">
  <nd ref="3543277683"/>
  <nd ref="3543277679"/>
  <nd ref="3543277627"/>
  <nd ref="3543277630"/>
  <nd ref="3543277683"/>
  <tag k="building" v="yes"/>
 </way>
 <way id="348118752" visible="true" version="1" changeset="31435678" timestamp="2015-05-25T06:03:44Z" user="sdivya" uid="2905508">
  <nd ref="3543276504"/>
  <nd ref="3543276501"/>
  <nd ref="3543275491"/>
  <nd ref="3543275492"/>
  <nd ref="3543276504"/>
  <tag k="building" v="yes"/>
 </way>
 <way id="348118834" visible="true" version="1" changeset="31435678" timestamp="2015-05-25T06:03:45Z" user="sdivya" uid="2905508">
  <nd ref="3543277692"/>
  <nd ref="3543277689"/>
  <nd ref="3543277620"/>
  <nd ref="3543277626"/>
  <nd ref="3543277692"/>
  <tag k="building" v="yes"/>
 </way>
 <way id="348118851" visible="true" version="1" changeset="31435678" timestamp="2015-05-25T06:03:45Z" user="sdivya" uid="2905508">
  <nd ref="3543276540"/>
  <nd ref="3543276539"/>
  <nd ref="3543276520"/>
  <nd ref="3543276522"/>
  <nd ref="3543276540"/>
  <tag k="building" v="yes"/>
 </way>
 <way id="348133999" visible="true" version="1" changeset="31436431" timestamp="2015-05-25T06:52:01Z" user="sdivya" uid="2905508">
  <nd ref="3543372106"/>
  <nd ref="3543372097"/>
  <nd ref="3543371998"/>
  <nd ref="3543372002"/>
  <nd ref="3543372106"/>
  <tag k="building" v="yes"/>
 </way>
 <way id="348134003" visible="true" version="1" changeset="31436431" timestamp="2015-05-25T06:52:01Z" user="sdivya" uid="2905508">
  <nd ref="3543375161"/>
  <nd ref="3543375151"/>
  <nd ref="3543374883"/>
  <nd ref="3543374889"/>
  <nd ref="3543375161"/>
  <tag k="building" v="yes"/>
 </way>
 <way id="348134059" visible="true" version="1" changeset="31436431" timestamp="2015-05-25T06:52:05Z" user="sdivya" uid="2905508">
  <nd ref="3543374812"/>
  <nd ref="3543374804"/>
  <nd ref="3543374570"/>
  <nd ref="3543374575"/>
  <nd ref="3543374812"/>
  <tag k="building" v="yes"/>
 </way>
 <way id="348134062" visible="true" version="1" changeset="31436431" timestamp="2015-05-25T06:52:05Z" user="sdivya" uid="2905508">
  <nd ref="3543375139"/>
  <nd ref="3543375132"/>
  <nd ref="3543374848"/>
  <nd ref="3543374854"/>
  <nd ref="3543375139"/>
  <tag k="building" v="yes"/>
 </way>
 <way id="348134080" visible="true" version="1" changeset="31436431" timestamp="2015-05-25T06:52:06Z" user="sdivya" uid="2905508">
  <nd ref="3543374868"/>
  <nd ref="3543374865"/>
  <nd ref="3543374806"/>
  <nd ref="3543374809"/>
  <nd ref="3543374868"/>
  <tag k="building" v="yes"/>
 </way>
 <way id="348134084" visible="true" version="1" changeset="31436431" timestamp="2015-05-25T06:52:07Z" user="sdivya" uid="2905508">
  <nd ref="3543372483"/>
  <nd ref="3543372478"/>
  <nd ref="3543372371"/>
  <nd ref="3543372380"/>
  <nd ref="3543372483"/>
  <tag k="building" v="yes"/>
 </way>
 <way id="348134091" visible="true" version="1" changeset="31436431" timestamp="2015-05-25T06:52:07Z" user="sdivya" uid="2905508">
  <nd ref="3543374892"/>
  <nd ref="3543374887"/>
  <nd ref="3543374871"/>
  <nd ref="3543374882"/>
  <nd ref="3543374892"/>
  <tag k="building" v="yes"/>
 </way>
 <way id="348134097" visible="true" version="1" changeset="31436431" timestamp="2015-05-25T06:52:07Z" user="sdivya" uid="2905508">
  <nd ref="3543372329"/>
  <nd ref="3543372310"/>
  <nd ref="3543372151"/>
  <nd ref="3543372163"/>
  <nd ref="3543372329"/>
  <tag k="building" v="yes"/>
 </way>
 <way id="348134105" visible="true" version="1" changeset="31436431" timestamp="2015-05-25T06:52:08Z" user="sdivya" uid="2905508">
  <nd ref="3543372187"/>
  <nd ref="3543372184"/>
  <nd ref="3543372113"/>
  <nd ref="3543372117"/>
  <nd ref="3543372187"/>
  <tag k="building" v="yes"/>
 </way>
 <way id="348134123" visible="true" version="1" changeset="31436431" timestamp="2015-05-25T06:52:08Z" user="sdivya" uid="2905508">
  <nd ref="3543375117"/>
  <nd ref="3543375116"/>
  <nd ref="3543374863"/>
  <nd ref="3543374864"/>
  <nd ref="3543375117"/>
  <tag k="building" v="yes"/>
 </way>
 <way id="348134134" visible="true" version="1" changeset="31436431" timestamp="2015-05-25T06:52:09Z" user="sdivya" uid="2905508">
  <nd ref="3543371966"/>
  <nd ref="3543371944"/>
  <nd ref="3543371912"/>
  <nd ref="3543371919"/>
  <nd ref="3543371966"/>
  <tag k="building" v="yes"/>
 </way>
 <way id="348134140" visible="true" version="1" changeset="31436431" timestamp="2015-05-25T06:52:09Z" user="sdivya" uid="2905508">
  <nd ref="3543372524"/>
  <nd ref="3543372518"/>
  <nd ref="3543372464"/>
  <nd ref="3543372481"/>
  <nd ref="3543372524"/>
  <tag k="building" v="yes"/>
 </way>
 <way id="348134176" visible="true" version="1" changeset="31436431" timestamp="2015-05-25T06:52:10Z" user="sdivya" uid="2905508">
  <nd ref="3543372108"/>
  <nd ref="3543372098"/>
  <nd ref="3543372006"/>
  <nd ref="3543372016"/>
  <nd ref="3543372108"/>
  <tag k="building" v="yes"/>
 </way>
 <way id="348134195" visible="true" version="1" changeset="31436431" timestamp="2015-05-25T06:52:11Z" user="sdivya" uid="2905508">
  <nd ref="3543375159"/>
  <nd ref="3543375155"/>
  <nd ref="3543375112"/>
  <nd ref="3543375115"/>
  <nd ref="3543375159"/>
  <tag k="building" v="yes"/>
 </way>
 <way id="348134218" visible="true" version="1" changeset="31436431" timestamp="2015-05-25T06:52:11Z" user="sdivya" uid="2905508">
  <nd ref="3543374841"/>
  <nd ref="3543374795"/>
  <nd ref="3543374793"/>
  <nd ref="3543374840"/>
  <nd ref="3543374841"/>
  <tag k="building" v="yes"/>
 </way>
 <way id="348134270" visible="true" version="1" changeset="31436431" timestamp="2015-05-25T06:52:12Z" user="sdivya" uid="2905508">
  <nd ref="3543374817"/>
  <nd ref="3543374820"/>
  <nd ref="3543374794"/>
  <nd ref="3543374590"/>
  <nd ref="3543374817"/>
  <tag k="building" v="yes"/>
 </way>
 <way id="348134426" visible="true" version="1" changeset="31436431" timestamp="2015-05-25T06:52:16Z" user="sdivya" uid="2905508">
  <nd ref="3543374876"/>
  <nd ref="3543374803"/>
  <nd ref="3543374807"/>
  <nd ref="3543374879"/>
  <nd ref="3543374876"/>
  <tag k="building" v="yes"/>
 </way>
 <way id="348134468" visible="true" version="1" changeset="31436431" timestamp="2015-05-25T06:52:16Z" user="sdivya" uid="2905508">
  <nd ref="3543372390"/>
  <nd ref="3543372339"/>
  <nd ref="3543371955"/>
  <nd ref="3543372017"/>
  <nd ref="3543372390"/>
  <tag k="building" v="yes"/>
 </way>
 <way id="348134513" visible="true" version="1" changeset="31436431" timestamp="2015-05-25T06:52:18Z" user="sdivya" uid="2905508">
  <nd ref="3543374833"/>
  <nd ref="3543374829"/>
  <nd ref="3543374592"/>
  <nd ref="3543374798"/>
  <nd ref="3543374833"/>
  <tag k="building" v="yes"/>
 </way>
 <way id="348134576" visible="true" version="1" changeset="31436431" timestamp="2015-05-25T06:52:19Z" user="sdivya" uid="2905508">
  <nd ref="3543372360"/>
  <nd ref="3543372351"/>
  <nd ref="3543372155"/>
  <nd ref="3543372169"/>
  <nd ref="3543372360"/>
  <tag k="building" v="yes"/>
 </way>
 <way id="348134589" visible="true" version="1" changeset="31436431" timestamp="2015-05-25T06:52:19Z" user="sdivya" uid="2905508">
  <nd ref="3543375158"/>
  <nd ref="3543375150"/>
  <nd ref="3543375107"/>
  <nd ref="3543375111"/>
  <nd ref="3543375158"/>
  <tag k="building" v="yes"/>
 </way>
 <way id="348134630" visible="true" version="1" changeset="31436431" timestamp="2015-05-25T06:52:20Z" user="sdivya" uid="2905508">
  <nd ref="3543372144"/>
  <nd ref="3543372135"/>
  <nd ref="3543372018"/>
  <nd ref="3543372025"/>
  <nd ref="3543372144"/>
  <tag k="building" v="yes"/>
 </way>
 <way id="348134648" visible="true" version="1" changeset="31436431" timestamp="2015-05-25T06:52:20Z" user="sdivya" uid="2905508">
  <nd ref="3543375168"/>
  <nd ref="3543374888"/>
  <nd ref="3543374891"/>
  <nd ref="3543375172"/>
  <nd ref="3543375168"/>
  <tag k="building" v="yes"/>
 </way>
 <way id="348134710" visible="true" version="1" changeset="31436431" timestamp="2015-05-25T06:52:21Z" user="sdivya" uid="2905508">
  <nd ref="3543375098"/>
  <nd ref="3543375097"/>
  <nd ref="3543374842"/>
  <nd ref="3543374843"/>
  <nd ref="3543375098"/>
  <tag k="building" v="yes"/>
 </way>
 <way id="348134744" visible="true" version="1" changeset="31436431" timestamp="2015-05-25T06:52:22Z" user="sdivya" uid="2905508">
  <nd ref="3543375145"/>
  <nd ref="3543375144"/>
  <nd ref="3543375119"/>
  <nd ref="3543375120"/>
  <nd ref="3543375145"/>
  <tag k="building" v="yes"/>
 </way>
 <way id="348134770" visible="true" version="1" changeset="31436431" timestamp="2015-05-25T06:52:22Z" user="sdivya" uid="2905508">
  <nd ref="3543375114"/>
  <nd ref="3543375110"/>
  <nd ref="3543375102"/>
  <nd ref="3543375105"/>
  <nd ref="3543375114"/>
  <tag k="building" v="yes"/>
 </way>
 <way id="348134807" visible="true" version="1" changeset="31436431" timestamp="2015-05-25T06:52:23Z" user="sdivya" uid="2905508">
  <nd ref="3543375157"/>
  <nd ref="3543375148"/>
  <nd ref="3543375093"/>
  <nd ref="3543375103"/>
  <nd ref="3543375157"/>
  <tag k="building" v="yes"/>
 </way>
 <way id="348134869" visible="true" version="1" changeset="31436431" timestamp="2015-05-25T06:52:24Z" user="sdivya" uid="2905508">
  <nd ref="3543375101"/>
  <nd ref="3543375100"/>
  <nd ref="3543374847"/>
  <nd ref="3543374849"/>
  <nd ref="3543375101"/>
  <tag k="building" v="yes"/>
 </way>
 <way id="348134954" visible="true" version="1" changeset="31436431" timestamp="2015-05-25T06:52:26Z" user="sdivya" uid="2905508">
  <nd ref="3543374835"/>
  <nd ref="3543374834"/>
  <nd ref="3543374808"/>
  <nd ref="3543374810"/>
  <nd ref="3543374835"/>
  <tag k="building" v="yes"/>
 </way>
 <way id="348134995" visible="true" version="1" changeset="31436431" timestamp="2015-05-25T06:52:27Z" user="sdivya" uid="2905508">
  <nd ref="3543372368"/>
  <nd ref="3543372361"/>
  <nd ref="3543372304"/>
  <nd ref="3543372316"/>
  <nd ref="3543372368"/>
  <tag k="building" v="yes"/>
 </way>
 <way id="348135007" visible="true" version="1" changeset="31436431" timestamp="2015-05-25T06:52:27Z" user="sdivya" uid="2905508">
  <nd ref="3543372374"/>
  <nd ref="3543372355"/>
  <nd ref="3543372315"/>
  <nd ref="3543372340"/>
  <nd ref="3543372374"/>
  <tag k="building" v="yes"/>
 </way>
 <way id="348135033" visible="true" version="1" changeset="31436431" timestamp="2015-05-25T06:52:28Z" user="sdivya" uid="2905508">
  <nd ref="3543372182"/>
  <nd ref="3543372179"/>
  <nd ref="3543372115"/>
  <nd ref="3543372118"/>
  <nd ref="3543372182"/>
  <tag k="building" v="yes"/>
 </way>
 <way id="348135051" visible="true" version="1" changeset="31436431" timestamp="2015-05-25T06:52:28Z" user="sdivya" uid="2905508">
  <nd ref="3543375130"/>
  <nd ref="3543375125"/>
  <nd ref="3543374890"/>
  <nd ref="3543375095"/>
  <nd ref="3543375130"/>
  <tag k="building" v="yes"/>
 </way>
 <way id="348135069" visible="true" version="1" changeset="31436431" timestamp="2015-05-25T06:52:28Z" user="sdivya" uid="2905508">
  <nd ref="3543372448"/>
  <nd ref="3543372436"/>
  <nd ref="3543372372"/>
  <nd ref="3543372377"/>
  <nd ref="3543372448"/>
  <tag k="building" v="yes"/>
 </way>
 <way id="348135081" visible="true" version="1" changeset="31436431" timestamp="2015-05-25T06:52:29Z" user="sdivya" uid="2905508">
  <nd ref="3543374857"/>
  <nd ref="3543374856"/>
  <nd ref="3543374830"/>
  <nd ref="3543374832"/>
  <nd ref="3543374857"/>
  <tag k="building" v="yes"/>
 </way>
 <way id="348135136" visible="true" version="1" changeset="31436431" timestamp="2015-05-25T06:52:30Z" user="sdivya" uid="2905508">
  <nd ref="3543372341"/>
  <nd ref="3543372330"/>
  <nd ref="3543372145"/>
  <nd ref="3543372154"/>
  <nd ref="3543372341"/>
  <tag k="building" v="yes"/>
 </way>
 <way id="348135172" visible="true" version="1" changeset="31436431" timestamp="2015-05-25T06:52:30Z" user="sdivya" uid="2905508">
  <nd ref="3543374828"/>
  <nd ref="3543374826"/>
  <nd ref="3543374811"/>
  <nd ref="3543374814"/>
  <nd ref="3543374828"/>
  <tag k="building" v="yes"/>
 </way>
 <way id="348135248" visible="true" version="1" changeset="31436431" timestamp="2015-05-25T06:52:32Z" user="sdivya" uid="2905508">
  <nd ref="3543375118"/>
  <nd ref="3543375109"/>
  <nd ref="3543374870"/>
  <nd ref="3543374877"/>
  <nd ref="3543375118"/>
  <tag k="building" v="yes"/>
 </way>
 <way id="348135341" visible="true" version="1" changeset="31436431" timestamp="2015-05-25T06:52:34Z" user="sdivya" uid="2905508">
  <nd ref="3543372514"/>
  <nd ref="3543372505"/>
  <nd ref="3543372457"/>
  <nd ref="3543372480"/>
  <nd ref="3543372514"/>
  <tag k="building" v="yes"/>
 </way>
 <way id="348135371" visible="true" version="1" changeset="31436431" timestamp="2015-05-25T06:52:35Z" user="sdivya" uid="2905508">
  <nd ref="3543372439"/>
  <nd ref="3543372435"/>
  <nd ref="3543372334"/>
  <nd ref="3543372338"/>
  <nd ref="3543372439"/>
  <tag k="building" v="yes"/>
 </way>
 <way id="348135387" visible="true" version="1" changeset="31436431" timestamp="2015-05-25T06:52:35Z" user="sdivya" uid="2905508">
  <nd ref="3543372520"/>
  <nd ref="3543372516"/>
  <nd ref="3543372445"/>
  <nd ref="3543372454"/>
  <nd ref="3543372520"/>
  <tag k="building" v="yes"/>
 </way>
 <way id="348135393" visible="true" version="1" changeset="31436431" timestamp="2015-05-25T06:52:35Z" user="sdivya" uid="2905508">
  <nd ref="3543374881"/>
  <nd ref="3543374872"/>
  <nd ref="3543374836"/>
  <nd ref="3543374844"/>
  <nd ref="3543374881"/>
  <tag k="building" v="yes"/>
 </way>
 <way id="348135401" visible="true" version="1" changeset="31436431" timestamp="2015-05-25T06:52:36Z" user="sdivya" uid="2905508">
  <nd ref="3543372786"/>
  <nd ref="3543372758"/>
  <nd ref="3543372357"/>
  <nd ref="3543372424"/>
  <nd ref="3543372786"/>
  <tag k="building" v="yes"/>
 </way>
 <way id="348135427" visible="true" version="1" changeset="31436431" timestamp="2015-05-25T06:52:36Z" user="sdivya" uid="2905508">
  <nd ref="3543372407"/>
  <nd ref="3543372375"/>
  <nd ref="3543372350"/>
  <nd ref="3543372373"/>
  <nd ref="3543372407"/>
  <tag k="building" v="yes"/>
 </way>
 <way id="348135429" visible="true" version="1" changeset="31436431" timestamp="2015-05-25T06:52:36Z" user="sdivya" uid="2905508">
  <nd ref="3543374880"/>
  <nd ref="3543374878"/>
  <nd ref="3543374838"/>
  <nd ref="3543374839"/>
  <nd ref="3543374880"/>
  <tag k="building" v="yes"/>
 </way>
 <way id="348135437" visible="true" version="1" changeset="31436431" timestamp="2015-05-25T06:52:36Z" user="sdivya" uid="2905508">
  <nd ref="3543372526"/>
  <nd ref="3543372522"/>
  <nd ref="3543372463"/>
  <nd ref="3543372476"/>
  <nd ref="3543372526"/>
  <tag k="building" v="yes"/>
 </way>
 <way id="348135455" visible="true" version="1" changeset="31436431" timestamp="2015-05-25T06:52:37Z" user="sdivya" uid="2905508">
  <nd ref="3543375136"/>
  <nd ref="3543375134"/>
  <nd ref="3543375096"/>
  <nd ref="3543375099"/>
  <nd ref="3543375136"/>
  <tag k="building" v="yes"/>
 </way>
 <way id="348135465" visible="true" version="1" changeset="31436431" timestamp="2015-05-25T06:52:37Z" user="sdivya" uid="2905508">
  <nd ref="3543372415"/>
  <nd ref="3543372410"/>
  <nd ref="3543372324"/>
  <nd ref="3543372331"/>
  <nd ref="3543372415"/>
  <tag k="building" v="yes"/>
 </way>
 <way id="348135470" visible="true" version="1" changeset="31436431" timestamp="2015-05-25T06:52:37Z" user="sdivya" uid="2905508">
  <nd ref="3543372494"/>
  <nd ref="3543372489"/>
  <nd ref="3543372391"/>
  <nd ref="3543372408"/>
  <nd ref="3543372494"/>
  <tag k="building" v="yes"/>
 </way>
 <way id="348135475" visible="true" version="1" changeset="31436431" timestamp="2015-05-25T06:52:38Z" user="sdivya" uid="2905508">
  <nd ref="3543372515"/>
  <nd ref="3543372512"/>
  <nd ref="3543372479"/>
  <nd ref="3543372461"/>
  <nd ref="3543372470"/>
  <nd ref="3543372467"/>
  <nd ref="3543372420"/>
  <nd ref="3543372432"/>
  <nd ref="3543372515"/>
  <tag k="building" v="yes"/>
 </way>
 <way id="349544832" visible="true" version="1" changeset="31527493" timestamp="2015-05-28T11:46:58Z" user="Apreethi" uid="2900372">
  <nd ref="3553940075"/>
  <nd ref="3553940074"/>
  <nd ref="3553940057"/>
  <nd ref="3553940063"/>
  <nd ref="3553940075"/>
  <tag k="building" v="yes"/>
 </way>
 <way id="349544833" visible="true" version="1" changeset="31527493" timestamp="2015-05-28T11:46:58Z" user="Apreethi" uid="2900372">
  <nd ref="3553940076"/>
  <nd ref="3553940062"/>
  <nd ref="3553940066"/>
  <nd ref="3553940079"/>
  <nd ref="3553940076"/>
  <tag k="building" v="yes"/>
 </way>
 <way id="349544845" visible="true" version="1" changeset="31527493" timestamp="2015-05-28T11:47:00Z" user="Apreethi" uid="2900372">
  <nd ref="3553940059"/>
  <nd ref="3553940045"/>
  <nd ref="3553940047"/>
  <nd ref="3553940064"/>
  <nd ref="3553940059"/>
  <tag k="building" v="yes"/>
 </way>
 <way id="349544872" visible="true" version="1" changeset="31527493" timestamp="2015-05-28T11:47:06Z" user="Apreethi" uid="2900372">
  <nd ref="3553940071"/>
  <nd ref="3553940051"/>
  <nd ref="3553940056"/>
  <nd ref="3553940072"/>
  <nd ref="3553940071"/>
  <tag k="building" v="yes"/>
 </way>
 <way id="349544883" visible="true" version="1" changeset="31527493" timestamp="2015-05-28T11:47:09Z" user="Apreethi" uid="2900372">
  <nd ref="3553940060"/>
  <nd ref="3553940055"/>
  <nd ref="3553940043"/>
  <nd ref="3553940044"/>
  <nd ref="3553940060"/>
  <tag k="building" v="yes"/>
 </way>
 <way id="349544886" visible="true" version="1" changeset="31527493" timestamp="2015-05-28T11:47:10Z" user="Apreethi" uid="2900372">
  <nd ref="3553940053"/>
  <nd ref="3553940041"/>
  <nd ref="3553940042"/>
  <nd ref="3553940058"/>
  <nd ref="3553940053"/>
  <tag k="building" v="yes"/>
 </way>
 <way id="350225111" visible="true" version="1" changeset="31596447" timestamp="2015-05-31T01:14:44Z" user="Apreethi" uid="2900372">
  <nd ref="3559817474"/>
  <nd ref="3559817473"/>
  <nd ref="3559817469"/>
  <nd ref="3559817470"/>
  <nd ref="3559817474"/>
  <tag k="building" v="yes"/>
 </way>
 <way id="352429575" visible="true" version="1" changeset="31833752" timestamp="2015-06-09T04:49:50Z" user="Apreethi" uid="2900372">
  <nd ref="3582322856"/>
  <nd ref="3582322859"/>
  <nd ref="3582322857"/>
  <nd ref="3582322854"/>
  <nd ref="3582322856"/>
  <tag k="building" v="yes"/>
 </way>
 <way id="352429580" visible="true" version="1" changeset="31833752" timestamp="2015-06-09T04:49:50Z" user="Apreethi" uid="2900372">
  <nd ref="3582322816"/>
  <nd ref="3582322815"/>
  <nd ref="3582322813"/>
  <nd ref="3582322814"/>
  <nd ref="3582322816"/>
  <tag k="building" v="yes"/>
 </way>
 <way id="352429593" visible="true" version="1" changeset="31833752" timestamp="2015-06-09T04:49:51Z" user="Apreethi" uid="2900372">
  <nd ref="3582322812"/>
  <nd ref="3582322811"/>
  <nd ref="3582322809"/>
  <nd ref="3582322810"/>
  <nd ref="3582322812"/>
  <tag k="building" v="yes"/>
 </way>
 <way id="363250335" visible="true" version="8" changeset="173345810" timestamp="2025-10-16T04:20:47Z" user="Vonter" uid="3926189">
  <nd ref="12300983109"/>
  <nd ref="12300983108"/>
  <nd ref="12300983107"/>
  <nd ref="12300983106"/>
  <nd ref="3674333676"/>
  <nd ref="3674333677"/>
  <nd ref="3674333678"/>
  <nd ref="3674333679"/>
  <nd ref="3674333680"/>
  <nd ref="3674333681"/>
  <nd ref="12323622080"/>
  <nd ref="12323622070"/>
  <nd ref="12323622079"/>
  <nd ref="12323622078"/>
  <nd ref="12323622077"/>
  <nd ref="12057048142"/>
  <nd ref="12057048141"/>
  <nd ref="12057048140"/>
  <nd ref="12057048139"/>
  <nd ref="12057048138"/>
  <nd ref="3674333687"/>
  <nd ref="3674333688"/>
  <nd ref="3674333689"/>
  <nd ref="3674333690"/>
  <nd ref="3674333691"/>
  <nd ref="3674333625"/>
  <nd ref="3674333626"/>
  <nd ref="3674333627"/>
  <nd ref="3674333628"/>
  <nd ref="3674333629"/>
  <nd ref="3674333630"/>
  <nd ref="3674333631"/>
  <nd ref="3674333632"/>
  <nd ref="3674333633"/>
  <nd ref="3674333634"/>
  <nd ref="3674333635"/>
  <nd ref="3674333636"/>
  <nd ref="3674333637"/>
  <nd ref="13235890878"/>
  <nd ref="3674333638"/>
  <nd ref="3674333639"/>
  <nd ref="3674333640"/>
  <nd ref="3674333641"/>
  <nd ref="3674333642"/>
  <nd ref="3674333643"/>
  <nd ref="3674333644"/>
  <nd ref="3674333645"/>
  <nd ref="3674333646"/>
  <nd ref="3674333647"/>
  <nd ref="3674333648"/>
  <nd ref="3674333649"/>
  <nd ref="3674333650"/>
  <nd ref="3674333651"/>
  <nd ref="3674333652"/>
  <nd ref="3674333658"/>
  <nd ref="3674333659"/>
  <nd ref="5810244728"/>
  <nd ref="3674333660"/>
  <nd ref="3674333661"/>
  <nd ref="3674333662"/>
  <nd ref="12629973250"/>
  <nd ref="12629973249"/>
  <nd ref="12629973248"/>
  <nd ref="12300983109"/>
  <tag k="landuse" v="farmland"/>
 </way>
 <way id="655840340" visible="true" version="3" changeset="174889758" timestamp="2025-11-20T04:28:20Z" user="SudhiH" uid="22556095">
  <nd ref="2146315594"/>
  <nd ref="2146315632"/>
  <nd ref="2146315673"/>
  <tag k="access" v="private"/>
  <tag k="foot" v="yes"/>
  <tag k="highway" v="footway"/>
 </way>
 <way id="768598925" visible="true" version="4" changeset="174889758" timestamp="2025-11-20T04:28:20Z" user="SudhiH" uid="22556095">
  <nd ref="7175540130"/>
  <nd ref="7371670147"/>
  <nd ref="7371670145"/>
  <nd ref="7175540126"/>
  <tag k="access" v="private"/>
  <tag k="foot" v="yes"/>
  <tag k="highway" v="footway"/>
  <tag k="motor_vehicle" v="yes"/>
 </way>
 <way id="779553100" visible="true" version="2" changeset="140213662" timestamp="2023-08-22T07:10:24Z" user="akshayn" uid="19376941">
  <nd ref="2146315481"/>
  <nd ref="7279481265"/>
  <nd ref="7279481253"/>
  <nd ref="7279481264"/>
  <nd ref="7279481263"/>
  <nd ref="7279481262"/>
  <nd ref="7279481261"/>
  <nd ref="7279481260"/>
  <nd ref="7279481254"/>
  <nd ref="7279481259"/>
  <nd ref="7279481258"/>
  <nd ref="7279481257"/>
  <nd ref="7279481256"/>
  <nd ref="7279481255"/>
  <tag k="access" v="private"/>
  <tag k="highway" v="service"/>
 </way>
 <way id="788462103" visible="true" version="2" changeset="173864767" timestamp="2025-10-28T04:51:37Z" user="manojkiccha" uid="19294160">
  <nd ref="7371541125"/>
  <nd ref="13264334389"/>
  <nd ref="7371541126"/>
  <nd ref="2247911887"/>
  <tag k="highway" v="residential"/>
  <tag k="source" v="digitalglobe"/>
 </way>
 <way id="788462104" visible="true" version="3" changeset="144545788" timestamp="2023-11-28T11:52:36Z" user="sakeebhussain" uid="19368709">
  <nd ref="2247911908"/>
  <nd ref="7371670115"/>
  <tag k="highway" v="residential"/>
  <tag k="source" v="digitalglobe"/>
 </way>
 <way id="788480046" visible="true" version="1" changeset="83140214" timestamp="2020-04-06T10:45:06Z" user="VLD213" uid="10882264">
  <nd ref="7371670115"/>
  <nd ref="7371670116"/>
  <tag k="highway" v="residential"/>
  <tag k="source" v="digitalglobe"/>
 </way>
 <way id="788480047" visible="true" version="1" changeset="83140214" timestamp="2020-04-06T10:45:06Z" user="VLD213" uid="10882264">
  <nd ref="7371670121"/>
  <nd ref="7371670122"/>
  <nd ref="7371670123"/>
  <nd ref="7371670124"/>
  <nd ref="2247911870"/>
  <tag k="highway" v="residential"/>
  <tag k="source" v="residential"/>
 </way>
 <way id="788480048" visible="true" version="1" changeset="83140214" timestamp="2020-04-06T10:45:06Z" user="VLD213" uid="10882264">
  <nd ref="7371670125"/>
  <nd ref="7371670126"/>
  <tag k="highway" v="residential"/>
  <tag k="source" v="digitalglobe"/>
 </way>
 <way id="788480049" visible="true" version="1" changeset="83140214" timestamp="2020-04-06T10:45:06Z" user="VLD213" uid="10882264">
  <nd ref="7371670120"/>
  <nd ref="7371670127"/>
  <tag k="highway" v="residential"/>
  <tag k="source" v="digitalglobe"/>
 </way>
 <way id="788480050" visible="true" version="1" changeset="83140214" timestamp="2020-04-06T10:45:06Z" user="VLD213" uid="10882264">
  <nd ref="7371670128"/>
  <nd ref="7371670129"/>
  <tag k="highway" v="residential"/>
  <tag k="source" v="digitalglobe"/>
 </way>
 <way id="788480051" visible="true" version="1" changeset="83140214" timestamp="2020-04-06T10:45:06Z" user="VLD213" uid="10882264">
  <nd ref="7371670130"/>
  <nd ref="7371670131"/>
  <tag k="highway" v="residential"/>
  <tag k="source" v="digitalglobe"/>
 </way>
 <way id="788480052" visible="true" version="1" changeset="83140214" timestamp="2020-04-06T10:45:06Z" user="VLD213" uid="10882264">
  <nd ref="7371670132"/>
  <nd ref="7371670133"/>
  <tag k="highway" v="residential"/>
  <tag k="source" v="digitalglobe"/>
 </way>
 <way id="788480053" visible="true" version="1" changeset="83140214" timestamp="2020-04-06T10:45:06Z" user="VLD213" uid="10882264">
  <nd ref="7371670134"/>
  <nd ref="7371670135"/>
  <tag k="highway" v="residential"/>
  <tag k="source" v="digitalglobe"/>
 </way>
 <way id="788480054" visible="true" version="1" changeset="83140214" timestamp="2020-04-06T10:45:06Z" user="VLD213" uid="10882264">
  <nd ref="7371670136"/>
  <nd ref="7371670137"/>
  <tag k="highway" v="residential"/>
  <tag k="source" v="digitalglobe"/>
 </way>
 <way id="788480055" visible="true" version="1" changeset="83140214" timestamp="2020-04-06T10:45:06Z" user="VLD213" uid="10882264">
  <nd ref="7371670138"/>
  <nd ref="7371670139"/>
  <tag k="highway" v="residential"/>
  <tag k="source" v="digitalglobe"/>
 </way>
 <way id="788480056" visible="true" version="3" changeset="128729761" timestamp="2022-11-10T11:46:24Z" user="Madhumita Nandi" uid="16294697">
  <nd ref="7371670140"/>
  <nd ref="10081898553"/>
  <nd ref="10173385464"/>
  <nd ref="7371670141"/>
  <tag k="highway" v="residential"/>
  <tag k="source" v="digitalglobe"/>
 </way>
 <way id="788480057" visible="true" version="4" changeset="174889758" timestamp="2025-11-20T04:28:20Z" user="SudhiH" uid="22556095">
  <nd ref="7371670142"/>
  <nd ref="7371670146"/>
  <nd ref="7371670144"/>
  <nd ref="7371670143"/>
  <tag k="access" v="private"/>
  <tag k="foot" v="yes"/>
  <tag k="highway" v="footway"/>
  <tag k="source" v="digitalglobe"/>
 </way>
 <way id="788480058" visible="true" version="4" changeset="174889758" timestamp="2025-11-20T04:28:20Z" user="SudhiH" uid="22556095">
  <nd ref="7371670144"/>
  <nd ref="7371670145"/>
  <tag k="access" v="private"/>
  <tag k="foot" v="yes"/>
  <tag k="highway" v="footway"/>
  <tag k="source" v="digitalglobe"/>
 </way>
 <way id="788480059" visible="true" version="4" changeset="174889758" timestamp="2025-11-20T04:28:20Z" user="SudhiH" uid="22556095">
  <nd ref="7371670146"/>
  <nd ref="7371670147"/>
  <tag k="access" v="private"/>
  <tag k="foot" v="yes"/>
  <tag k="highway" v="footway"/>
  <tag k="source" v="digitalglobe"/>
 </way>
 <way id="788480060" visible="true" version="3" changeset="174889758" timestamp="2025-11-20T04:28:20Z" user="SudhiH" uid="22556095">
  <nd ref="7371670148"/>
  <nd ref="7175540141"/>
  <tag k="access" v="private"/>
  <tag k="foot" v="yes"/>
  <tag k="highway" v="footway"/>
  <tag k="source" v="digitalglobe"/>
 </way>
 <way id="788480061" visible="true" version="3" changeset="174889758" timestamp="2025-11-20T04:28:20Z" user="SudhiH" uid="22556095">
  <nd ref="7371670149"/>
  <nd ref="7371670150"/>
  <tag k="access" v="private"/>
  <tag k="foot" v="yes"/>
  <tag k="highway" v="footway"/>
  <tag k="source" v="digitalglobe"/>
 </way>
 <way id="788480062" visible="true" version="2" changeset="140213662" timestamp="2023-08-22T07:10:24Z" user="akshayn" uid="19376941">
  <nd ref="7371670151"/>
  <nd ref="7371670152"/>
  <nd ref="7371670155"/>
  <nd ref="7371670153"/>
  <nd ref="7371670154"/>
  <tag k="access" v="private"/>
  <tag k="highway" v="service"/>
  <tag k="source" v="digitalglobe"/>
 </way>
 <way id="788487478" visible="true" version="1" changeset="83141472" timestamp="2020-04-06T11:07:25Z" user="VLD213" uid="10882264">
  <nd ref="7371761978"/>
  <nd ref="7371761979"/>
  <tag k="highway" v="residential"/>
  <tag k="source" v="digitalglobe"/>
 </way>
 <way id="788487479" visible="true" version="1" changeset="83141472" timestamp="2020-04-06T11:07:25Z" user="VLD213" uid="10882264">
  <nd ref="7371761980"/>
  <nd ref="7371761981"/>
  <nd ref="7371761982"/>
  <nd ref="7371761983"/>
  <nd ref="1851131654"/>
  <tag k="highway" v="residential"/>
  <tag k="source" v="digitalglobe"/>
 </way>
 <way id="788487486" visible="true" version="1" changeset="83141472" timestamp="2020-04-06T11:07:25Z" user="VLD213" uid="10882264">
  <nd ref="7371771202"/>
  <nd ref="7371771203"/>
  <tag k="highway" v="residential"/>
  <tag k="source" v="digitalglobe"/>
 </way>
 <way id="788487487" visible="true" version="1" changeset="83141472" timestamp="2020-04-06T11:07:25Z" user="VLD213" uid="10882264">
  <nd ref="7371771204"/>
  <nd ref="7371771206"/>
  <nd ref="1851131218"/>
  <tag k="highway" v="residential"/>
  <tag k="source" v="digitalglobe"/>
 </way>
 <way id="788487488" visible="true" version="1" changeset="83141472" timestamp="2020-04-06T11:07:25Z" user="VLD213" uid="10882264">
  <nd ref="1851131334"/>
  <nd ref="7371771205"/>
  <tag k="highway" v="residential"/>
  <tag k="source" v="digitalglobe"/>
 </way>
 <way id="788487489" visible="true" version="1" changeset="83141472" timestamp="2020-04-06T11:07:25Z" user="VLD213" uid="10882264">
  <nd ref="1851131326"/>
  <nd ref="7371771208"/>
  <tag k="highway" v="residential"/>
  <tag k="source" v="digitalglobe"/>
 </way>
 <way id="1101720975" visible="true" version="1" changeset="127151540" timestamp="2022-10-07T12:57:10Z" user="Madhumita Nandi" uid="16294697">
  <nd ref="10081898570"/>
  <nd ref="10081898571"/>
  <tag k="highway" v="residential"/>
 </way>
 <way id="1101720976" visible="true" version="1" changeset="127151540" timestamp="2022-10-07T12:57:10Z" user="Madhumita Nandi" uid="16294697">
  <nd ref="10081898572"/>
  <nd ref="10081898573"/>
  <tag k="highway" v="residential"/>
 </way>
 <way id="1101720977" visible="true" version="1" changeset="127151540" timestamp="2022-10-07T12:57:10Z" user="Madhumita Nandi" uid="16294697">
  <nd ref="10081898574"/>
  <nd ref="10081898575"/>
  <tag k="highway" v="residential"/>
 </way>
 <way id="1112005707" visible="true" version="1" changeset="128729761" timestamp="2022-11-10T11:46:24Z" user="Madhumita Nandi" uid="16294697">
  <nd ref="10173385463"/>
  <nd ref="10173385464"/>
  <tag k="highway" v="residential"/>
 </way>
 <way id="1112006547" visible="true" version="2" changeset="141142671" timestamp="2023-09-12T05:00:35Z" user="mansoorkhankhan" uid="19574799">
  <nd ref="10173419733"/>
  <nd ref="10173419734"/>
  <nd ref="11184951005"/>
  <nd ref="7371670141"/>
  <tag k="highway" v="residential"/>
 </way>
 <way id="1112008837" visible="true" version="6" changeset="174889758" timestamp="2025-11-20T04:28:20Z" user="SudhiH" uid="22556095">
  <nd ref="10173416462"/>
  <nd ref="11359596661"/>
  <nd ref="10173416463"/>
  <tag k="access" v="private"/>
  <tag k="foot" v="yes"/>
  <tag k="highway" v="footway"/>
  <tag k="incline" v="down"/>
 </way>
 <way id="1112012354" visible="true" version="2" changeset="131505735" timestamp="2023-01-20T12:05:24Z" user="nileshdhandak" uid="16638013">
  <nd ref="10173457991"/>
  <nd ref="10570396582"/>
  <nd ref="10173457992"/>
  <nd ref="10173458002"/>
  <nd ref="10173457993"/>
  <nd ref="10173457994"/>
  <nd ref="10173457995"/>
  <nd ref="10173457996"/>
  <nd ref="10173457997"/>
  <nd ref="10173457998"/>
  <nd ref="10173457999"/>
  <nd ref="10173458000"/>
  <tag k="access" v="private"/>
  <tag k="highway" v="service"/>
 </way>
 <way id="1112014896" visible="true" version="1" changeset="128731489" timestamp="2022-11-10T12:24:04Z" user="Madhumita Nandi" uid="16294697">
  <nd ref="10173482507"/>
  <nd ref="10173482508"/>
  <tag k="highway" v="residential"/>
 </way>
 <way id="1112017306" visible="true" version="1" changeset="128731921" timestamp="2022-11-10T12:33:16Z" user="Madhumita Nandi" uid="16294697">
  <nd ref="10173510717"/>
  <nd ref="10173510718"/>
  <tag k="highway" v="residential"/>
 </way>
 <way id="1120154292" visible="true" version="2" changeset="163114073" timestamp="2025-03-02T09:40:08Z" user="Vonter" uid="3926189">
  <nd ref="3674333661"/>
  <nd ref="10245038207"/>
  <nd ref="10245038206"/>
  <nd ref="10245038205"/>
  <nd ref="10245038204"/>
  <nd ref="10245038203"/>
  <nd ref="10245038202"/>
  <nd ref="10245038201"/>
  <nd ref="10245038200"/>
  <nd ref="10245038199"/>
  <nd ref="10245038198"/>
  <nd ref="10245038197"/>
  <nd ref="12629973247"/>
  <nd ref="12300983109"/>
  <nd ref="12629973248"/>
  <nd ref="12629973249"/>
  <nd ref="12629973250"/>
  <nd ref="3674333662"/>
  <nd ref="3674333661"/>
  <tag k="addr:city" v="Bangalore"/>
  <tag k="addr:country" v="IN"/>
  <tag k="addr:housename" v="RNSIT"/>
  <tag k="addr:postcode" v="560098"/>
  <tag k="addr:street" v="Uttarahalli Kengeri Main Road"/>
  <tag k="alt_name" v="RNSIT"/>
  <tag k="amenity" v="college"/>
  <tag k="contact:fax" v="+918028611882"/>
  <tag k="contact:phone" v="+918028611880"/>
  <tag k="contact:website" v="http://rnsit.ac.in/"/>
  <tag k="name" v="RNS Institute of Technology"/>
  <tag k="source" v="Local knowledge"/>
  <tag k="wikidata" v="Q7277277"/>
  <tag k="wikipedia" v="en:RNS Institute of Technology"/>
 </way>
 <way id="1183883496" visible="true" version="4" changeset="174889758" timestamp="2025-11-20T04:28:20Z" user="SudhiH" uid="22556095">
  <nd ref="2146315566"/>
  <nd ref="10994306996"/>
  <nd ref="7175540133"/>
  <tag k="access" v="private"/>
  <tag k="foot" v="yes"/>
  <tag k="highway" v="footway"/>
 </way>
 <way id="1220433193" visible="true" version="1" changeset="143558069" timestamp="2023-11-03T05:27:19Z" user="neharikas" uid="18812446">
  <nd ref="10081898554"/>
  <nd ref="10168232309"/>
  <tag k="highway" v="residential"/>
 </way>
 <way id="1224937858" visible="true" version="3" changeset="155265840" timestamp="2024-08-15T04:27:08Z" user="uknown-gryphus" uid="2425805">
  <nd ref="11359596655"/>
  <nd ref="11359596656"/>
  <nd ref="11359596657"/>
  <nd ref="11359596658"/>
  <nd ref="11359596659"/>
  <nd ref="11359596660"/>
  <nd ref="11359596655"/>
  <tag k="historic" v="memorial"/>
  <tag k="material" v="stone"/>
  <tag k="memorial" v="statue"/>
  <tag k="name" v="RN Shetty Statue"/>
  <tag k="subject" v="RN Shetty"/>
  <tag k="subject:wikidata" v="Q7273875"/>
 </way>
 <way id="1224937859" visible="true" version="4" changeset="181046975" timestamp="2026-04-08T12:25:53Z" user="googlenaut" uid="519916">
  <nd ref="13625161555"/>
  <nd ref="11359596663"/>
  <nd ref="11359596664"/>
  <nd ref="11359596665"/>
  <nd ref="11359596666"/>
  <nd ref="11359596667"/>
  <nd ref="13625161554"/>
  <nd ref="13625161555"/>
  <tag k="amenity" v="conference_centre"/>
  <tag k="building" v="yes"/>
  <tag k="internet_access" v="yes"/>
  <tag k="internet_access:fee" v="no"/>
  <tag k="level" v="0"/>
  <tag k="name" v="RNSIT auditorium"/>
 </way>
 <way id="1224941276" visible="true" version="2" changeset="145985756" timestamp="2024-01-07T10:59:35Z" user="arjunaraoc" uid="2742073">
  <nd ref="3543372786"/>
  <nd ref="3543372390"/>
  <nd ref="3543372017"/>
  <nd ref="3543371955"/>
  <nd ref="3543372339"/>
  <nd ref="3543372758"/>
  <nd ref="3543372786"/>
  <tag k="addr:city" v="Bangalore"/>
  <tag k="building" v="yes"/>
  <tag k="building:levels" v="4"/>
  <tag k="layer" v="1"/>
  <tag k="name" v="RNS International School"/>
 </way>
 <way id="1224941277" visible="true" version="4" changeset="150577105" timestamp="2024-04-27T12:14:21Z" user="Jorisbo" uid="1983103">
  <nd ref="11359618094"/>
  <nd ref="11359618096"/>
  <nd ref="11359618097"/>
  <nd ref="11359618099"/>
  <nd ref="11359618094"/>
  <tag k="access" v="students"/>
  <tag k="hoops" v="2"/>
  <tag k="leisure" v="pitch"/>
  <tag k="lit" v="no"/>
  <tag k="name" v="Basketball Court"/>
  <tag k="name:kn" v="ಬಾಸ್ಕೆಟ್ ಬಾಲ್"/>
  <tag k="sport" v="basketball"/>
  <tag k="surface" v="paved"/>
 </way>
 <way id="1329553337" visible="true" version="2" changeset="163114073" timestamp="2025-03-02T09:40:08Z" user="Vonter" uid="3926189">
  <nd ref="12300983106"/>
  <nd ref="12300983096"/>
  <nd ref="12300983095"/>
  <nd ref="12300983094"/>
  <nd ref="12300983093"/>
  <nd ref="12300983092"/>
  <nd ref="12300983091"/>
  <nd ref="12629973247"/>
  <nd ref="12300983109"/>
  <nd ref="12300983108"/>
  <nd ref="12300983107"/>
  <nd ref="12300983106"/>
  <tag k="landuse" v="construction"/>
 </way>
 <way id="1363986210" visible="true" version="1" changeset="163114073" timestamp="2025-03-02T09:40:08Z" user="Vonter" uid="3926189">
  <nd ref="12629973242"/>
  <nd ref="12629973239"/>
  <nd ref="12629973240"/>
  <nd ref="12629973241"/>
  <nd ref="12629973242"/>
  <tag k="building" v="yes"/>
 </way>
 <way id="1363986211" visible="true" version="1" changeset="163114073" timestamp="2025-03-02T09:40:08Z" user="Vonter" uid="3926189">
  <nd ref="12629973246"/>
  <nd ref="12629973245"/>
  <nd ref="12629973244"/>
  <nd ref="12629973243"/>
  <nd ref="12629973246"/>
  <tag k="building" v="yes"/>
 </way>
 <way id="1368341311" visible="true" version="3" changeset="173870161" timestamp="2025-10-28T08:08:55Z" user="manojkiccha" uid="19294160">
  <nd ref="560643943"/>
  <nd ref="13245148855"/>
  <nd ref="2250668666"/>
  <nd ref="13264522965"/>
  <nd ref="7371761980"/>
  <nd ref="1838767555"/>
  <nd ref="1835344163"/>
  <nd ref="1851131800"/>
  <nd ref="1838767557"/>
  <nd ref="560643939"/>
  <nd ref="6167910194"/>
  <nd ref="560643938"/>
  <nd ref="10081898574"/>
  <nd ref="10081898572"/>
  <nd ref="10081898570"/>
  <nd ref="10168232309"/>
  <tag k="alt_name" v="Uttarahalli-Kengeri Road"/>
  <tag k="highway" v="secondary"/>
  <tag k="name" v="Dr. Vishnuvardhan Road"/>
  <tag k="name:etymology:wikidata" v="Q2097394"/>
  <tag k="name:kn" v="ಡಾ. ವಿಷ್ಣುವರ್ಧನ್ ರಸ್ತೆ"/>
  <tag k="old_name" v="Uttarahalli Road"/>
  <tag k="old_name:kn" v="ಉತ್ತರಹಳ್ಳಿ ಕೆಂಗೇರಿ ರಸ್ತೆ"/>
 </way>
 <way id="1445707373" visible="true" version="1" changeset="173868490" timestamp="2025-10-28T07:22:40Z" user="manojkiccha" uid="19294160">
  <nd ref="7371771207"/>
  <nd ref="13264480613"/>
  <tag k="highway" v="residential"/>
 </way>
 <way id="1445709956" visible="true" version="1" changeset="173869241" timestamp="2025-10-28T07:43:08Z" user="manojkiccha" uid="19294160">
  <nd ref="13264494774"/>
  <nd ref="13264494775"/>
  <tag k="highway" v="residential"/>
 </way>
 <way id="1453722248" visible="true" version="1" changeset="175125404" timestamp="2025-11-25T19:36:00Z" user="Vonter" uid="3926189">
  <nd ref="13332304708"/>
  <nd ref="13332304707"/>
  <nd ref="13332304706"/>
  <nd ref="13332304705"/>
  <nd ref="13332304704"/>
  <nd ref="13332304703"/>
  <nd ref="13332304702"/>
  <nd ref="13332304701"/>
  <nd ref="13332304700"/>
  <nd ref="13332304699"/>
  <nd ref="13332304698"/>
  <nd ref="13332304697"/>
  <nd ref="13332304696"/>
  <nd ref="13332304695"/>
  <nd ref="13332304694"/>
  <nd ref="13332304693"/>
  <nd ref="13332304692"/>
  <nd ref="13332304691"/>
  <nd ref="13332304690"/>
  <nd ref="13332304689"/>
  <nd ref="13332304688"/>
  <nd ref="13332304687"/>
  <nd ref="13332304686"/>
  <nd ref="13332304685"/>
  <nd ref="13332304684"/>
  <nd ref="13332304683"/>
  <nd ref="13332304682"/>
  <nd ref="13332304681"/>
  <nd ref="13332304680"/>
  <nd ref="13332304679"/>
  <nd ref="13332304678"/>
  <nd ref="13332304677"/>
  <nd ref="13332304676"/>
  <nd ref="13332304675"/>
  <nd ref="13332304674"/>
  <nd ref="13332304673"/>
  <nd ref="13332304672"/>
  <nd ref="13332304671"/>
  <nd ref="13332304670"/>
  <nd ref="13332304669"/>
  <nd ref="13332304668"/>
  <nd ref="13332304667"/>
  <nd ref="13332304666"/>
  <nd ref="13332304665"/>
  <nd ref="13332304664"/>
  <nd ref="13332304663"/>
  <nd ref="13332304662"/>
  <nd ref="13332304661"/>
  <nd ref="13332304660"/>
  <nd ref="13332304659"/>
  <nd ref="13332304658"/>
  <nd ref="13332304657"/>
  <nd ref="13332304656"/>
  <nd ref="13332304655"/>
  <nd ref="13332304654"/>
  <nd ref="13332304653"/>
  <nd ref="13332304652"/>
 </way>
 <way id="1486312654" visible="true" version="1" changeset="179496733" timestamp="2026-03-07T15:08:41Z" user="Aditya Chokkanahalli" uid="23910149">
  <nd ref="13625161548"/>
  <nd ref="13625161549"/>
  <nd ref="13625161550"/>
  <nd ref="6144323509"/>
  <nd ref="13625161551"/>
  <nd ref="13625161548"/>
  <tag k="amenity" v="motorcycle_parking"/>
  <tag k="capacity" v="0"/>
 </way>
 <way id="1486312655" visible="true" version="2" changeset="179497047" timestamp="2026-03-07T15:16:07Z" user="Aditya Chokkanahalli" uid="23910149">
  <nd ref="11359596662"/>
  <nd ref="13625161554"/>
  <nd ref="13625161555"/>
  <nd ref="11359596661"/>
  <nd ref="11359596662"/>
  <tag k="amenity" v="fast_food"/>
  <tag k="building" v="yes"/>
  <tag k="cuisine" v="chinese;north_indian;south_indian;snacks"/>
  <tag k="diet:vegetarian" v="yes"/>
  <tag k="fast_food" v="cafeteria"/>
  <tag k="level" v="-1"/>
  <tag k="name" v="Canteen"/>
 </way>
 <way id="1486312656" visible="true" version="1" changeset="179496733" timestamp="2026-03-07T15:08:41Z" user="Aditya Chokkanahalli" uid="23910149">
  <nd ref="13625161556"/>
  <nd ref="13625161557"/>
  <nd ref="13625161558"/>
  <nd ref="13625161559"/>
  <nd ref="13625161556"/>
  <tag k="building" v="yes"/>
  <tag k="building:levels" v="4"/>
  <tag k="name" v="RNSIT Civil and AIML Block"/>
 </way>
 <relation id="8591663" visible="true" version="154" changeset="173345658" timestamp="2025-10-16T04:13:29Z" user="Vonter" uid="3926189">
  <member type="relation" ref="6693760" role=""/>
  <member type="relation" ref="7322352" role=""/>
  <member type="relation" ref="8446422" role=""/>
  <member type="relation" ref="8446688" role=""/>
  <member type="relation" ref="8446758" role=""/>
  <member type="relation" ref="8447720" role=""/>
  <member type="relation" ref="8447715" role=""/>
  <member type="relation" ref="10601097" role=""/>
  <member type="relation" ref="9740192" role=""/>
  <member type="relation" ref="9740171" role=""/>
  <member type="relation" ref="9740170" role=""/>
  <member type="relation" ref="9740169" role=""/>
  <member type="relation" ref="9740168" role=""/>
  <member type="relation" ref="9740032" role=""/>
  <member type="relation" ref="9740191" role=""/>
  <member type="relation" ref="9740190" role=""/>
  <member type="relation" ref="9740166" role=""/>
  <member type="relation" ref="9740167" role=""/>
  <member type="relation" ref="9740165" role=""/>
  <member type="relation" ref="9740189" role=""/>
  <member type="relation" ref="9740164" role=""/>
  <member type="relation" ref="9740163" role=""/>
  <member type="relation" ref="9740162" role=""/>
  <member type="relation" ref="9740188" role=""/>
  <member type="relation" ref="9740161" role=""/>
  <member type="relation" ref="9740160" role=""/>
  <member type="relation" ref="9740159" role=""/>
  <member type="relation" ref="9740158" role=""/>
  <member type="relation" ref="10587666" role=""/>
  <member type="relation" ref="9740187" role=""/>
  <member type="relation" ref="17802249" role=""/>
  <member type="relation" ref="17802248" role=""/>
  <member type="relation" ref="9740157" role=""/>
  <member type="relation" ref="9740156" role=""/>
  <member type="relation" ref="9740155" role=""/>
  <member type="relation" ref="10601120" role=""/>
  <member type="relation" ref="9740154" role=""/>
  <member type="relation" ref="9740153" role=""/>
  <member type="relation" ref="9740152" role=""/>
  <member type="relation" ref="9740151" role=""/>
  <member type="relation" ref="9740150" role=""/>
  <member type="relation" ref="9740149" role=""/>
  <member type="relation" ref="9740148" role=""/>
  <member type="relation" ref="18570460" role=""/>
  <member type="relation" ref="18570445" role=""/>
  <member type="relation" ref="9385446" role=""/>
  <member type="relation" ref="17802874" role=""/>
  <member type="relation" ref="17802882" role=""/>
  <member type="relation" ref="8591662" role=""/>
  <member type="relation" ref="9385456" role=""/>
  <member type="relation" ref="8591661" role=""/>
  <member type="relation" ref="7354819" role=""/>
  <member type="relation" ref="9385437" role=""/>
  <member type="relation" ref="9407362" role=""/>
  <member type="relation" ref="9385463" role=""/>
  <member type="relation" ref="9385442" role=""/>
  <member type="relation" ref="8591660" role=""/>
  <member type="relation" ref="9385482" role=""/>
  <member type="relation" ref="19292703" role=""/>
  <member type="relation" ref="9740147" role=""/>
  <member type="relation" ref="10625116" role=""/>
  <member type="relation" ref="9416616" role=""/>
  <member type="relation" ref="9740146" role=""/>
  <member type="relation" ref="8591659" role=""/>
  <member type="relation" ref="9744384" role=""/>
  <member type="relation" ref="9744383" role=""/>
  <member type="relation" ref="9228270" role=""/>
  <member type="relation" ref="9744382" role=""/>
  <member type="relation" ref="9417034" role=""/>
  <member type="relation" ref="9740145" role=""/>
  <member type="relation" ref="9740186" role=""/>
  <member type="relation" ref="9740144" role=""/>
  <member type="relation" ref="9740185" role=""/>
  <member type="relation" ref="9740184" role=""/>
  <member type="relation" ref="9417033" role=""/>
  <member type="relation" ref="18481315" role=""/>
  <member type="relation" ref="9412884" role=""/>
  <member type="relation" ref="9740143" role=""/>
  <member type="relation" ref="8447777" role=""/>
  <member type="relation" ref="8447764" role=""/>
  <member type="relation" ref="8593147" role=""/>
  <member type="relation" ref="8593148" role=""/>
  <member type="relation" ref="8593146" role=""/>
  <member type="relation" ref="9225303" role=""/>
  <member type="relation" ref="8593144" role=""/>
  <member type="relation" ref="8593133" role=""/>
  <member type="relation" ref="8593143" role=""/>
  <member type="relation" ref="8593142" role=""/>
  <member type="relation" ref="8593141" role=""/>
  <member type="relation" ref="8593140" role=""/>
  <member type="relation" ref="8593139" role=""/>
  <member type="relation" ref="8593138" role=""/>
  <member type="relation" ref="8593137" role=""/>
  <member type="relation" ref="8593136" role=""/>
  <member type="relation" ref="8593135" role=""/>
  <member type="relation" ref="8593134" role=""/>
  <member type="relation" ref="19336805" role=""/>
  <member type="relation" ref="8593127" role=""/>
  <member type="relation" ref="8593132" role=""/>
  <member type="relation" ref="8593131" role=""/>
  <member type="relation" ref="8593130" role=""/>
  <member type="relation" ref="8593129" role=""/>
  <member type="relation" ref="9740142" role=""/>
  <member type="relation" ref="9228168" role=""/>
  <member type="relation" ref="9740141" role=""/>
  <member type="relation" ref="9234820" role=""/>
  <member type="relation" ref="9231890" role=""/>
  <member type="relation" ref="9416615" role=""/>
  <member type="relation" ref="8593121" role=""/>
  <member type="relation" ref="8593126" role=""/>
  <member type="relation" ref="8593125" role=""/>
  <member type="relation" ref="8593123" role=""/>
  <member type="relation" ref="8593124" role=""/>
  <member type="relation" ref="8593122" role=""/>
  <member type="relation" ref="19719315" role=""/>
  <member type="relation" ref="9234769" role=""/>
  <member type="relation" ref="8593100" role=""/>
  <member type="relation" ref="8593120" role=""/>
  <member type="relation" ref="8593119" role=""/>
  <member type="relation" ref="8593118" role=""/>
  <member type="relation" ref="8593117" role=""/>
  <member type="relation" ref="8593116" role=""/>
  <member type="relation" ref="8593115" role=""/>
  <member type="relation" ref="8593114" role=""/>
  <member type="relation" ref="9740140" role=""/>
  <member type="relation" ref="9417032" role=""/>
  <member type="relation" ref="7784213" role=""/>
  <member type="relation" ref="8593112" role=""/>
  <member type="relation" ref="8593113" role=""/>
  <member type="relation" ref="8593111" role=""/>
  <member type="relation" ref="7586676" role=""/>
  <member type="relation" ref="8593110" role=""/>
  <member type="relation" ref="9417031" role=""/>
  <member type="relation" ref="8593109" role=""/>
  <member type="relation" ref="8593108" role=""/>
  <member type="relation" ref="8593106" role=""/>
  <member type="relation" ref="8593105" role=""/>
  <member type="relation" ref="8593104" role=""/>
  <member type="relation" ref="8593102" role=""/>
  <member type="relation" ref="8593103" role=""/>
  <member type="relation" ref="8593101" role=""/>
  <member type="relation" ref="9417030" role=""/>
  <member type="relation" ref="9417029" role=""/>
  <member type="relation" ref="9417028" role=""/>
  <member type="relation" ref="9417027" role=""/>
  <member type="relation" ref="9417026" role=""/>
  <member type="relation" ref="9242269" role=""/>
  <member type="relation" ref="9417025" role=""/>
  <member type="relation" ref="9417024" role=""/>
  <member type="relation" ref="9234795" role=""/>
  <member type="relation" ref="9417023" role=""/>
  <member type="relation" ref="9417022" role=""/>
  <member type="relation" ref="9417021" role=""/>
  <member type="relation" ref="9417020" role=""/>
  <member type="relation" ref="9417019" role=""/>
  <member type="relation" ref="9417018" role=""/>
  <member type="relation" ref="9417017" role=""/>
  <member type="relation" ref="9417016" role=""/>
  <member type="relation" ref="9417015" role=""/>
  <member type="relation" ref="9242339" role=""/>
  <member type="relation" ref="9417014" role=""/>
  <member type="relation" ref="9417013" role=""/>
  <member type="relation" ref="9417012" role=""/>
  <member type="relation" ref="9417011" role=""/>
  <member type="relation" ref="9417010" role=""/>
  <member type="relation" ref="9417009" role=""/>
  <member type="relation" ref="9417008" role=""/>
  <member type="relation" ref="9417007" role=""/>
  <member type="relation" ref="9417006" role=""/>
  <member type="relation" ref="9417005" role=""/>
  <member type="relation" ref="9417004" role=""/>
  <member type="relation" ref="9417003" role=""/>
  <member type="relation" ref="9417002" role=""/>
  <member type="relation" ref="9417001" role=""/>
  <member type="relation" ref="9417000" role=""/>
  <member type="relation" ref="9416999" role=""/>
  <member type="relation" ref="9416998" role=""/>
  <member type="relation" ref="9416997" role=""/>
  <member type="relation" ref="9416996" role=""/>
  <member type="relation" ref="9416995" role=""/>
  <member type="relation" ref="9416994" role=""/>
  <member type="relation" ref="9416993" role=""/>
  <member type="relation" ref="9416992" role=""/>
  <member type="relation" ref="9416991" role=""/>
  <member type="relation" ref="9416990" role=""/>
  <member type="relation" ref="9416989" role=""/>
  <member type="relation" ref="9416988" role=""/>
  <member type="relation" ref="9416987" role=""/>
  <member type="relation" ref="9416986" role=""/>
  <member type="relation" ref="9416985" role=""/>
  <member type="relation" ref="9416984" role=""/>
  <member type="relation" ref="9416983" role=""/>
  <member type="relation" ref="9416982" role=""/>
  <member type="relation" ref="9416981" role=""/>
  <member type="relation" ref="9416980" role=""/>
  <member type="relation" ref="9416979" role=""/>
  <member type="relation" ref="9416978" role=""/>
  <member type="relation" ref="9416977" role=""/>
  <member type="relation" ref="9416976" role=""/>
  <member type="relation" ref="9416975" role=""/>
  <member type="relation" ref="9234758" role=""/>
  <member type="relation" ref="9740139" role=""/>
  <member type="relation" ref="9416647" role=""/>
  <member type="relation" ref="9416646" role=""/>
  <member type="relation" ref="9416645" role=""/>
  <member type="relation" ref="9416644" role=""/>
  <member type="relation" ref="9416643" role=""/>
  <member type="relation" ref="9740183" role=""/>
  <member type="relation" ref="8591658" role=""/>
  <member type="relation" ref="9416642" role=""/>
  <member type="relation" ref="9416614" role=""/>
  <member type="relation" ref="9416613" role=""/>
  <member type="relation" ref="7359152" role=""/>
  <member type="relation" ref="9416641" role=""/>
  <member type="relation" ref="9416640" role=""/>
  <member type="relation" ref="9416612" role=""/>
  <member type="relation" ref="9416611" role=""/>
  <member type="relation" ref="9416610" role=""/>
  <member type="relation" ref="9416609" role=""/>
  <member type="relation" ref="9416608" role=""/>
  <member type="relation" ref="9740138" role=""/>
  <member type="relation" ref="9740137" role=""/>
  <member type="relation" ref="8591657" role=""/>
  <member type="relation" ref="9740182" role=""/>
  <member type="relation" ref="9385460" role=""/>
  <member type="relation" ref="9740136" role=""/>
  <member type="relation" ref="9740135" role=""/>
  <member type="relation" ref="9416639" role=""/>
  <member type="relation" ref="9416638" role=""/>
  <member type="relation" ref="9416637" role=""/>
  <member type="relation" ref="9416636" role=""/>
  <member type="relation" ref="9416635" role=""/>
  <member type="relation" ref="9416634" role=""/>
  <member type="relation" ref="9416633" role=""/>
  <member type="relation" ref="9416632" role=""/>
  <member type="relation" ref="9416631" role=""/>
  <member type="relation" ref="9416630" role=""/>
  <member type="relation" ref="9416629" role=""/>
  <member type="relation" ref="9416628" role=""/>
  <member type="relation" ref="9416627" role=""/>
  <member type="relation" ref="9416626" role=""/>
  <member type="relation" ref="9416625" role=""/>
  <member type="relation" ref="18481391" role=""/>
  <member type="relation" ref="9412883" role=""/>
  <member type="relation" ref="9412882" role=""/>
  <member type="relation" ref="9412881" role=""/>
  <member type="relation" ref="9412880" role=""/>
  <member type="relation" ref="9412877" role=""/>
  <member type="relation" ref="9412875" role=""/>
  <member type="relation" ref="9412874" role=""/>
  <member type="relation" ref="9412873" role=""/>
  <member type="relation" ref="9412872" role=""/>
  <member type="relation" ref="9412871" role=""/>
  <member type="relation" ref="9412870" role=""/>
  <member type="relation" ref="9412869" role=""/>
  <member type="relation" ref="9412868" role=""/>
  <member type="relation" ref="9385434" role=""/>
  <member type="relation" ref="9412867" role=""/>
  <member type="relation" ref="9412866" role=""/>
  <member type="relation" ref="9412865" role=""/>
  <member type="relation" ref="9412864" role=""/>
  <member type="relation" ref="9412863" role=""/>
  <member type="relation" ref="9412862" role=""/>
  <member type="relation" ref="9412861" role=""/>
  <member type="relation" ref="9385453" role=""/>
  <member type="relation" ref="9412860" role=""/>
  <member type="relation" ref="9412859" role=""/>
  <member type="relation" ref="9412858" role=""/>
  <member type="relation" ref="9412857" role=""/>
  <member type="relation" ref="9412856" role=""/>
  <member type="relation" ref="9412855" role=""/>
  <member type="relation" ref="9412854" role=""/>
  <member type="relation" ref="6856311" role=""/>
  <member type="relation" ref="9412853" role=""/>
  <member type="relation" ref="9385450" role=""/>
  <member type="relation" ref="9412852" role=""/>
  <member type="relation" ref="9412851" role=""/>
  <member type="relation" ref="9412850" role=""/>
  <member type="relation" ref="9412849" role=""/>
  <member type="relation" ref="9412848" role=""/>
  <member type="relation" ref="9412847" role=""/>
  <member type="relation" ref="9412846" role=""/>
  <member type="relation" ref="9412845" role=""/>
  <member type="relation" ref="9412844" role=""/>
  <member type="relation" ref="9412843" role=""/>
  <member type="relation" ref="9412842" role=""/>
  <member type="relation" ref="9412841" role=""/>
  <member type="relation" ref="9412840" role=""/>
  <member type="relation" ref="9412839" role=""/>
  <member type="relation" ref="9412838" role=""/>
  <member type="relation" ref="9412837" role=""/>
  <member type="relation" ref="9412836" role=""/>
  <member type="relation" ref="9412835" role=""/>
  <member type="relation" ref="9412834" role=""/>
  <member type="relation" ref="9412833" role=""/>
  <member type="relation" ref="9412832" role=""/>
  <member type="relation" ref="9412831" role=""/>
  <member type="relation" ref="9412830" role=""/>
  <member type="relation" ref="9412829" role=""/>
  <member type="relation" ref="9412828" role=""/>
  <member type="relation" ref="9412827" role=""/>
  <member type="relation" ref="9412826" role=""/>
  <member type="relation" ref="9412825" role=""/>
  <member type="relation" ref="9412824" role=""/>
  <member type="relation" ref="9412768" role=""/>
  <member type="relation" ref="18550302" role=""/>
  <member type="relation" ref="9412823" role=""/>
  <member type="relation" ref="9412822" role=""/>
  <member type="relation" ref="9412821" role=""/>
  <member type="relation" ref="9412820" role=""/>
  <member type="relation" ref="9412819" role=""/>
  <member type="relation" ref="9412818" role=""/>
  <member type="relation" ref="9412817" role=""/>
  <member type="relation" ref="9412816" role=""/>
  <member type="relation" ref="9385448" role=""/>
  <member type="relation" ref="9385445" role=""/>
  <member type="relation" ref="9412815" role=""/>
  <member type="relation" ref="9412814" role=""/>
  <member type="relation" ref="9385474" role=""/>
  <member type="relation" ref="9412813" role=""/>
  <member type="relation" ref="9412812" role=""/>
  <member type="relation" ref="9412811" role=""/>
  <member type="relation" ref="9412810" role=""/>
  <member type="relation" ref="9412809" role=""/>
  <member type="relation" ref="9412808" role=""/>
  <member type="relation" ref="9412767" role=""/>
  <member type="relation" ref="9412807" role=""/>
  <member type="relation" ref="9412806" role=""/>
  <member type="relation" ref="9412805" role=""/>
  <member type="relation" ref="9412804" role=""/>
  <member type="relation" ref="9412803" role=""/>
  <member type="relation" ref="9412802" role=""/>
  <member type="relation" ref="9412801" role=""/>
  <member type="relation" ref="9412800" role=""/>
  <member type="relation" ref="9412799" role=""/>
  <member type="relation" ref="9412798" role=""/>
  <member type="relation" ref="9412797" role=""/>
  <member type="relation" ref="9412796" role=""/>
  <member type="relation" ref="9412795" role=""/>
  <member type="relation" ref="9412794" role=""/>
  <member type="relation" ref="9412793" role=""/>
  <member type="relation" ref="8591656" role=""/>
  <member type="relation" ref="9412792" role=""/>
  <member type="relation" ref="9412791" role=""/>
  <member type="relation" ref="9412790" role=""/>
  <member type="relation" ref="9412789" role=""/>
  <member type="relation" ref="9412788" role=""/>
  <member type="relation" ref="9412787" role=""/>
  <member type="relation" ref="9412786" role=""/>
  <member type="relation" ref="9412785" role=""/>
  <member type="relation" ref="9385462" role=""/>
  <member type="relation" ref="9403670" role=""/>
  <member type="relation" ref="9412766" role=""/>
  <member type="relation" ref="9412784" role=""/>
  <member type="relation" ref="8591639" role=""/>
  <member type="relation" ref="8591653" role=""/>
  <member type="relation" ref="8591652" role=""/>
  <member type="relation" ref="8591651" role=""/>
  <member type="relation" ref="8591650" role=""/>
  <member type="relation" ref="8591649" role=""/>
  <member type="relation" ref="8591648" role=""/>
  <member type="relation" ref="9672910" role=""/>
  <member type="relation" ref="8591647" role=""/>
  <member type="relation" ref="8591646" role=""/>
  <member type="relation" ref="8591645" role=""/>
  <member type="relation" ref="8591644" role=""/>
  <member type="relation" ref="8591643" role=""/>
  <member type="relation" ref="8591642" role=""/>
  <member type="relation" ref="8591641" role=""/>
  <member type="relation" ref="8591640" role=""/>
  <member type="relation" ref="9672909" role=""/>
  <member type="relation" ref="9672908" role=""/>
  <member type="relation" ref="9672907" role=""/>
  <member type="relation" ref="9672906" role=""/>
  <member type="relation" ref="9672905" role=""/>
  <member type="relation" ref="5463276" role=""/>
  <member type="relation" ref="9672904" role=""/>
  <member type="relation" ref="9672903" role=""/>
  <member type="relation" ref="9672902" role=""/>
  <member type="relation" ref="9672901" role=""/>
  <member type="relation" ref="9672900" role=""/>
  <member type="relation" ref="9672899" role=""/>
  <member type="relation" ref="9672898" role=""/>
  <member type="relation" ref="9672897" role=""/>
  <member type="relation" ref="9672896" role=""/>
  <member type="relation" ref="9672895" role=""/>
  <member type="relation" ref="9412765" role=""/>
  <member type="relation" ref="9412764" role=""/>
  <member type="relation" ref="9672894" role=""/>
  <member type="relation" ref="9672893" role=""/>
  <member type="relation" ref="9672892" role=""/>
  <member type="relation" ref="9672891" role=""/>
  <member type="relation" ref="9672890" role=""/>
  <member type="relation" ref="9672889" role=""/>
  <member type="relation" ref="9672888" role=""/>
  <member type="relation" ref="9672887" role=""/>
  <member type="relation" ref="9672886" role=""/>
  <member type="relation" ref="9672885" role=""/>
  <member type="relation" ref="9672884" role=""/>
  <member type="relation" ref="9672883" role=""/>
  <member type="relation" ref="1798858" role=""/>
  <member type="relation" ref="9740133" role=""/>
  <member type="relation" ref="9672875" role=""/>
  <member type="relation" ref="9672874" role=""/>
  <member type="relation" ref="9672873" role=""/>
  <member type="relation" ref="9672872" role=""/>
  <member type="relation" ref="9672871" role=""/>
  <member type="relation" ref="9672870" role=""/>
  <member type="relation" ref="9740181" role=""/>
  <member type="relation" ref="10535874" role=""/>
  <member type="relation" ref="9740132" role=""/>
  <member type="relation" ref="9740131" role=""/>
  <member type="relation" ref="9672869" role=""/>
  <member type="relation" ref="9740134" role=""/>
  <member type="relation" ref="9740130" role=""/>
  <member type="relation" ref="9740129" role=""/>
  <member type="relation" ref="9740128" role=""/>
  <member type="relation" ref="10816378" role=""/>
  <member type="relation" ref="10816377" role=""/>
  <member type="relation" ref="10816376" role=""/>
  <member type="relation" ref="10816375" role=""/>
  <member type="relation" ref="9740127" role=""/>
  <member type="relation" ref="10816374" role=""/>
  <member type="relation" ref="10533449" role=""/>
  <member type="relation" ref="9740126" role=""/>
  <member type="relation" ref="9740125" role=""/>
  <member type="relation" ref="9740124" role=""/>
  <member type="relation" ref="9740123" role=""/>
  <member type="relation" ref="9740122" role=""/>
  <member type="relation" ref="9740121" role=""/>
  <member type="relation" ref="9740120" role=""/>
  <member type="relation" ref="17541973" role=""/>
  <member type="relation" ref="9740119" role=""/>
  <member type="relation" ref="9740118" role=""/>
  <member type="relation" ref="9740117" role=""/>
  <member type="relation" ref="9740116" role=""/>
  <member type="relation" ref="9740180" role=""/>
  <member type="relation" ref="9740115" role=""/>
  <member type="relation" ref="19325719" role=""/>
  <member type="relation" ref="9740031" role=""/>
  <member type="relation" ref="9740030" role=""/>
  <member type="relation" ref="9740179" role=""/>
  <member type="relation" ref="9412763" role=""/>
  <member type="relation" ref="9740114" role=""/>
  <member type="relation" ref="9740113" role=""/>
  <member type="relation" ref="9740178" role=""/>
  <member type="relation" ref="9740112" role=""/>
  <member type="relation" ref="9740177" role=""/>
  <member type="relation" ref="9740111" role=""/>
  <member type="relation" ref="10601162" role=""/>
  <member type="relation" ref="10601161" role=""/>
  <member type="relation" ref="19325727" role=""/>
  <member type="relation" ref="10601158" role=""/>
  <member type="relation" ref="10104371" role=""/>
  <member type="relation" ref="9740110" role=""/>
  <member type="relation" ref="9740109" role=""/>
  <member type="relation" ref="9740108" role=""/>
  <member type="relation" ref="9740107" role=""/>
  <member type="relation" ref="9740106" role=""/>
  <member type="relation" ref="9740105" role=""/>
  <member type="relation" ref="9740104" role=""/>
  <member type="relation" ref="9740103" role=""/>
  <member type="relation" ref="9740102" role=""/>
  <member type="relation" ref="9740101" role=""/>
  <member type="relation" ref="17545851" role=""/>
  <member type="relation" ref="9740100" role=""/>
  <member type="relation" ref="9740099" role=""/>
  <member type="relation" ref="9385483" role=""/>
  <member type="relation" ref="19336714" role=""/>
  <member type="relation" ref="19336715" role=""/>
  <member type="relation" ref="19336725" role=""/>
  <member type="relation" ref="19336724" role=""/>
  <member type="relation" ref="9740098" role=""/>
  <member type="relation" ref="9740097" role=""/>
  <member type="relation" ref="9740096" role=""/>
  <member type="relation" ref="9740094" role=""/>
  <member type="relation" ref="9740093" role=""/>
  <member type="relation" ref="9740095" role=""/>
  <member type="relation" ref="17750687" role=""/>
  <member type="relation" ref="17750713" role=""/>
  <member type="relation" ref="9740092" role=""/>
  <member type="relation" ref="1946515" role=""/>
  <member type="relation" ref="9740091" role=""/>
  <member type="relation" ref="1946516" role=""/>
  <member type="relation" ref="9740090" role=""/>
  <member type="relation" ref="1946517" role=""/>
  <member type="relation" ref="1946463" role=""/>
  <member type="relation" ref="9740089" role=""/>
  <member type="relation" ref="1946518" role=""/>
  <member type="relation" ref="9740088" role=""/>
  <member type="relation" ref="9740087" role=""/>
  <member type="relation" ref="9740086" role=""/>
  <member type="relation" ref="9740085" role=""/>
  <member type="relation" ref="9740084" role=""/>
  <member type="relation" ref="9740083" role=""/>
  <member type="relation" ref="9740082" role=""/>
  <member type="relation" ref="9740081" role=""/>
  <member type="relation" ref="9740080" role=""/>
  <member type="relation" ref="9740079" role=""/>
  <member type="relation" ref="9740078" role=""/>
  <member type="relation" ref="19377062" role=""/>
  <member type="relation" ref="9740077" role=""/>
  <member type="relation" ref="18271213" role=""/>
  <member type="relation" ref="9740076" role=""/>
  <member type="relation" ref="1941954" role=""/>
  <member type="relation" ref="1941955" role=""/>
  <member type="relation" ref="1941956" role=""/>
  <member type="relation" ref="1941957" role=""/>
  <member type="relation" ref="1941963" role=""/>
  <member type="relation" ref="1941964" role=""/>
  <member type="relation" ref="9740176" role=""/>
  <member type="relation" ref="1940207" role=""/>
  <member type="relation" ref="9740075" role=""/>
  <member type="relation" ref="9740029" role=""/>
  <member type="relation" ref="9740074" role=""/>
  <member type="relation" ref="9740073" role=""/>
  <member type="relation" ref="9740072" role=""/>
  <member type="relation" ref="9740071" role=""/>
  <member type="relation" ref="9740070" role=""/>
  <member type="relation" ref="9740069" role=""/>
  <member type="relation" ref="1946514" role=""/>
  <member type="relation" ref="19336774" role=""/>
  <member type="relation" ref="9740068" role=""/>
  <member type="relation" ref="9740067" role=""/>
  <member type="relation" ref="9740066" role=""/>
  <member type="relation" ref="9740065" role=""/>
  <member type="relation" ref="9740064" role=""/>
  <member type="relation" ref="9740063" role=""/>
  <member type="relation" ref="9740062" role=""/>
  <member type="relation" ref="9740061" role=""/>
  <member type="relation" ref="9740060" role=""/>
  <member type="relation" ref="10591795" role=""/>
  <member type="relation" ref="9416624" role=""/>
  <member type="relation" ref="1673105" role=""/>
  <member type="relation" ref="8218280" role=""/>
  <member type="relation" ref="1940186" role=""/>
  <member type="relation" ref="1938848" role=""/>
  <member type="relation" ref="9836740" role=""/>
  <member type="relation" ref="2096817" role=""/>
  <member type="relation" ref="9740058" role=""/>
  <member type="relation" ref="15782784" role=""/>
  <member type="relation" ref="8858789" role=""/>
  <member type="relation" ref="8861172" role=""/>
  <member type="relation" ref="9740057" role=""/>
  <member type="relation" ref="9740056" role=""/>
  <member type="relation" ref="9740055" role=""/>
  <member type="relation" ref="9740059" role=""/>
  <member type="relation" ref="9740054" role=""/>
  <member type="relation" ref="9740175" role=""/>
  <member type="relation" ref="9740053" role=""/>
  <member type="relation" ref="9740052" role=""/>
  <member type="relation" ref="9740051" role=""/>
  <member type="relation" ref="9740050" role=""/>
  <member type="relation" ref="9740049" role=""/>
  <member type="relation" ref="9740048" role=""/>
  <member type="relation" ref="9740047" role=""/>
  <member type="relation" ref="9416974" role=""/>
  <member type="relation" ref="9416973" role=""/>
  <member type="relation" ref="19383261" role=""/>
  <member type="relation" ref="9383245" role=""/>
  <member type="relation" ref="9416972" role=""/>
  <member type="relation" ref="9416971" role=""/>
  <member type="relation" ref="9416970" role=""/>
  <member type="relation" ref="9416969" role=""/>
  <member type="relation" ref="9416968" role=""/>
  <member type="relation" ref="9416967" role=""/>
  <member type="relation" ref="9416966" role=""/>
  <member type="relation" ref="9416965" role=""/>
  <member type="relation" ref="9740046" role=""/>
  <member type="relation" ref="9740045" role=""/>
  <member type="relation" ref="9740044" role=""/>
  <member type="relation" ref="9740174" role=""/>
  <member type="relation" ref="9412783" role=""/>
  <member type="relation" ref="9242375" role=""/>
  <member type="relation" ref="9403669" role=""/>
  <member type="relation" ref="9385459" role=""/>
  <member type="relation" ref="9412762" role=""/>
  <member type="relation" ref="9403668" role=""/>
  <member type="relation" ref="9243765" role=""/>
  <member type="relation" ref="9412782" role=""/>
  <member type="relation" ref="6868249" role=""/>
  <member type="relation" ref="9403667" role=""/>
  <member type="relation" ref="9243702" role=""/>
  <member type="relation" ref="9385471" role=""/>
  <member type="relation" ref="9412781" role=""/>
  <member type="relation" ref="9412780" role=""/>
  <member type="relation" ref="9412779" role=""/>
  <member type="relation" ref="9412778" role=""/>
  <member type="relation" ref="9412761" role=""/>
  <member type="relation" ref="17738717" role=""/>
  <member type="relation" ref="17738937" role=""/>
  <member type="relation" ref="9220171" role=""/>
  <member type="relation" ref="9403666" role=""/>
  <member type="relation" ref="9385444" role=""/>
  <member type="relation" ref="9403665" role=""/>
  <member type="relation" ref="9385438" role=""/>
  <member type="relation" ref="10599818" role=""/>
  <member type="relation" ref="9836744" role=""/>
  <member type="relation" ref="9412777" role=""/>
  <member type="relation" ref="9412760" role=""/>
  <member type="relation" ref="9416607" role=""/>
  <member type="relation" ref="9740043" role=""/>
  <member type="relation" ref="9740028" role=""/>
  <member type="relation" ref="10816381" role=""/>
  <member type="relation" ref="10816379" role=""/>
  <member type="relation" ref="10816380" role=""/>
  <member type="relation" ref="9416623" role=""/>
  <member type="relation" ref="9416606" role=""/>
  <member type="relation" ref="9416605" role=""/>
  <member type="relation" ref="9412759" role=""/>
  <member type="relation" ref="18549398" role=""/>
  <member type="relation" ref="9412776" role=""/>
  <member type="relation" ref="9740042" role=""/>
  <member type="relation" ref="9740041" role=""/>
  <member type="relation" ref="9220653" role=""/>
  <member type="relation" ref="9412758" role=""/>
  <member type="relation" ref="9412757" role=""/>
  <member type="relation" ref="1940187" role=""/>
  <member type="relation" ref="1940188" role=""/>
  <member type="relation" ref="9416964" role=""/>
  <member type="relation" ref="9416952" role=""/>
  <member type="relation" ref="9416963" role=""/>
  <member type="relation" ref="9416951" role=""/>
  <member type="relation" ref="9416962" role=""/>
  <member type="relation" ref="9416950" role=""/>
  <member type="relation" ref="9416961" role=""/>
  <member type="relation" ref="9416960" role=""/>
  <member type="relation" ref="9416949" role=""/>
  <member type="relation" ref="9416959" role=""/>
  <member type="relation" ref="9416958" role=""/>
  <member type="relation" ref="9416957" role=""/>
  <member type="relation" ref="9416956" role=""/>
  <member type="relation" ref="9416955" role=""/>
  <member type="relation" ref="18589485" role=""/>
  <member type="relation" ref="9416954" role=""/>
  <member type="relation" ref="1946519" role=""/>
  <member type="relation" ref="9740173" role=""/>
  <member type="relation" ref="9416953" role=""/>
  <member type="relation" ref="19325834" role=""/>
  <member type="relation" ref="19383696" role=""/>
  <member type="relation" ref="9412774" role=""/>
  <member type="relation" ref="10641899" role=""/>
  <member type="relation" ref="9416622" role=""/>
  <member type="relation" ref="9416948" role=""/>
  <member type="relation" ref="19425464" role=""/>
  <member type="relation" ref="1946520" role=""/>
  <member type="relation" ref="9416621" role=""/>
  <member type="relation" ref="9416620" role=""/>
  <member type="relation" ref="9416619" role=""/>
  <member type="relation" ref="9416604" role=""/>
  <member type="relation" ref="9416603" role=""/>
  <member type="relation" ref="9416602" role=""/>
  <member type="relation" ref="9416618" role=""/>
  <member type="relation" ref="9416598" role=""/>
  <member type="relation" ref="9416601" role=""/>
  <member type="relation" ref="9416600" role=""/>
  <member type="relation" ref="9416599" role=""/>
  <member type="relation" ref="9403748" role=""/>
  <member type="relation" ref="9385433" role=""/>
  <member type="relation" ref="9385487" role=""/>
  <member type="relation" ref="9385478" role=""/>
  <member type="relation" ref="6776481" role=""/>
  <member type="relation" ref="9403664" role=""/>
  <member type="relation" ref="9385451" role=""/>
  <member type="relation" ref="9403663" role=""/>
  <member type="relation" ref="9403662" role=""/>
  <member type="relation" ref="9385488" role=""/>
  <member type="relation" ref="9385473" role=""/>
  <member type="relation" ref="9385457" role=""/>
  <member type="relation" ref="9236687" role=""/>
  <member type="relation" ref="9385469" role=""/>
  <member type="relation" ref="9385467" role=""/>
  <member type="relation" ref="6776395" role=""/>
  <member type="relation" ref="9412773" role=""/>
  <member type="relation" ref="9740040" role=""/>
  <member type="relation" ref="9385492" role=""/>
  <member type="relation" ref="9385436" role=""/>
  <member type="relation" ref="9385468" role=""/>
  <member type="relation" ref="7358284" role=""/>
  <member type="relation" ref="9385466" role=""/>
  <member type="relation" ref="9385485" role=""/>
  <member type="relation" ref="9385493" role=""/>
  <member type="relation" ref="9385439" role=""/>
  <member type="relation" ref="9407361" role=""/>
  <member type="relation" ref="9385475" role=""/>
  <member type="relation" ref="9385486" role=""/>
  <member type="relation" ref="9385452" role=""/>
  <member type="relation" ref="9385441" role=""/>
  <member type="relation" ref="9385491" role=""/>
  <member type="relation" ref="9385449" role=""/>
  <member type="relation" ref="9412756" role=""/>
  <member type="relation" ref="9412772" role=""/>
  <member type="relation" ref="9412755" role=""/>
  <member type="relation" ref="9740039" role=""/>
  <member type="relation" ref="17548379" role=""/>
  <member type="relation" ref="9385479" role=""/>
  <member type="relation" ref="9385461" role=""/>
  <member type="relation" ref="9385454" role=""/>
  <member type="relation" ref="9236684" role=""/>
  <member type="relation" ref="9385443" role=""/>
  <member type="relation" ref="9385480" role=""/>
  <member type="relation" ref="9385490" role=""/>
  <member type="relation" ref="9416617" role=""/>
  <member type="relation" ref="5598563" role=""/>
  <member type="relation" ref="9672882" role=""/>
  <member type="relation" ref="9672881" role=""/>
  <member type="relation" ref="9672880" role=""/>
  <member type="relation" ref="9672879" role=""/>
  <member type="relation" ref="9385470" role=""/>
  <member type="relation" ref="9385440" role=""/>
  <member type="relation" ref="9385464" role=""/>
  <member type="relation" ref="9740038" role=""/>
  <member type="relation" ref="9385489" role=""/>
  <member type="relation" ref="9385455" role=""/>
  <member type="relation" ref="9385472" role=""/>
  <member type="relation" ref="9236689" role=""/>
  <member type="relation" ref="9672868" role=""/>
  <member type="relation" ref="9412771" role=""/>
  <member type="relation" ref="9672878" role=""/>
  <member type="relation" ref="9672877" role=""/>
  <member type="relation" ref="6781293" role=""/>
  <member type="relation" ref="9617652" role=""/>
  <member type="relation" ref="9617110" role=""/>
  <member type="relation" ref="19377075" role=""/>
  <member type="relation" ref="19377084" role=""/>
  <member type="relation" ref="19382084" role=""/>
  <member type="relation" ref="19382090" role=""/>
  <member type="relation" ref="19382118" role=""/>
  <member type="relation" ref="19378869" role=""/>
  <member type="relation" ref="19378888" role=""/>
  <member type="relation" ref="19382064" role=""/>
  <member type="relation" ref="19381990" role=""/>
  <member type="relation" ref="19381951" role=""/>
  <member type="relation" ref="19381970" role=""/>
  <member type="relation" ref="8825067" role=""/>
  <member type="relation" ref="8855841" role=""/>
  <member type="relation" ref="9744381" role=""/>
  <member type="relation" ref="9219524" role=""/>
  <member type="relation" ref="9412770" role=""/>
  <member type="relation" ref="9740172" role=""/>
  <member type="relation" ref="17542070" role=""/>
  <member type="relation" ref="17545737" role=""/>
  <member type="relation" ref="9740037" role=""/>
  <member type="relation" ref="16176555" role=""/>
  <member type="relation" ref="6858376" role=""/>
  <member type="relation" ref="6779593" role=""/>
  <member type="relation" ref="17357705" role=""/>
  <member type="relation" ref="19325724" role=""/>
  <member type="relation" ref="6817995" role=""/>
  <member type="relation" ref="9740036" role=""/>
  <member type="relation" ref="5598668" role=""/>
  <member type="relation" ref="17327787" role=""/>
  <member type="relation" ref="17327845" role=""/>
  <member type="relation" ref="17327848" role=""/>
  <member type="relation" ref="18130190" role=""/>
  <member type="relation" ref="17327870" role=""/>
  <member type="relation" ref="17327910" role=""/>
  <member type="relation" ref="17328510" role=""/>
  <member type="relation" ref="17328535" role=""/>
  <member type="relation" ref="17328563" role=""/>
  <member type="relation" ref="3440524" role=""/>
  <member type="relation" ref="19157846" role=""/>
  <member type="relation" ref="9243786" role=""/>
  <member type="relation" ref="17330100" role=""/>
  <member type="relation" ref="17330129" role=""/>
  <member type="relation" ref="17330140" role=""/>
  <member type="relation" ref="19455656" role=""/>
  <member type="relation" ref="17330189" role=""/>
  <member type="relation" ref="17330247" role=""/>
  <member type="relation" ref="17325672" role=""/>
  <member type="relation" ref="9740035" role=""/>
  <member type="relation" ref="9412769" role=""/>
  <member type="relation" ref="9740027" role=""/>
  <member type="relation" ref="9672867" role=""/>
  <member type="relation" ref="18271124" role=""/>
  <member type="relation" ref="17802193" role=""/>
  <member type="relation" ref="17802189" role=""/>
  <member type="relation" ref="18395030" role=""/>
  <member type="relation" ref="9228189" role=""/>
  <member type="relation" ref="19719516" role=""/>
  <member type="relation" ref="19719518" role=""/>
  <member type="relation" ref="17325339" role=""/>
  <member type="relation" ref="17325340" role=""/>
  <member type="relation" ref="17325396" role=""/>
  <member type="relation" ref="17325395" role=""/>
  <member type="relation" ref="18481418" role=""/>
  <member type="relation" ref="19446546" role=""/>
  <member type="relation" ref="19446643" role=""/>
  <member type="relation" ref="19446685" role=""/>
  <member type="relation" ref="19446693" role=""/>
  <member type="relation" ref="17843808" role=""/>
  <member type="relation" ref="17843744" role=""/>
  <member type="relation" ref="17173197" role=""/>
  <member type="relation" ref="17173297" role=""/>
  <member type="relation" ref="17174457" role=""/>
  <member type="relation" ref="17178293" role=""/>
  <member type="relation" ref="17188364" role=""/>
  <member type="relation" ref="17179158" role=""/>
  <member type="relation" ref="17187380" role=""/>
  <member type="relation" ref="17292940" role=""/>
  <member type="relation" ref="18481476" role=""/>
  <member type="relation" ref="18481516" role=""/>
  <member type="relation" ref="16172270" role=""/>
  <member type="relation" ref="18558253" role=""/>
  <member type="relation" ref="18570489" role=""/>
  <member type="relation" ref="19157860" role=""/>
  <member type="relation" ref="18589661" role=""/>
  <member type="relation" ref="18589590" role=""/>
  <member type="relation" ref="18589589" role=""/>
  <member type="relation" ref="18575412" role=""/>
  <member type="relation" ref="18575416" role=""/>
  <member type="relation" ref="9385476" role=""/>
  <member type="relation" ref="9385458" role=""/>
  <member type="relation" ref="9740034" role=""/>
  <member type="relation" ref="9740033" role=""/>
  <member type="relation" ref="9740026" role=""/>
  <member type="relation" ref="15628096" role=""/>
  <member type="relation" ref="15628097" role=""/>
  <member type="relation" ref="19455641" role=""/>
  <member type="relation" ref="19383430" role=""/>
  <member type="relation" ref="17798476" role=""/>
  <member type="relation" ref="17802162" role=""/>
  <member type="relation" ref="19378860" role=""/>
  <member type="relation" ref="19378822" role=""/>
  <member type="relation" ref="19383465" role=""/>
  <tag k="name" v="BMTC"/>
  <tag k="name:kn" v="ಬಿಎಂಟಿಸಿ"/>
  <tag k="network" v="BMTC"/>
  <tag k="operator" v="BMTC"/>
  <tag k="type" v="network"/>
 </relation>
 <relation id="17153423" visible="true" version="15" changeset="181887951" timestamp="2026-04-27T12:10:12Z" user="syedk" uid="19820024">
  <member type="way" ref="788338405" role=""/>
  <member type="way" ref="1312971142" role=""/>
  <member type="way" ref="1368339992" role=""/>
  <member type="way" ref="1368339995" role=""/>
  <member type="way" ref="1368339994" role=""/>
  <member type="way" ref="1503260303" role=""/>
  <member type="way" ref="1503260302" role=""/>
  <member type="way" ref="23077883" role=""/>
  <member type="way" ref="1312001880" role=""/>
  <member type="way" ref="1312001881" role=""/>
  <member type="way" ref="70537558" role=""/>
  <member type="way" ref="1368990698" role=""/>
  <member type="way" ref="1368990697" role=""/>
  <member type="way" ref="1368990696" role=""/>
  <member type="way" ref="1287589804" role=""/>
  <member type="way" ref="85396441" role=""/>
  <member type="way" ref="85396425" role=""/>
  <member type="way" ref="1368341314" role=""/>
  <member type="way" ref="1368341312" role=""/>
  <member type="way" ref="1368341311" role=""/>
  <member type="way" ref="1220433192" role=""/>
  <member type="way" ref="1442516749" role=""/>
  <member type="way" ref="788338410" role=""/>
  <member type="way" ref="788338409" role=""/>
  <member type="way" ref="788338406" role=""/>
  <member type="way" ref="1445934692" role=""/>
  <member type="way" ref="788338407" role=""/>
  <member type="way" ref="1341445648" role=""/>
  <member type="way" ref="395505140" role=""/>
  <member type="way" ref="1365489269" role=""/>
  <member type="way" ref="1340064284" role=""/>
  <member type="way" ref="543717929" role=""/>
  <member type="way" ref="1504440047" role=""/>
  <member type="way" ref="1340064282" role=""/>
  <member type="way" ref="1340064283" role=""/>
  <member type="way" ref="334654365" role=""/>
  <member type="way" ref="334654367" role=""/>
  <member type="way" ref="1301730662" role=""/>
  <tag k="alt_name" v="Uttarahalli-Kengeri Road"/>
  <tag k="name" v="Dr. Vishnuvardhan Road"/>
  <tag k="name:etymology:wikidata" v="Q2097394"/>
  <tag k="name:kn" v="ಡಾ. ವಿಷ್ಣುವರ್ಧನ್ ರಸ್ತೆ"/>
  <tag k="old_name" v="Uttarahalli Road"/>
  <tag k="old_name:kn" v="ಉತ್ತರಹಳ್ಳಿ ಕೆಂಗೇರಿ ರಸ್ತೆ"/>
  <tag k="type" v="street"/>
 </relation>
 <relation id="17173197" visible="true" version="19" changeset="181887951" timestamp="2026-04-27T12:10:12Z" user="syedk" uid="19820024">
  <member type="node" ref="1070314236" role="platform_entry_only"/>
  <member type="node" ref="2393746915" role="platform"/>
  <member type="node" ref="2127407756" role="platform"/>
  <member type="node" ref="1835344726" role="platform"/>
  <member type="node" ref="2393749354" role="platform"/>
  <member type="node" ref="2393750001" role="platform"/>
  <member type="node" ref="2393751566" role="platform"/>
  <member type="node" ref="2393752833" role="platform"/>
  <member type="node" ref="11598296763" role="platform"/>
  <member type="node" ref="1835344435" role="platform"/>
  <member type="node" ref="11598367919" role="platform"/>
  <member type="node" ref="2078584588" role="platform"/>
  <member type="node" ref="1838767630" role="platform"/>
  <member type="node" ref="11598296756" role="platform"/>
  <member type="node" ref="2393771247" role="platform"/>
  <member type="node" ref="2393773499" role="platform"/>
  <member type="node" ref="2393774069" role="platform"/>
  <member type="node" ref="2419077949" role="platform"/>
  <member type="node" ref="2393776226" role="platform"/>
  <member type="node" ref="2393776443" role="platform"/>
  <member type="node" ref="1835344670" role="platform"/>
  <member type="node" ref="11598296746" role="platform"/>
  <member type="node" ref="6327171011" role="platform_exit_only"/>
  <member type="way" ref="1247652729" role=""/>
  <member type="way" ref="476636001" role=""/>
  <member type="way" ref="691997521" role=""/>
  <member type="way" ref="41189494" role=""/>
  <member type="way" ref="1390398957" role=""/>
  <member type="way" ref="37193199" role=""/>
  <member type="way" ref="554803426" role=""/>
  <member type="way" ref="1148475824" role=""/>
  <member type="way" ref="231661147" role=""/>
  <member type="way" ref="231661189" role=""/>
  <member type="way" ref="554803430" role=""/>
  <member type="way" ref="175609552" role=""/>
  <member type="way" ref="1167922462" role=""/>
  <member type="way" ref="1247652726" role=""/>
  <member type="way" ref="1167922463" role=""/>
  <member type="way" ref="475353902" role=""/>
  <member type="way" ref="1166331740" role=""/>
  <member type="way" ref="1312971143" role=""/>
  <member type="way" ref="1312971142" role=""/>
  <member type="way" ref="1368339992" role=""/>
  <member type="way" ref="1368339995" role=""/>
  <member type="way" ref="1368339994" role=""/>
  <member type="way" ref="1503260303" role=""/>
  <member type="way" ref="1503260302" role=""/>
  <member type="way" ref="23077883" role=""/>
  <member type="way" ref="1312001880" role=""/>
  <member type="way" ref="1312001881" role=""/>
  <member type="way" ref="70537558" role=""/>
  <member type="way" ref="1368990698" role=""/>
  <member type="way" ref="1368990697" role=""/>
  <member type="way" ref="1368990696" role=""/>
  <member type="way" ref="1287589804" role=""/>
  <member type="way" ref="85396441" role=""/>
  <member type="way" ref="85396425" role=""/>
  <member type="way" ref="1368341314" role=""/>
  <member type="way" ref="1368341312" role=""/>
  <member type="way" ref="1368341311" role=""/>
  <member type="way" ref="1220433192" role=""/>
  <member type="way" ref="1442516749" role=""/>
  <member type="way" ref="788338410" role=""/>
  <member type="way" ref="788338409" role=""/>
  <member type="way" ref="788338406" role=""/>
  <member type="way" ref="1445934692" role=""/>
  <member type="way" ref="788338407" role=""/>
  <member type="way" ref="395505140" role=""/>
  <member type="way" ref="1365489270" role=""/>
  <member type="way" ref="1341445648" role=""/>
  <member type="way" ref="1504440047" role=""/>
  <member type="way" ref="1340064282" role=""/>
  <member type="way" ref="1340064283" role=""/>
  <member type="way" ref="334654365" role=""/>
  <member type="way" ref="334654367" role=""/>
  <member type="way" ref="1301730662" role=""/>
  <tag k="from" v="Banashankri TTMC"/>
  <tag k="name" v="MF375D: Banashankri TTMC =&gt; Kengeri TTMC"/>
  <tag k="network" v="BMTC"/>
  <tag k="network:wikidata" v="Q3345039"/>
  <tag k="operator" v="BMTC"/>
  <tag k="public_transport:version" v="2"/>
  <tag k="ref" v="MF375D"/>
  <tag k="route" v="bus"/>
  <tag k="to" v="Kengeri TTMC"/>
  <tag k="type" v="route"/>
  <tag k="via" v="Uttarahalli;Channasandra"/>
 </relation>
 <relation id="17173297" visible="true" version="15" changeset="181746738" timestamp="2026-04-24T05:40:08Z" user="kunalchhapre" uid="19795114">
  <member type="node" ref="6327171011" role="platform_entry_only"/>
  <member type="node" ref="11598367939" role="platform"/>
  <member type="node" ref="11598367937" role="platform"/>
  <member type="node" ref="11598367935" role="platform"/>
  <member type="node" ref="11598367933" role="platform"/>
  <member type="node" ref="11598367931" role="platform"/>
  <member type="node" ref="11598367929" role="platform"/>
  <member type="node" ref="11598367927" role="platform"/>
  <member type="node" ref="11598367926" role="platform"/>
  <member type="node" ref="11598367924" role="platform"/>
  <member type="node" ref="11598367922" role="platform"/>
  <member type="node" ref="11598367921" role="platform"/>
  <member type="node" ref="2078584589" role="platform"/>
  <member type="node" ref="11598367917" role="platform"/>
  <member type="node" ref="11598367915" role="platform"/>
  <member type="node" ref="11598367913" role="platform"/>
  <member type="node" ref="11598367911" role="platform"/>
  <member type="node" ref="11598367909" role="platform"/>
  <member type="node" ref="11598367907" role="platform"/>
  <member type="node" ref="11598367903" role="platform"/>
  <member type="node" ref="2127408870" role="platform"/>
  <member type="node" ref="1070314236" role="platform_exit_only"/>
  <member type="way" ref="1301730662" role=""/>
  <member type="way" ref="334654367" role=""/>
  <member type="way" ref="334654365" role=""/>
  <member type="way" ref="1340064283" role=""/>
  <member type="way" ref="543717929" role=""/>
  <member type="way" ref="1340064284" role=""/>
  <member type="way" ref="1365489269" role=""/>
  <member type="way" ref="395505140" role=""/>
  <member type="way" ref="788338407" role=""/>
  <member type="way" ref="1445934692" role=""/>
  <member type="way" ref="788338406" role=""/>
  <member type="way" ref="788338409" role=""/>
  <member type="way" ref="788338410" role=""/>
  <member type="way" ref="1442516749" role=""/>
  <member type="way" ref="1220433192" role=""/>
  <member type="way" ref="1368341311" role=""/>
  <member type="way" ref="1368341312" role=""/>
  <member type="way" ref="1368341314" role=""/>
  <member type="way" ref="85396425" role=""/>
  <member type="way" ref="85396441" role=""/>
  <member type="way" ref="1287589804" role=""/>
  <member type="way" ref="1368990696" role=""/>
  <member type="way" ref="1368990697" role=""/>
  <member type="way" ref="1368990698" role=""/>
  <member type="way" ref="70537558" role=""/>
  <member type="way" ref="1312001881" role=""/>
  <member type="way" ref="1312001880" role=""/>
  <member type="way" ref="23077883" role=""/>
  <member type="way" ref="1503260302" role=""/>
  <member type="way" ref="1503260303" role=""/>
  <member type="way" ref="1368339994" role=""/>
  <member type="way" ref="1368339995" role=""/>
  <member type="way" ref="1368339992" role=""/>
  <member type="way" ref="1312971142" role=""/>
  <member type="way" ref="1312971143" role=""/>
  <member type="way" ref="1166331740" role=""/>
  <member type="way" ref="475353902" role=""/>
  <member type="way" ref="1167922463" role=""/>
  <member type="way" ref="1247652726" role=""/>
  <member type="way" ref="1167922462" role=""/>
  <member type="way" ref="175609552" role=""/>
  <member type="way" ref="554803430" role=""/>
  <member type="way" ref="1247652727" role=""/>
  <member type="way" ref="554803427" role=""/>
  <member type="way" ref="41189494" role=""/>
  <member type="way" ref="92194642" role=""/>
  <member type="way" ref="1247652729" role=""/>
  <tag k="from" v="Kengeri TTMC"/>
  <tag k="name" v="MF375D: Kengeri TTMC =&gt; Banashankri TTMC"/>
  <tag k="network" v="BMTC"/>
  <tag k="network:wikidata" v="Q3345039"/>
  <tag k="operator" v="BMTC"/>
  <tag k="public_transport:version" v="2"/>
  <tag k="ref" v="MF375D"/>
  <tag k="route" v="bus"/>
  <tag k="to" v="Banashankri TTMC"/>
  <tag k="type" v="route"/>
  <tag k="via" v="Channasandra;Uttarahalli"/>
 </relation>
 <relation id="17174457" visible="true" version="29" changeset="173916517" timestamp="2025-10-29T08:24:18Z" user="alivapanda" uid="19505674">
  <member type="node" ref="6327171011" role="platform_entry_only"/>
  <member type="node" ref="11598367939" role="platform"/>
  <member type="node" ref="11598367937" role="platform"/>
  <member type="node" ref="11598367935" role="platform"/>
  <member type="node" ref="11598367933" role="platform"/>
  <member type="node" ref="11598367931" role="platform"/>
  <member type="node" ref="11598367929" role="platform"/>
  <member type="node" ref="11598367927" role="platform"/>
  <member type="node" ref="11598367926" role="platform"/>
  <member type="node" ref="11598367924" role="platform"/>
  <member type="node" ref="11598367922" role="platform"/>
  <member type="node" ref="11598367921" role="platform"/>
  <member type="node" ref="2078584589" role="platform"/>
  <member type="node" ref="11598367917" role="platform"/>
  <member type="node" ref="11598367915" role="platform"/>
  <member type="node" ref="2409896875" role="platform"/>
  <member type="node" ref="11598993090" role="platform"/>
  <member type="node" ref="435688218" role="platform"/>
  <member type="node" ref="435688212" role="platform"/>
  <member type="node" ref="435688203" role="platform"/>
  <member type="node" ref="435688194" role="platform"/>
  <member type="node" ref="5115834852" role="platform"/>
  <member type="node" ref="435688178" role="platform"/>
  <member type="node" ref="5631196670" role="platform"/>
  <member type="node" ref="5631196661" role="platform"/>
  <member type="node" ref="11598993077" role="platform"/>
  <member type="node" ref="272710629" role="platform"/>
  <member type="node" ref="5631196673" role="platform"/>
  <member type="node" ref="5631196667" role="platform"/>
  <member type="node" ref="11598993074" role="platform"/>
  <member type="node" ref="272710541" role="platform"/>
  <member type="node" ref="272710511" role="platform"/>
  <member type="node" ref="272710482" role="platform"/>
  <member type="node" ref="11598969468" role="platform"/>
  <member type="node" ref="7141213435" role="platform"/>
  <member type="node" ref="11598969466" role="platform"/>
  <member type="node" ref="7141213433" role="platform"/>
  <member type="node" ref="11598969464" role="platform"/>
  <member type="node" ref="11598969458" role="platform"/>
  <member type="node" ref="11598969456" role="platform"/>
  <member type="node" ref="11598969454" role="platform"/>
  <member type="node" ref="11598969453" role="platform"/>
  <member type="node" ref="11598969450" role="platform"/>
  <member type="node" ref="11598969448" role="platform"/>
  <member type="node" ref="11598969446" role="platform"/>
  <member type="node" ref="11598969444" role="platform"/>
  <member type="node" ref="11598969442" role="platform"/>
  <member type="node" ref="11598969440" role="platform"/>
  <member type="node" ref="11598969439" role="platform"/>
  <member type="node" ref="11598969437" role="platform"/>
  <member type="node" ref="11598969436" role="platform"/>
  <member type="node" ref="2647643918" role="platform"/>
  <member type="node" ref="264191750" role="platform"/>
  <member type="node" ref="11598969431" role="platform"/>
  <member type="node" ref="2647643923" role="platform"/>
  <member type="node" ref="11598969428" role="platform_exit_only"/>
  <member type="way" ref="1301730662" role=""/>
  <member type="way" ref="334654367" role=""/>
  <member type="way" ref="334654365" role=""/>
  <member type="way" ref="1340064283" role=""/>
  <member type="way" ref="543717929" role=""/>
  <member type="way" ref="1340064284" role=""/>
  <member type="way" ref="1365489269" role=""/>
  <member type="way" ref="395505140" role=""/>
  <member type="way" ref="788338407" role=""/>
  <member type="way" ref="1445934692" role=""/>
  <member type="way" ref="788338406" role=""/>
  <member type="way" ref="788338409" role=""/>
  <member type="way" ref="788338410" role=""/>
  <member type="way" ref="1442516749" role=""/>
  <member type="way" ref="1220433192" role=""/>
  <member type="way" ref="1368341311" role=""/>
  <member type="way" ref="1368341312" role=""/>
  <member type="way" ref="1368341314" role=""/>
  <member type="way" ref="85396425" role=""/>
  <member type="way" ref="85396441" role=""/>
  <member type="way" ref="1287589804" role=""/>
  <member type="way" ref="1368990696" role=""/>
  <member type="way" ref="1368990697" role=""/>
  <member type="way" ref="1368990698" role=""/>
  <member type="way" ref="70537558" role=""/>
  <member type="way" ref="1312001881" role=""/>
  <member type="way" ref="1312001880" role=""/>
  <member type="way" ref="37351647" role=""/>
  <member type="way" ref="1301732968" role=""/>
  <member type="way" ref="1364476981" role=""/>
  <member type="way" ref="1301732967" role=""/>
  <member type="way" ref="800412176" role=""/>
  <member type="way" ref="1248126481" role=""/>
  <member type="way" ref="1249855583" role=""/>
  <member type="way" ref="1444553073" role=""/>
  <member type="way" ref="780915718" role=""/>
  <member type="way" ref="1444553074" role=""/>
  <member type="way" ref="458798179" role=""/>
  <member type="way" ref="1432600220" role=""/>
  <member type="way" ref="1432600219" role=""/>
  <member type="way" ref="334633594" role=""/>
  <member type="way" ref="1280088918" role=""/>
  <member type="way" ref="1280088917" role=""/>
  <member type="way" ref="1279353788" role=""/>
  <member type="way" ref="1427077288" role=""/>
  <member type="way" ref="1279353785" role=""/>
  <member type="way" ref="1279353779" role=""/>
  <member type="way" ref="104962308" role=""/>
  <member type="way" ref="1248126484" role=""/>
  <member type="way" ref="223364649" role=""/>
  <member type="way" ref="180969672" role=""/>
  <member type="way" ref="1248126488" role=""/>
  <member type="way" ref="1248126489" role=""/>
  <member type="way" ref="1247739223" role=""/>
  <member type="way" ref="1180147301" role=""/>
  <member type="way" ref="26676558" role=""/>
  <member type="way" ref="1427908501" role=""/>
  <member type="way" ref="1427908500" role=""/>
  <member type="way" ref="1150650017" role=""/>
  <member type="way" ref="1055011763" role=""/>
  <member type="way" ref="1369014397" role=""/>
  <member type="way" ref="1369014394" role=""/>
  <member type="way" ref="1421382640" role=""/>
  <member type="way" ref="1281449910" role=""/>
  <member type="way" ref="1070952278" role=""/>
  <member type="way" ref="1281449912" role=""/>
  <member type="way" ref="1421385284" role=""/>
  <member type="way" ref="24354215" role=""/>
  <member type="way" ref="364872807" role=""/>
  <member type="way" ref="1298706712" role=""/>
  <member type="way" ref="1183392507" role=""/>
  <member type="way" ref="256682038" role=""/>
  <member type="way" ref="1214466115" role=""/>
  <member type="way" ref="1219706172" role=""/>
  <member type="way" ref="146496119" role=""/>
  <member type="way" ref="1390031491" role=""/>
  <tag k="from" v="Kengeri TTMC"/>
  <tag k="name" v="MF378: Kengeri TTMC =&gt; Electronic City"/>
  <tag k="network" v="BMTC"/>
  <tag k="network:wikidata" v="Q3345039"/>
  <tag k="operator" v="BMTC"/>
  <tag k="public_transport:version" v="2"/>
  <tag k="route" v="bus"/>
  <tag k="to" v="Electronic City"/>
  <tag k="type" v="route"/>
  <tag k="via" v="Uttarahalli;Konanakunte;Gottigere;Mylasandra"/>
 </relation>
 <relation id="17178293" visible="true" version="29" changeset="181887951" timestamp="2026-04-27T12:10:12Z" user="syedk" uid="19820024">
  <member type="node" ref="11602243246" role="platform_entry_only"/>
  <member type="node" ref="11602243244" role="platform"/>
  <member type="node" ref="10043936003" role="platform"/>
  <member type="node" ref="10043936004" role="platform"/>
  <member type="node" ref="11602243241" role="platform"/>
  <member type="node" ref="11602243240" role="platform"/>
  <member type="node" ref="11602243238" role="platform"/>
  <member type="node" ref="11602243236" role="platform"/>
  <member type="node" ref="11602243234" role="platform"/>
  <member type="node" ref="11602243232" role="platform"/>
  <member type="node" ref="11602243230" role="platform"/>
  <member type="node" ref="11602243228" role="platform"/>
  <member type="node" ref="11602243226" role="platform"/>
  <member type="node" ref="11602243225" role="platform"/>
  <member type="node" ref="11602243223" role="platform"/>
  <member type="node" ref="11602243221" role="platform"/>
  <member type="node" ref="11602243219" role="platform"/>
  <member type="node" ref="11602243217" role="platform"/>
  <member type="node" ref="11602243215" role="platform"/>
  <member type="node" ref="11602243213" role="platform"/>
  <member type="node" ref="10743419588" role="platform"/>
  <member type="node" ref="11602243210" role="platform"/>
  <member type="node" ref="10743419589" role="platform"/>
  <member type="node" ref="11602243208" role="platform"/>
  <member type="node" ref="11602243207" role="platform"/>
  <member type="node" ref="11602243205" role="platform"/>
  <member type="node" ref="11602243203" role="platform"/>
  <member type="node" ref="11602243201" role="platform"/>
  <member type="node" ref="11602243199" role="platform"/>
  <member type="node" ref="11602243197" role="platform"/>
  <member type="node" ref="5631196672" role="platform"/>
  <member type="node" ref="10931530051" role="platform"/>
  <member type="node" ref="272710649" role="platform"/>
  <member type="node" ref="2409887340" role="platform"/>
  <member type="node" ref="11602243194" role="platform"/>
  <member type="node" ref="11602243193" role="platform"/>
  <member type="node" ref="11602243191" role="platform"/>
  <member type="node" ref="11602243190" role="platform"/>
  <member type="node" ref="11602243188" role="platform"/>
  <member type="node" ref="11602243186" role="platform"/>
  <member type="node" ref="11602243185" role="platform"/>
  <member type="node" ref="11602243184" role="platform"/>
  <member type="node" ref="11598296763" role="platform"/>
  <member type="node" ref="1835344435" role="platform"/>
  <member type="node" ref="11598367919" role="platform"/>
  <member type="node" ref="2078584588" role="platform"/>
  <member type="node" ref="1838767630" role="platform"/>
  <member type="node" ref="11598296756" role="platform"/>
  <member type="node" ref="2393771247" role="platform"/>
  <member type="node" ref="2393773499" role="platform"/>
  <member type="node" ref="2393774069" role="platform"/>
  <member type="node" ref="2419077949" role="platform"/>
  <member type="node" ref="2393776226" role="platform"/>
  <member type="node" ref="2393776443" role="platform"/>
  <member type="node" ref="1835344670" role="platform"/>
  <member type="node" ref="11598296746" role="platform"/>
  <member type="node" ref="6327171011" role="platform_entry_only"/>
  <member type="way" ref="1390031492" role=""/>
  <member type="way" ref="160372714" role=""/>
  <member type="way" ref="1219706171" role=""/>
  <member type="way" ref="1214466114" role=""/>
  <member type="way" ref="256682038" role=""/>
  <member type="way" ref="1183392507" role=""/>
  <member type="way" ref="1298706712" role=""/>
  <member type="way" ref="364872807" role=""/>
  <member type="way" ref="1377742564" role=""/>
  <member type="way" ref="1421388578" role=""/>
  <member type="way" ref="1055011759" role=""/>
  <member type="way" ref="1421388577" role=""/>
  <member type="way" ref="1281449911" role=""/>
  <member type="way" ref="1070952279" role=""/>
  <member type="way" ref="1158387772" role=""/>
  <member type="way" ref="1055011761" role=""/>
  <member type="way" ref="1055011762" role=""/>
  <member type="way" ref="1427908500" role=""/>
  <member type="way" ref="1427908501" role=""/>
  <member type="way" ref="26676558" role=""/>
  <member type="way" ref="1180147301" role=""/>
  <member type="way" ref="1247739223" role=""/>
  <member type="way" ref="1247739225" role=""/>
  <member type="way" ref="180969672" role=""/>
  <member type="way" ref="1248126487" role=""/>
  <member type="way" ref="1248126486" role=""/>
  <member type="way" ref="1220184258" role=""/>
  <member type="way" ref="1220180627" role=""/>
  <member type="way" ref="1220180601" role=""/>
  <member type="way" ref="1220180599" role=""/>
  <member type="way" ref="1220180597" role=""/>
  <member type="way" ref="1203500610" role=""/>
  <member type="way" ref="104962308" role=""/>
  <member type="way" ref="1279353779" role=""/>
  <member type="way" ref="1279353785" role=""/>
  <member type="way" ref="1427077288" role=""/>
  <member type="way" ref="1279353788" role=""/>
  <member type="way" ref="1280088917" role=""/>
  <member type="way" ref="1280088918" role=""/>
  <member type="way" ref="334633594" role=""/>
  <member type="way" ref="1432600219" role=""/>
  <member type="way" ref="1432600220" role=""/>
  <member type="way" ref="458798179" role=""/>
  <member type="way" ref="780915719" role=""/>
  <member type="way" ref="1249853546" role=""/>
  <member type="way" ref="800412176" role=""/>
  <member type="way" ref="1444553075" role=""/>
  <member type="way" ref="1248126482" role=""/>
  <member type="way" ref="1301732967" role=""/>
  <member type="way" ref="1364476981" role=""/>
  <member type="way" ref="1301732968" role=""/>
  <member type="way" ref="37351647" role=""/>
  <member type="way" ref="1312001880" role=""/>
  <member type="way" ref="1312001881" role=""/>
  <member type="way" ref="70537558" role=""/>
  <member type="way" ref="1368990698" role=""/>
  <member type="way" ref="1368990697" role=""/>
  <member type="way" ref="1368990696" role=""/>
  <member type="way" ref="1287589804" role=""/>
  <member type="way" ref="85396441" role=""/>
  <member type="way" ref="85396425" role=""/>
  <member type="way" ref="1368341314" role=""/>
  <member type="way" ref="1368341312" role=""/>
  <member type="way" ref="1368341311" role=""/>
  <member type="way" ref="1220433192" role=""/>
  <member type="way" ref="1442516749" role=""/>
  <member type="way" ref="788338410" role=""/>
  <member type="way" ref="788338409" role=""/>
  <member type="way" ref="788338406" role=""/>
  <member type="way" ref="1445934692" role=""/>
  <member type="way" ref="788338407" role=""/>
  <member type="way" ref="395505140" role=""/>
  <member type="way" ref="1365489270" role=""/>
  <member type="way" ref="1341445648" role=""/>
  <member type="way" ref="1504440047" role=""/>
  <member type="way" ref="1340064282" role=""/>
  <member type="way" ref="1340064283" role=""/>
  <member type="way" ref="334654365" role=""/>
  <member type="way" ref="334654367" role=""/>
  <member type="way" ref="1301730662" role=""/>
  <tag k="from" v="Electronic City"/>
  <tag k="name" v="MF378: Electronic City =&gt; Kengeri TTMC"/>
  <tag k="network" v="BMTC"/>
  <tag k="network:wikidata" v="Q3345039"/>
  <tag k="operator" v="BMTC"/>
  <tag k="public_transport:version" v="2"/>
  <tag k="route" v="bus"/>
  <tag k="to" v="Kengeri TTMC"/>
  <tag k="type" v="route"/>
  <tag k="via" v="Mylasandra;Gottigere;Konanakunte;Uttarahalli;"/>
 </relation>
 <relation id="19883489" visible="true" version="2" changeset="175156711" timestamp="2025-11-26T14:13:59Z" user="Vonter" uid="3926189">
  <member type="way" ref="1453722082" role="outer"/>
  <member type="way" ref="1453722633" role="outer"/>
  <member type="way" ref="1453722120" role="outer"/>
  <member type="way" ref="1453722209" role="outer"/>
  <member type="way" ref="1453722248" role="outer"/>
  <member type="way" ref="1453722081" role="outer"/>
  <member type="way" ref="1453722631" role="outer"/>
  <tag k="admin_level" v="10"/>
  <tag k="boundary" v="administrative"/>
  <tag k="local_authority:IN" v="ward"/>
  <tag k="name" v="Rajarajeshwari Nagara"/>
  <tag k="name:kn" v="ರಾಜರಾಜೇಶ್ವರಿ ನಗರ"/>
  <tag k="type" v="boundary"/>
  <tag k="ward" v="23"/>
 </relation>
 <relation id="19884528" visible="true" version="2" changeset="175156711" timestamp="2025-11-26T14:13:59Z" user="Vonter" uid="3926189">
  <member type="way" ref="1453722535" role="outer"/>
  <member type="way" ref="1453722249" role="outer"/>
  <member type="way" ref="1453722248" role="outer"/>
  <member type="way" ref="1453722247" role="outer"/>
  <member type="way" ref="1453722246" role="outer"/>
  <member type="way" ref="1453722245" role="outer"/>
  <member type="way" ref="1453722244" role="outer"/>
  <member type="way" ref="1453722286" role="outer"/>
  <member type="way" ref="1453722357" role="outer"/>
  <tag k="admin_level" v="10"/>
  <tag k="boundary" v="administrative"/>
  <tag k="local_authority:IN" v="ward"/>
  <tag k="name" v="Bangarappa Nagara"/>
  <tag k="name:kn" v="ಬಂಗಾರಪ್ಪ ನಗರ"/>
  <tag k="type" v="boundary"/>
  <tag k="ward" v="22"/>
 </relation>
</osm>
